{"type":"FeatureCollection","features":[{"type":"Feature","id":"ponto_entrega_voluntaria.1","geometry":{"type":"Point","coordinates":[355183.6744,7395705.8845]},"geometry_name":"ge_ponto","properties":{"cd_identificador_ponto_entrega_voluntaria":1,"cd_identificador_original":null,"nm_local":"44º Distrito Policial - Guaianases","nm_endereco":"Rua Salvador Gianetti, 386","qt_container":2,"nm_subprefeitura":"Guaianases"}},{"type":"Feature","id":"ponto_entrega_voluntaria.2","geometry":{"type":"Point","coordinates":[353597.6173,7394230.8569]},"geometry_name":"ge_ponto","properties":{"cd_identificador_ponto_entrega_voluntaria":2,"cd_identificador_original":null,"nm_local":"CDC Araújo","nm_endereco":"Rua Bernardino Prudenti, 192","qt_container":2,"nm_subprefeitura":"Itaquera"}},{"type":"Feature","id":"ponto_entrega_voluntaria.3","geometry":{"type":"Point","coordinates":[347320.5981,7401233.3329]},"geometry_name":"ge_ponto","properties":{"cd_identificador_ponto_entrega_voluntaria":3,"cd_identificador_original":null,"nm_local":"CDC Areão de Vila Cisper","nm_endereco":"Rua Barra de Santa Rosa","qt_container":1,"nm_subprefeitura":"Ermelino Matarazzo"}},{"type":"Feature","id":"ponto_entrega_voluntaria.4","geometry":{"type":"Point","coordinates":[348544.0194,7400760.7312]},"geometry_name":"ge_ponto","properties":{"cd_identificador_ponto_entrega_voluntaria":4,"cd_identificador_original":null,"nm_local":"CDC Benedicto Ramos","nm_endereco":"Rua Doutor Venâncio de Oliveira Lisboa, 242","qt_container":1,"nm_subprefeitura":"Ermelino Matarazzo"}},{"type":"Feature","id":"ponto_entrega_voluntaria.5","geometry":{"type":"Point","coordinates":[349394.8623,7394300.0472]},"geometry_name":"ge_ponto","properties":{"cd_identificador_ponto_entrega_voluntaria":5,"cd_identificador_original":null,"nm_local":"CDC Cidade Líder","nm_endereco":"Rua Casemiro Misskiniz, 157","qt_container":3,"nm_subprefeitura":"Itaquera"}},{"type":"Feature","id":"ponto_entrega_voluntaria.6","geometry":{"type":"Point","coordinates":[359819.1056,7401354.7296]},"geometry_name":"ge_ponto","properties":{"cd_identificador_ponto_entrega_voluntaria":6,"cd_identificador_original":null,"nm_local":"CDC Jardim das Oliveiras","nm_endereco":"Rua Osvaldo Corrêa & Rua Moisés Alves dos Santos","qt_container":2,"nm_subprefeitura":"Itaim Paulista"}},{"type":"Feature","id":"ponto_entrega_voluntaria.7","geometry":{"type":"Point","coordinates":[347568.3298,7392154.8177]},"geometry_name":"ge_ponto","properties":{"cd_identificador_ponto_entrega_voluntaria":7,"cd_identificador_original":null,"nm_local":"CDC União de Santa Tereza","nm_endereco":"Rua Astolfo Marques, 330","qt_container":3,"nm_subprefeitura":"Itaquera"}},{"type":"Feature","id":"ponto_entrega_voluntaria.8","geometry":{"type":"Point","coordinates":[349795.1831,7386447.9294]},"geometry_name":"ge_ponto","properties":{"cd_identificador_ponto_entrega_voluntaria":8,"cd_identificador_original":null,"nm_local":"CDC União do Parque São Rafael","nm_endereco":"Rua Frei Mateus de Assunção, 292","qt_container":2,"nm_subprefeitura":"São Mateus"}},{"type":"Feature","id":"ponto_entrega_voluntaria.9","geometry":{"type":"Point","coordinates":[352706.4338,7399281.0721]},"geometry_name":"ge_ponto","properties":{"cd_identificador_ponto_entrega_voluntaria":9,"cd_identificador_original":null,"nm_local":"Cemitério da Saudade","nm_endereco":"Avenida Pires do Rio, s/n","qt_container":1,"nm_subprefeitura":"São Miguel Paulista"}},{"type":"Feature","id":"ponto_entrega_voluntaria.10","geometry":{"type":"Point","coordinates":[351422.4374,7393864.0726]},"geometry_name":"ge_ponto","properties":{"cd_identificador_ponto_entrega_voluntaria":10,"cd_identificador_original":null,"nm_local":"Cemitério Itaquera","nm_endereco":"Rua Serra de São Domingos, 1579","qt_container":1,"nm_subprefeitura":"Itaquera"}},{"type":"Feature","id":"ponto_entrega_voluntaria.11","geometry":{"type":"Point","coordinates":[356503.7075,7390006.0756]},"geometry_name":"ge_ponto","properties":{"cd_identificador_ponto_entrega_voluntaria":11,"cd_identificador_original":null,"nm_local":"CEU Água Azul","nm_endereco":"Avenida dos Metalúrgicos, 1262","qt_container":3,"nm_subprefeitura":"Cidade Tiradentes"}},{"type":"Feature","id":"ponto_entrega_voluntaria.12","geometry":{"type":"Point","coordinates":[354448.4918,7388292.0368]},"geometry_name":"ge_ponto","properties":{"cd_identificador_ponto_entrega_voluntaria":12,"cd_identificador_original":null,"nm_local":"CEU Alto Alegre","nm_endereco":"Avenida Bento Guelfi, 18002","qt_container":1,"nm_subprefeitura":"São Mateus"}},{"type":"Feature","id":"ponto_entrega_voluntaria.13","geometry":{"type":"Point","coordinates":[356923.0156,7389500.7792]},"geometry_name":"ge_ponto","properties":{"cd_identificador_ponto_entrega_voluntaria":13,"cd_identificador_original":null,"nm_local":"Clube Escola André Vital Soares","nm_endereco":"Avenida dos Metalúrgicos, 2255","qt_container":1,"nm_subprefeitura":"Cidade Tiradentes"}},{"type":"Feature","id":"ponto_entrega_voluntaria.14","geometry":{"type":"Point","coordinates":[355161.5031,7400646.1602]},"geometry_name":"ge_ponto","properties":{"cd_identificador_ponto_entrega_voluntaria":14,"cd_identificador_original":null,"nm_local":"Clube Escola Curuçá","nm_endereco":"Rua Grapirá, 537","qt_container":1,"nm_subprefeitura":"Itaim Paulista"}},{"type":"Feature","id":"ponto_entrega_voluntaria.15","geometry":{"type":"Point","coordinates":[353328.2497,7395153.0801]},"geometry_name":"ge_ponto","properties":{"cd_identificador_ponto_entrega_voluntaria":15,"cd_identificador_original":null,"nm_local":"Clube Escola José Bonifácio","nm_endereco":"Rua Ana Perena, 110","qt_container":2,"nm_subprefeitura":"Itaquera"}},{"type":"Feature","id":"ponto_entrega_voluntaria.16","geometry":{"type":"Point","coordinates":[350665.625,7388335.1009]},"geometry_name":"ge_ponto","properties":{"cd_identificador_ponto_entrega_voluntaria":16,"cd_identificador_original":null,"nm_local":"Condomínio Recanto das Árvores","nm_endereco":"Rua Antares, 15","qt_container":2,"nm_subprefeitura":"São Mateus"}},{"type":"Feature","id":"ponto_entrega_voluntaria.17","geometry":{"type":"Point","coordinates":[350561.3706,7387474.3224]},"geometry_name":"ge_ponto","properties":{"cd_identificador_ponto_entrega_voluntaria":17,"cd_identificador_original":null,"nm_local":"Condomínio Santa Bárbara","nm_endereco":"Rua Escorpião, 550","qt_container":8,"nm_subprefeitura":"São Mateus"}},{"type":"Feature","id":"ponto_entrega_voluntaria.18","geometry":{"type":"Point","coordinates":[351894.4955,7393037.0667]},"geometry_name":"ge_ponto","properties":{"cd_identificador_ponto_entrega_voluntaria":18,"cd_identificador_original":null,"nm_local":"Corpus - Garagem Pesqueiro","nm_endereco":"Rua Itália Giusti, 811","qt_container":19,"nm_subprefeitura":"Itaquera"}},{"type":"Feature","id":"ponto_entrega_voluntaria.19","geometry":{"type":"Point","coordinates":[355140.1608,7401256.1312]},"geometry_name":"ge_ponto","properties":{"cd_identificador_ponto_entrega_voluntaria":19,"cd_identificador_original":null,"nm_local":"Corpus - Garagem Vila Mara","nm_endereco":"Rua Bela Vista de Minas, 926","qt_container":2,"nm_subprefeitura":"São Miguel Paulista"}},{"type":"Feature","id":"ponto_entrega_voluntaria.20","geometry":{"type":"Point","coordinates":[348375.2044,7399919.1041]},"geometry_name":"ge_ponto","properties":{"cd_identificador_ponto_entrega_voluntaria":20,"cd_identificador_original":null,"nm_local":"Ecoponto Boturussu","nm_endereco":"Rua Nélio Batista Guimarães, 183","qt_container":4,"nm_subprefeitura":"Ermelino Matarazzo"}},{"type":"Feature","id":"ponto_entrega_voluntaria.21","geometry":{"type":"Point","coordinates":[353854.3064,7396231.212]},"geometry_name":"ge_ponto","properties":{"cd_identificador_ponto_entrega_voluntaria":21,"cd_identificador_original":null,"nm_local":"Ecoponto Caldeirão","nm_endereco":"Rua Major Vitorino de Souza Rocha, 148","qt_container":3,"nm_subprefeitura":"Itaquera"}},{"type":"Feature","id":"ponto_entrega_voluntaria.22","geometry":{"type":"Point","coordinates":[357706.1896,7401535.9393]},"geometry_name":"ge_ponto","properties":{"cd_identificador_ponto_entrega_voluntaria":22,"cd_identificador_original":null,"nm_local":"Ecoponto Carlito Maia","nm_endereco":"Rua Domingos Fernandes Nobre, 109","qt_container":5,"nm_subprefeitura":"São Miguel Paulista"}},{"type":"Feature","id":"ponto_entrega_voluntaria.23","geometry":{"type":"Point","coordinates":[347212.9851,7393386.6975]},"geometry_name":"ge_ponto","properties":{"cd_identificador_ponto_entrega_voluntaria":23,"cd_identificador_original":null,"nm_local":"Ecoponto Cidade Líder","nm_endereco":"Rua Charles Manguin, 20","qt_container":6,"nm_subprefeitura":"Itaquera"}},{"type":"Feature","id":"ponto_entrega_voluntaria.24","geometry":{"type":"Point","coordinates":[350870.2683,7386036.3625]},"geometry_name":"ge_ponto","properties":{"cd_identificador_ponto_entrega_voluntaria":24,"cd_identificador_original":null,"nm_local":"Ecoponto Cipoaba","nm_endereco":"Rua Padre Luís de Siqueira, 947","qt_container":5,"nm_subprefeitura":"São Mateus"}},{"type":"Feature","id":"ponto_entrega_voluntaria.25","geometry":{"type":"Point","coordinates":[353317.5286,7395081.876]},"geometry_name":"ge_ponto","properties":{"cd_identificador_ponto_entrega_voluntaria":25,"cd_identificador_original":null,"nm_local":"Ecoponto Corinthians","nm_endereco":"Rua Ana Perena, 155","qt_container":7,"nm_subprefeitura":"Itaquera"}},{"type":"Feature","id":"ponto_entrega_voluntaria.26","geometry":{"type":"Point","coordinates":[354900.7746,7398817.4635]},"geometry_name":"ge_ponto","properties":{"cd_identificador_ponto_entrega_voluntaria":26,"cd_identificador_original":null,"nm_local":"Ecoponto Flamingo","nm_endereco":"Rua Alexandre Dias Nogueira, 353","qt_container":6,"nm_subprefeitura":"Itaim Paulista"}},{"type":"Feature","id":"ponto_entrega_voluntaria.27","geometry":{"type":"Point","coordinates":[355750.1867,7394279.925]},"geometry_name":"ge_ponto","properties":{"cd_identificador_ponto_entrega_voluntaria":27,"cd_identificador_original":null,"nm_local":"Ecoponto Guaiaponto","nm_endereco":"Rua da Passagem Funda, 250","qt_container":7,"nm_subprefeitura":"Guaianases"}},{"type":"Feature","id":"ponto_entrega_voluntaria.28","geometry":{"type":"Point","coordinates":[351889.6694,7388610.3712]},"geometry_name":"ge_ponto","properties":{"cd_identificador_ponto_entrega_voluntaria":28,"cd_identificador_original":null,"nm_local":"Ecoponto Iguatemi","nm_endereco":"Rua Francisco de Melo Palheta, 1548","qt_container":8,"nm_subprefeitura":"São Mateus"}},{"type":"Feature","id":"ponto_entrega_voluntaria.29","geometry":{"type":"Point","coordinates":[351287.6314,7398825.5502]},"geometry_name":"ge_ponto","properties":{"cd_identificador_ponto_entrega_voluntaria":29,"cd_identificador_original":null,"nm_local":"Ecoponto Imperador","nm_endereco":"Avenida Ribeirão Jacu, 201 (Baixos do Viaduto Jacu Pêssego)","qt_container":3,"nm_subprefeitura":"São Miguel Paulista"}},{"type":"Feature","id":"ponto_entrega_voluntaria.30","geometry":{"type":"Point","coordinates":[356978.1284,7392315.2549]},"geometry_name":"ge_ponto","properties":{"cd_identificador_ponto_entrega_voluntaria":30,"cd_identificador_original":null,"nm_local":"Ecoponto Inácio Monteiro","nm_endereco":"Rua Cachoeira Morena, 1190","qt_container":7,"nm_subprefeitura":"Cidade Tiradentes"}},{"type":"Feature","id":"ponto_entrega_voluntaria.31","geometry":{"type":"Point","coordinates":[353724.6581,7399297.4676]},"geometry_name":"ge_ponto","properties":{"cd_identificador_ponto_entrega_voluntaria":31,"cd_identificador_original":null,"nm_local":"Ecoponto Itaqueruna","nm_endereco":"Rua Domitília d'Abril, 88","qt_container":7,"nm_subprefeitura":"São Miguel Paulista"}},{"type":"Feature","id":"ponto_entrega_voluntaria.32","geometry":{"type":"Point","coordinates":[351674.7906,7401338.8991]},"geometry_name":"ge_ponto","properties":{"cd_identificador_ponto_entrega_voluntaria":32,"cd_identificador_original":null,"nm_local":"Ecoponto Jardim Lapena","nm_endereco":"Rua Rafael Zimbardi, 78 (Baixos do Viaduto)","qt_container":2,"nm_subprefeitura":"São Miguel Paulista"}},{"type":"Feature","id":"ponto_entrega_voluntaria.33","geometry":{"type":"Point","coordinates":[348628.8659,7397786.1333]},"geometry_name":"ge_ponto","properties":{"cd_identificador_ponto_entrega_voluntaria":33,"cd_identificador_original":null,"nm_local":"Ecoponto Jardim São Nicolau","nm_endereco":"Rua Agreste de Itabaiana, 590","qt_container":6,"nm_subprefeitura":"Ermelino Matarazzo"}},{"type":"Feature","id":"ponto_entrega_voluntaria.34","geometry":{"type":"Point","coordinates":[357288.0851,7393187.6002]},"geometry_name":"ge_ponto","properties":{"cd_identificador_ponto_entrega_voluntaria":34,"cd_identificador_original":null,"nm_local":"Ecoponto Jardim São Paulo","nm_endereco":"Rua Utaro Kanai, 374","qt_container":7,"nm_subprefeitura":"Guaianases"}},{"type":"Feature","id":"ponto_entrega_voluntaria.35","geometry":{"type":"Point","coordinates":[348131.3204,7387098.4931]},"geometry_name":"ge_ponto","properties":{"cd_identificador_ponto_entrega_voluntaria":35,"cd_identificador_original":null,"nm_local":"Ecoponto Joaquim Catuna","nm_endereco":"Rua Luca Conforti, 210","qt_container":2,"nm_subprefeitura":"Sapopemba"}},{"type":"Feature","id":"ponto_entrega_voluntaria.36","geometry":{"type":"Point","coordinates":[356447.2682,7397005.4703]},"geometry_name":"ge_ponto","properties":{"cd_identificador_ponto_entrega_voluntaria":36,"cd_identificador_original":null,"nm_local":"Ecoponto Lajeado","nm_endereco":"Rua Isabela, 405","qt_container":4,"nm_subprefeitura":"Guaianases"}},{"type":"Feature","id":"ponto_entrega_voluntaria.37","geometry":{"type":"Point","coordinates":[352450.9124,7386172.714]},"geometry_name":"ge_ponto","properties":{"cd_identificador_ponto_entrega_voluntaria":37,"cd_identificador_original":null,"nm_local":"Ecoponto Lima Bonfante","nm_endereco":"Rua Capitão Mor Lázaro da Costa, 251","qt_container":6,"nm_subprefeitura":"São Mateus"}},{"type":"Feature","id":"ponto_entrega_voluntaria.38","geometry":{"type":"Point","coordinates":[355337.5975,7399464.0783]},"geometry_name":"ge_ponto","properties":{"cd_identificador_ponto_entrega_voluntaria":38,"cd_identificador_original":null,"nm_local":"Ecoponto Mãe Preta","nm_endereco":"Avenida Dama Entre Verdes, 21","qt_container":9,"nm_subprefeitura":"Itaim Paulista"}},{"type":"Feature","id":"ponto_entrega_voluntaria.39","geometry":{"type":"Point","coordinates":[347411.7556,7391566.8961]},"geometry_name":"ge_ponto","properties":{"cd_identificador_ponto_entrega_voluntaria":39,"cd_identificador_original":null,"nm_local":"Ecoponto Montalvânia","nm_endereco":"Rua Montalvânia, 195","qt_container":6,"nm_subprefeitura":"São Mateus"}},{"type":"Feature","id":"ponto_entrega_voluntaria.40","geometry":{"type":"Point","coordinates":[360002.8809,7400719.7374]},"geometry_name":"ge_ponto","properties":{"cd_identificador_ponto_entrega_voluntaria":40,"cd_identificador_original":null,"nm_local":"Ecoponto Moreira","nm_endereco":"Rua João Batista de Godoy, 1164","qt_container":6,"nm_subprefeitura":"Itaim Paulista"}},{"type":"Feature","id":"ponto_entrega_voluntaria.41","geometry":{"type":"Point","coordinates":[355596.0783,7390039.2106]},"geometry_name":"ge_ponto","properties":{"cd_identificador_ponto_entrega_voluntaria":41,"cd_identificador_original":null,"nm_local":"Ecoponto Nascer do Sol","nm_endereco":"Rua Nascer do Sol, 356","qt_container":5,"nm_subprefeitura":"Cidade Tiradentes"}},{"type":"Feature","id":"ponto_entrega_voluntaria.42","geometry":{"type":"Point","coordinates":[347767.797,7394076.114]},"geometry_name":"ge_ponto","properties":{"cd_identificador_ponto_entrega_voluntaria":42,"cd_identificador_original":null,"nm_local":"Ecoponto Osvaldo Valle Cordeiro","nm_endereco":"Avenida Osvaldo Valle Cordeiro, 405","qt_container":9,"nm_subprefeitura":"Itaquera"}},{"type":"Feature","id":"ponto_entrega_voluntaria.43","geometry":{"type":"Point","coordinates":[354122.3321,7398127.569]},"geometry_name":"ge_ponto","properties":{"cd_identificador_ponto_entrega_voluntaria":43,"cd_identificador_original":null,"nm_local":"Ecoponto Padre Nildo do Amaral","nm_endereco":"Rua Padre Nildo do Amaral Junior, 900","qt_container":2,"nm_subprefeitura":"Guaianases"}},{"type":"Feature","id":"ponto_entrega_voluntaria.44","geometry":{"type":"Point","coordinates":[348324.3013,7391605.633]},"geometry_name":"ge_ponto","properties":{"cd_identificador_ponto_entrega_voluntaria":44,"cd_identificador_original":null,"nm_local":"Ecoponto Parque do Carmo","nm_endereco":"Rua Machado Nunes, 95","qt_container":5,"nm_subprefeitura":"Itaquera"}},{"type":"Feature","id":"ponto_entrega_voluntaria.45","geometry":{"type":"Point","coordinates":[350571.5028,7398048.6016]},"geometry_name":"ge_ponto","properties":{"cd_identificador_ponto_entrega_voluntaria":45,"cd_identificador_original":null,"nm_local":"Ecoponto Parque Guarani","nm_endereco":"Rua Manuel Alves da Rocha, 584","qt_container":5,"nm_subprefeitura":"Itaquera"}},{"type":"Feature","id":"ponto_entrega_voluntaria.46","geometry":{"type":"Point","coordinates":[350688.0236,7399642.2765]},"geometry_name":"ge_ponto","properties":{"cd_identificador_ponto_entrega_voluntaria":46,"cd_identificador_original":null,"nm_local":"Ecoponto Pedro Nunes","nm_endereco":"Rua da Polka, 100","qt_container":7,"nm_subprefeitura":"São Miguel Paulista"}},{"type":"Feature","id":"ponto_entrega_voluntaria.47","geometry":{"type":"Point","coordinates":[358132.6328,7400287.8266]},"geometry_name":"ge_ponto","properties":{"cd_identificador_ponto_entrega_voluntaria":47,"cd_identificador_original":null,"nm_local":"Ecoponto Pesqueiro","nm_endereco":"Rua Caiuás, 18","qt_container":7,"nm_subprefeitura":"Itaim Paulista"}},{"type":"Feature","id":"ponto_entrega_voluntaria.48","geometry":{"type":"Point","coordinates":[345158.1891,7388406.1683]},"geometry_name":"ge_ponto","properties":{"cd_identificador_ponto_entrega_voluntaria":48,"cd_identificador_original":null,"nm_local":"Ecoponto Reynaldo José","nm_endereco":"Rua Silvestro Silvestri, 400","qt_container":2,"nm_subprefeitura":"Sapopemba"}},{"type":"Feature","id":"ponto_entrega_voluntaria.49","geometry":{"type":"Point","coordinates":[347280.6329,7388654.3454]},"geometry_name":"ge_ponto","properties":{"cd_identificador_ponto_entrega_voluntaria":49,"cd_identificador_original":null,"nm_local":"Ecoponto Sapopemba","nm_endereco":"Rua Francesco Usper, 550","qt_container":7,"nm_subprefeitura":"Sapopemba"}},{"type":"Feature","id":"ponto_entrega_voluntaria.50","geometry":{"type":"Point","coordinates":[357503.6062,7390870.788]},"geometry_name":"ge_ponto","properties":{"cd_identificador_ponto_entrega_voluntaria":50,"cd_identificador_original":null,"nm_local":"Ecoponto Setor G","nm_endereco":"Rua Alfonso Asturaro, 600","qt_container":5,"nm_subprefeitura":"Cidade Tiradentes"}},{"type":"Feature","id":"ponto_entrega_voluntaria.51","geometry":{"type":"Point","coordinates":[351033.565,7401740.4905]},"geometry_name":"ge_ponto","properties":{"cd_identificador_ponto_entrega_voluntaria":51,"cd_identificador_original":null,"nm_local":"Ecoponto Varre Vila","nm_endereco":"Rua Primeiro de Maio, 106","qt_container":1,"nm_subprefeitura":"São Miguel Paulista"}},{"type":"Feature","id":"ponto_entrega_voluntaria.52","geometry":{"type":"Point","coordinates":[346051.2083,7386660.2765]},"geometry_name":"ge_ponto","properties":{"cd_identificador_ponto_entrega_voluntaria":52,"cd_identificador_original":null,"nm_local":"Ecoponto Vila Cardoso Franco","nm_endereco":"Rua dos Vorás, 25","qt_container":9,"nm_subprefeitura":"Sapopemba"}},{"type":"Feature","id":"ponto_entrega_voluntaria.53","geometry":{"type":"Point","coordinates":[349686.3485,7399323.0683]},"geometry_name":"ge_ponto","properties":{"cd_identificador_ponto_entrega_voluntaria":53,"cd_identificador_original":null,"nm_local":"Ecoponto Vitória Popular","nm_endereco":"Rua El Rey, 508","qt_container":2,"nm_subprefeitura":"São Miguel Paulista"}},{"type":"Feature","id":"ponto_entrega_voluntaria.54","geometry":{"type":"Point","coordinates":[348605.345,7398481.3645]},"geometry_name":"ge_ponto","properties":{"cd_identificador_ponto_entrega_voluntaria":54,"cd_identificador_original":null,"nm_local":"GCM - Comando Operacional Leste","nm_endereco":"Estrada de Mogi das Cruzes, 1860","qt_container":1,"nm_subprefeitura":"Ermelino Matarazzo"}},{"type":"Feature","id":"ponto_entrega_voluntaria.55","geometry":{"type":"Point","coordinates":[357862.4745,7390072.5199]},"geometry_name":"ge_ponto","properties":{"cd_identificador_ponto_entrega_voluntaria":55,"cd_identificador_original":null,"nm_local":"Parque da Consciência Negra","nm_endereco":"Rua José Francisco Brandão, 320","qt_container":2,"nm_subprefeitura":"Cidade Tiradentes"}},{"type":"Feature","id":"ponto_entrega_voluntaria.56","geometry":{"type":"Point","coordinates":[357125.899,7392130.655]},"geometry_name":"ge_ponto","properties":{"cd_identificador_ponto_entrega_voluntaria":56,"cd_identificador_original":null,"nm_local":"Parque do Rodeio","nm_endereco":"Rua Igarapé da Bela Aurora, 312","qt_container":1,"nm_subprefeitura":"Cidade Tiradentes"}},{"type":"Feature","id":"ponto_entrega_voluntaria.57","geometry":{"type":"Point","coordinates":[351459.5404,7401766.8455]},"geometry_name":"ge_ponto","properties":{"cd_identificador_ponto_entrega_voluntaria":57,"cd_identificador_original":null,"nm_local":"Parque Jacuí","nm_endereco":"Rua Catléias, 911","qt_container":4,"nm_subprefeitura":"São Miguel Paulista"}},{"type":"Feature","id":"ponto_entrega_voluntaria.58","geometry":{"type":"Point","coordinates":[349001.5689,7400485.3766]},"geometry_name":"ge_ponto","properties":{"cd_identificador_ponto_entrega_voluntaria":58,"cd_identificador_original":null,"nm_local":"Parque Linear Mongaguá","nm_endereco":"Rua Professor Antônio de Castro Lopes, 850","qt_container":2,"nm_subprefeitura":"Ermelino Matarazzo"}},{"type":"Feature","id":"ponto_entrega_voluntaria.59","geometry":{"type":"Point","coordinates":[350668.5943,7387795.6941]},"geometry_name":"ge_ponto","properties":{"cd_identificador_ponto_entrega_voluntaria":59,"cd_identificador_original":null,"nm_local":"Parque Nebulosa","nm_endereco":"Rua Libra, 152","qt_container":1,"nm_subprefeitura":"São Mateus"}},{"type":"Feature","id":"ponto_entrega_voluntaria.60","geometry":{"type":"Point","coordinates":[349439.3349,7387974.6494]},"geometry_name":"ge_ponto","properties":{"cd_identificador_ponto_entrega_voluntaria":60,"cd_identificador_original":null,"nm_local":"PM - Posto Policial","nm_endereco":"Praça Felisberto Fernandes da Silva","qt_container":4,"nm_subprefeitura":"São Mateus"}},{"type":"Feature","id":"ponto_entrega_voluntaria.61","geometry":{"type":"Point","coordinates":[354770.9511,7395534.9081]},"geometry_name":"ge_ponto","properties":{"cd_identificador_ponto_entrega_voluntaria":61,"cd_identificador_original":null,"nm_local":"Praça","nm_endereco":"Avenida Ribeirão de Itaquera, 70","qt_container":1,"nm_subprefeitura":"Guaianases"}},{"type":"Feature","id":"ponto_entrega_voluntaria.62","geometry":{"type":"Point","coordinates":[350641.4348,7386113.3132]},"geometry_name":"ge_ponto","properties":{"cd_identificador_ponto_entrega_voluntaria":62,"cd_identificador_original":null,"nm_local":"Praça","nm_endereco":"Rua Padre Luís de Siqueira, 32","qt_container":1,"nm_subprefeitura":"São Mateus"}},{"type":"Feature","id":"ponto_entrega_voluntaria.63","geometry":{"type":"Point","coordinates":[346604.7713,7389806.2196]},"geometry_name":"ge_ponto","properties":{"cd_identificador_ponto_entrega_voluntaria":63,"cd_identificador_original":null,"nm_local":"Praça Catas Altas","nm_endereco":"Rua Cachoeira do Campo, 290","qt_container":1,"nm_subprefeitura":"São Mateus"}},{"type":"Feature","id":"ponto_entrega_voluntaria.64","geometry":{"type":"Point","coordinates":[350507.1253,7388167.361]},"geometry_name":"ge_ponto","properties":{"cd_identificador_ponto_entrega_voluntaria":64,"cd_identificador_original":null,"nm_local":"Praça Edgard Carioca de Araújo","nm_endereco":"Rua Plutão & Rua Oberon","qt_container":1,"nm_subprefeitura":"São Mateus"}},{"type":"Feature","id":"ponto_entrega_voluntaria.65","geometry":{"type":"Point","coordinates":[346302.5814,7399008.3556]},"geometry_name":"ge_ponto","properties":{"cd_identificador_ponto_entrega_voluntaria":65,"cd_identificador_original":null,"nm_local":"SP/EM - SAE DST/AIDS","nm_endereco":"Rua Peixoto, 100","qt_container":1,"nm_subprefeitura":"Ermelino Matarazzo"}},{"type":"Feature","id":"ponto_entrega_voluntaria.66","geometry":{"type":"Point","coordinates":[356287.1316,7395011.671]},"geometry_name":"ge_ponto","properties":{"cd_identificador_ponto_entrega_voluntaria":66,"cd_identificador_original":null,"nm_local":"SP/G - Unidade de Áreas Verdes","nm_endereco":"Rua Otelo Augusto Ribeiro, 582","qt_container":1,"nm_subprefeitura":"Guaianases"}},{"type":"Feature","id":"ponto_entrega_voluntaria.67","geometry":{"type":"Point","coordinates":[356581.7651,7396304.6919]},"geometry_name":"ge_ponto","properties":{"cd_identificador_ponto_entrega_voluntaria":67,"cd_identificador_original":null,"nm_local":"UBS Chabilândia","nm_endereco":"Estrada do Lageado Velho, 76","qt_container":1,"nm_subprefeitura":"Guaianases"}},{"type":"Feature","id":"ponto_entrega_voluntaria.68","geometry":{"type":"Point","coordinates":[347699.1536,7401467.615]},"geometry_name":"ge_ponto","properties":{"cd_identificador_ponto_entrega_voluntaria":68,"cd_identificador_original":null,"nm_local":"UBS Vila Cisper","nm_endereco":"Rua Caculé, 79","qt_container":1,"nm_subprefeitura":"Ermelino Matarazzo"}},{"type":"Feature","id":"ponto_entrega_voluntaria.69","geometry":{"type":"Point","coordinates":[353691.4466,7398736.783]},"geometry_name":"ge_ponto","properties":{"cd_identificador_ponto_entrega_voluntaria":69,"cd_identificador_original":null,"nm_local":"UBS Vila Progresso","nm_endereco":"Rua Real Horto, 115","qt_container":1,"nm_subprefeitura":"São Miguel Paulista"}},{"type":"Feature","id":"ponto_entrega_voluntaria.70","geometry":{"type":"Point","coordinates":[335391.458,7392934.3563]},"geometry_name":"ge_ponto","properties":{"cd_identificador_ponto_entrega_voluntaria":70,"cd_identificador_original":null,"nm_local":"4º Comando Aéreo Regional","nm_endereco":"Praça Professor Oswaldo Vicenzo","qt_container":1,"nm_subprefeitura":"Sé"}},{"type":"Feature","id":"ponto_entrega_voluntaria.71","geometry":{"type":"Point","coordinates":[334926.8015,7397927.2311]},"geometry_name":"ge_ponto","properties":{"cd_identificador_ponto_entrega_voluntaria":71,"cd_identificador_original":null,"nm_local":"AMLURB","nm_endereco":"Rua Azurita, 100","qt_container":3,"nm_subprefeitura":"Mooca"}},{"type":"Feature","id":"ponto_entrega_voluntaria.72","geometry":{"type":"Point","coordinates":[332540.4752,7395484.6361]},"geometry_name":"ge_ponto","properties":{"cd_identificador_ponto_entrega_voluntaria":72,"cd_identificador_original":null,"nm_local":"Avenida Ipiranga & Avenida São João","nm_endereco":"Avenida Ipiranga & Avenida São João","qt_container":2,"nm_subprefeitura":"Sé"}},{"type":"Feature","id":"ponto_entrega_voluntaria.73","geometry":{"type":"Point","coordinates":[332590.5151,7395484.101]},"geometry_name":"ge_ponto","properties":{"cd_identificador_ponto_entrega_voluntaria":73,"cd_identificador_original":null,"nm_local":"Avenida Ipiranga & Avenida São João","nm_endereco":"Avenida Ipiranga & Avenida São João","qt_container":2,"nm_subprefeitura":"Sé"}},{"type":"Feature","id":"ponto_entrega_voluntaria.74","geometry":{"type":"Point","coordinates":[332570.2858,7395467.2567]},"geometry_name":"ge_ponto","properties":{"cd_identificador_ponto_entrega_voluntaria":74,"cd_identificador_original":null,"nm_local":"Avenida Ipiranga & Avenida São João","nm_endereco":"Avenida Ipiranga & Avenida São João","qt_container":2,"nm_subprefeitura":"Sé"}},{"type":"Feature","id":"ponto_entrega_voluntaria.253","geometry":{"type":"Point","coordinates":[329696.2217,7382202.372]},"geometry_name":"ge_ponto","properties":{"cd_identificador_ponto_entrega_voluntaria":253,"cd_identificador_original":null,"nm_local":"UBS Jardim Umuarama","nm_endereco":"Rua Antônio Gil, 721","qt_container":3,"nm_subprefeitura":"Cidade Ademar"}},{"type":"Feature","id":"ponto_entrega_voluntaria.75","geometry":{"type":"Point","coordinates":[332194.3983,7395121.8327]},"geometry_name":"ge_ponto","properties":{"cd_identificador_ponto_entrega_voluntaria":75,"cd_identificador_original":null,"nm_local":"Avenida Ipiranga & Rua José Paulo Mantovan Freire","nm_endereco":"Avenida Ipiranga, 318","qt_container":1,"nm_subprefeitura":"Sé"}},{"type":"Feature","id":"ponto_entrega_voluntaria.76","geometry":{"type":"Point","coordinates":[332163.5797,7395138.0923]},"geometry_name":"ge_ponto","properties":{"cd_identificador_ponto_entrega_voluntaria":76,"cd_identificador_original":null,"nm_local":"Avenida Ipiranga & Rua Major Sertório","nm_endereco":"Avenida Ipiranga, 313","qt_container":1,"nm_subprefeitura":"Sé"}},{"type":"Feature","id":"ponto_entrega_voluntaria.77","geometry":{"type":"Point","coordinates":[333434.2582,7397161.6567]},"geometry_name":"ge_ponto","properties":{"cd_identificador_ponto_entrega_voluntaria":77,"cd_identificador_original":null,"nm_local":"Avenida Santos Dumont","nm_endereco":"Avenida Santos Dumont, 145","qt_container":1,"nm_subprefeitura":"Sé"}},{"type":"Feature","id":"ponto_entrega_voluntaria.78","geometry":{"type":"Point","coordinates":[332355.1179,7394729.3933]},"geometry_name":"ge_ponto","properties":{"cd_identificador_ponto_entrega_voluntaria":78,"cd_identificador_original":null,"nm_local":"baixo do Viaduto Nove de Julho","nm_endereco":"Rua Álvaro de Carvalho, 197","qt_container":4,"nm_subprefeitura":"Sé"}},{"type":"Feature","id":"ponto_entrega_voluntaria.79","geometry":{"type":"Point","coordinates":[331671.308,7395147.9446]},"geometry_name":"ge_ponto","properties":{"cd_identificador_ponto_entrega_voluntaria":79,"cd_identificador_original":null,"nm_local":"Base Comunitária Polícia Militar","nm_endereco":"Rua Major Sertório, 517","qt_container":1,"nm_subprefeitura":"Sé"}},{"type":"Feature","id":"ponto_entrega_voluntaria.80","geometry":{"type":"Point","coordinates":[332441.5154,7394941.9213]},"geometry_name":"ge_ponto","properties":{"cd_identificador_ponto_entrega_voluntaria":80,"cd_identificador_original":null,"nm_local":"Biblioteca Mário de Andrade","nm_endereco":"Rua Doutor Bráulio Gomes, 139","qt_container":4,"nm_subprefeitura":"Sé"}},{"type":"Feature","id":"ponto_entrega_voluntaria.81","geometry":{"type":"Point","coordinates":[330849.1824,7394013.2056]},"geometry_name":"ge_ponto","properties":{"cd_identificador_ponto_entrega_voluntaria":81,"cd_identificador_original":null,"nm_local":"Carrefour Express","nm_endereco":"Rua Augusta, 1305","qt_container":4,"nm_subprefeitura":"Sé"}},{"type":"Feature","id":"ponto_entrega_voluntaria.82","geometry":{"type":"Point","coordinates":[332259.5074,7395499.1397]},"geometry_name":"ge_ponto","properties":{"cd_identificador_ponto_entrega_voluntaria":82,"cd_identificador_original":null,"nm_local":"Carrefour Express","nm_endereco":"Avenida Vieira de Carvalho, 48","qt_container":2,"nm_subprefeitura":"Sé"}},{"type":"Feature","id":"ponto_entrega_voluntaria.83","geometry":{"type":"Point","coordinates":[333423.9834,7397077.3681]},"geometry_name":"ge_ponto","properties":{"cd_identificador_ponto_entrega_voluntaria":83,"cd_identificador_original":null,"nm_local":"Catedral Ortodoxa Armênia de São Jorge","nm_endereco":"Avenida Santos Dumont, 55","qt_container":1,"nm_subprefeitura":"Sé"}},{"type":"Feature","id":"ponto_entrega_voluntaria.84","geometry":{"type":"Point","coordinates":[332088.1022,7393707.4008]},"geometry_name":"ge_ponto","properties":{"cd_identificador_ponto_entrega_voluntaria":84,"cd_identificador_original":null,"nm_local":"Cine-teatro Denoy de Oliveira","nm_endereco":"Rua Rui Barbosa, 323","qt_container":2,"nm_subprefeitura":"Sé"}},{"type":"Feature","id":"ponto_entrega_voluntaria.85","geometry":{"type":"Point","coordinates":[332915.888,7394710.3336]},"geometry_name":"ge_ponto","properties":{"cd_identificador_ponto_entrega_voluntaria":85,"cd_identificador_original":null,"nm_local":"Deck São Francisco","nm_endereco":"Praça Ouvidor Pacheco e Silva","qt_container":2,"nm_subprefeitura":"Sé"}},{"type":"Feature","id":"ponto_entrega_voluntaria.86","geometry":{"type":"Point","coordinates":[338653.7366,7395386.0612]},"geometry_name":"ge_ponto","properties":{"cd_identificador_ponto_entrega_voluntaria":86,"cd_identificador_original":null,"nm_local":"Ecoponto Água Rasa","nm_endereco":"Avenida Salim Farah Maluf, 1500","qt_container":4,"nm_subprefeitura":"Mooca"}},{"type":"Feature","id":"ponto_entrega_voluntaria.87","geometry":{"type":"Point","coordinates":[333818.5095,7397767.4042]},"geometry_name":"ge_ponto","properties":{"cd_identificador_ponto_entrega_voluntaria":87,"cd_identificador_original":null,"nm_local":"Ecoponto Armênia","nm_endereco":"Rua General Carmona, 156","qt_container":4,"nm_subprefeitura":"Sé"}},{"type":"Feature","id":"ponto_entrega_voluntaria.88","geometry":{"type":"Point","coordinates":[331705.3307,7397162.9389]},"geometry_name":"ge_ponto","properties":{"cd_identificador_ponto_entrega_voluntaria":88,"cd_identificador_original":null,"nm_local":"Ecoponto Barra Funda","nm_endereco":"Rua Cônego Vicente Miguel Marino, 76","qt_container":4,"nm_subprefeitura":"Sé"}},{"type":"Feature","id":"ponto_entrega_voluntaria.89","geometry":{"type":"Point","coordinates":[337296.1052,7395444.1287]},"geometry_name":"ge_ponto","properties":{"cd_identificador_ponto_entrega_voluntaria":89,"cd_identificador_original":null,"nm_local":"Ecoponto Belém","nm_endereco":"Rua Belarmino Matos, 26","qt_container":7,"nm_subprefeitura":"Mooca"}},{"type":"Feature","id":"ponto_entrega_voluntaria.90","geometry":{"type":"Point","coordinates":[335599.1012,7394170.3542]},"geometry_name":"ge_ponto","properties":{"cd_identificador_ponto_entrega_voluntaria":90,"cd_identificador_original":null,"nm_local":"Ecoponto Brás","nm_endereco":"Avenida Presidente Wilson, 1","qt_container":4,"nm_subprefeitura":"Mooca"}},{"type":"Feature","id":"ponto_entrega_voluntaria.91","geometry":{"type":"Point","coordinates":[336104.2984,7395281.319]},"geometry_name":"ge_ponto","properties":{"cd_identificador_ponto_entrega_voluntaria":91,"cd_identificador_original":null,"nm_local":"Ecoponto Bresser","nm_endereco":"Praça Giuseppe Cesari, 54","qt_container":9,"nm_subprefeitura":"Mooca"}},{"type":"Feature","id":"ponto_entrega_voluntaria.92","geometry":{"type":"Point","coordinates":[335547.749,7393016.8529]},"geometry_name":"ge_ponto","properties":{"cd_identificador_ponto_entrega_voluntaria":92,"cd_identificador_original":null,"nm_local":"Ecoponto Cambuci","nm_endereco":"Avenida Dom Pedro I, 38","qt_container":4,"nm_subprefeitura":"Sé"}},{"type":"Feature","id":"ponto_entrega_voluntaria.93","geometry":{"type":"Point","coordinates":[332215.2836,7397844.3812]},"geometry_name":"ge_ponto","properties":{"cd_identificador_ponto_entrega_voluntaria":93,"cd_identificador_original":null,"nm_local":"Ecoponto General Flores","nm_endereco":"Rua General Flores, 600","qt_container":2,"nm_subprefeitura":"Sé"}},{"type":"Feature","id":"ponto_entrega_voluntaria.94","geometry":{"type":"Point","coordinates":[333980.3839,7394209.666]},"geometry_name":"ge_ponto","properties":{"cd_identificador_ponto_entrega_voluntaria":94,"cd_identificador_original":null,"nm_local":"Ecoponto Glicério","nm_endereco":"Rua Antônio de Sá","qt_container":2,"nm_subprefeitura":"Sé"}},{"type":"Feature","id":"ponto_entrega_voluntaria.95","geometry":{"type":"Point","coordinates":[332912.806,7393907.3397]},"geometry_name":"ge_ponto","properties":{"cd_identificador_ponto_entrega_voluntaria":95,"cd_identificador_original":null,"nm_local":"Ecoponto Liberdade","nm_endereco":"Rua Jaceguai, 67","qt_container":5,"nm_subprefeitura":"Sé"}},{"type":"Feature","id":"ponto_entrega_voluntaria.96","geometry":{"type":"Point","coordinates":[334377.8657,7395860.1678]},"geometry_name":"ge_ponto","properties":{"cd_identificador_ponto_entrega_voluntaria":96,"cd_identificador_original":null,"nm_local":"Ecoponto Mendes Caldeira","nm_endereco":"Rua Monsenhor Andrade, 865","qt_container":2,"nm_subprefeitura":"Mooca"}},{"type":"Feature","id":"ponto_entrega_voluntaria.97","geometry":{"type":"Point","coordinates":[335689.4036,7397496.1205]},"geometry_name":"ge_ponto","properties":{"cd_identificador_ponto_entrega_voluntaria":97,"cd_identificador_original":null,"nm_local":"Ecoponto Pari","nm_endereco":"Avenida Carlos de Campos, 996","qt_container":3,"nm_subprefeitura":"Mooca"}},{"type":"Feature","id":"ponto_entrega_voluntaria.98","geometry":{"type":"Point","coordinates":[338371.9349,7396957.8139]},"geometry_name":"ge_ponto","properties":{"cd_identificador_ponto_entrega_voluntaria":98,"cd_identificador_original":null,"nm_local":"Ecoponto Tatuapé","nm_endereco":"Avenida Salim Farah Maluf, 179","qt_container":5,"nm_subprefeitura":"Mooca"}},{"type":"Feature","id":"ponto_entrega_voluntaria.99","geometry":{"type":"Point","coordinates":[341503.3505,7396812.621]},"geometry_name":"ge_ponto","properties":{"cd_identificador_ponto_entrega_voluntaria":99,"cd_identificador_original":null,"nm_local":"Ecoponto Vila Luisa","nm_endereco":"Praça Dante Maron, 92","qt_container":5,"nm_subprefeitura":"Penha"}},{"type":"Feature","id":"ponto_entrega_voluntaria.100","geometry":{"type":"Point","coordinates":[336962.2382,7394892.1982]},"geometry_name":"ge_ponto","properties":{"cd_identificador_ponto_entrega_voluntaria":100,"cd_identificador_original":null,"nm_local":"EMEI Marcílio Dias","nm_endereco":"Rua Jaibarás, 360","qt_container":1,"nm_subprefeitura":"Mooca"}},{"type":"Feature","id":"ponto_entrega_voluntaria.101","geometry":{"type":"Point","coordinates":[331964.5744,7393528.7766]},"geometry_name":"ge_ponto","properties":{"cd_identificador_ponto_entrega_voluntaria":101,"cd_identificador_original":null,"nm_local":"Escadaria do Bixiga","nm_endereco":"Rua 13 de Maio, 760","qt_container":4,"nm_subprefeitura":"Sé"}},{"type":"Feature","id":"ponto_entrega_voluntaria.102","geometry":{"type":"Point","coordinates":[332029.0534,7395560.7341]},"geometry_name":"ge_ponto","properties":{"cd_identificador_ponto_entrega_voluntaria":102,"cd_identificador_original":null,"nm_local":"Largo do Arouche","nm_endereco":"Largo do Arouche","qt_container":1,"nm_subprefeitura":"Sé"}},{"type":"Feature","id":"ponto_entrega_voluntaria.103","geometry":{"type":"Point","coordinates":[332049.6298,7395636.2823]},"geometry_name":"ge_ponto","properties":{"cd_identificador_ponto_entrega_voluntaria":103,"cd_identificador_original":null,"nm_local":"Largo do Arouche","nm_endereco":"Largo do Arouche","qt_container":3,"nm_subprefeitura":"Sé"}},{"type":"Feature","id":"ponto_entrega_voluntaria.104","geometry":{"type":"Point","coordinates":[332098.8398,7395619.1263]},"geometry_name":"ge_ponto","properties":{"cd_identificador_ponto_entrega_voluntaria":104,"cd_identificador_original":null,"nm_local":"Largo do Arouche","nm_endereco":"Largo do Arouche","qt_container":4,"nm_subprefeitura":"Sé"}},{"type":"Feature","id":"ponto_entrega_voluntaria.105","geometry":{"type":"Point","coordinates":[333089.7115,7395046.7906]},"geometry_name":"ge_ponto","properties":{"cd_identificador_ponto_entrega_voluntaria":105,"cd_identificador_original":null,"nm_local":"Largo do Café","nm_endereco":"Largo do Café","qt_container":2,"nm_subprefeitura":"Sé"}},{"type":"Feature","id":"ponto_entrega_voluntaria.106","geometry":{"type":"Point","coordinates":[332784.5774,7395389.9641]},"geometry_name":"ge_ponto","properties":{"cd_identificador_ponto_entrega_voluntaria":106,"cd_identificador_original":null,"nm_local":"Largo do Paissandu","nm_endereco":"Largo do Paissandu","qt_container":2,"nm_subprefeitura":"Sé"}},{"type":"Feature","id":"ponto_entrega_voluntaria.107","geometry":{"type":"Point","coordinates":[333310.6372,7394834.4484]},"geometry_name":"ge_ponto","properties":{"cd_identificador_ponto_entrega_voluntaria":107,"cd_identificador_original":null,"nm_local":"Largo Páteo do Colégio","nm_endereco":"Largo Páteo do Colégio","qt_container":5,"nm_subprefeitura":"Sé"}},{"type":"Feature","id":"ponto_entrega_voluntaria.108","geometry":{"type":"Point","coordinates":[331375.3239,7395136.7848]},"geometry_name":"ge_ponto","properties":{"cd_identificador_ponto_entrega_voluntaria":108,"cd_identificador_original":null,"nm_local":"Pão de Açúcar","nm_endereco":"Rua Major Sertório, 772","qt_container":1,"nm_subprefeitura":"Sé"}},{"type":"Feature","id":"ponto_entrega_voluntaria.109","geometry":{"type":"Point","coordinates":[340240.8838,7395907.488]},"geometry_name":"ge_ponto","properties":{"cd_identificador_ponto_entrega_voluntaria":109,"cd_identificador_original":null,"nm_local":"Posto de Bombeiros Tatuapé","nm_endereco":"Rua Apucarana, 120","qt_container":1,"nm_subprefeitura":"Mooca"}},{"type":"Feature","id":"ponto_entrega_voluntaria.110","geometry":{"type":"Point","coordinates":[333163.4567,7395116.2981]},"geometry_name":"ge_ponto","properties":{"cd_identificador_ponto_entrega_voluntaria":110,"cd_identificador_original":null,"nm_local":"Praça Antônio Prado","nm_endereco":"Praça Antônio Prado","qt_container":4,"nm_subprefeitura":"Sé"}},{"type":"Feature","id":"ponto_entrega_voluntaria.111","geometry":{"type":"Point","coordinates":[339432.5122,7392993.5762]},"geometry_name":"ge_ponto","properties":{"cd_identificador_ponto_entrega_voluntaria":111,"cd_identificador_original":null,"nm_local":"Praça Barão de Aquirás","nm_endereco":"Rua Amapá Grande & Rua Toriba","qt_container":1,"nm_subprefeitura":"Mooca"}},{"type":"Feature","id":"ponto_entrega_voluntaria.112","geometry":{"type":"Point","coordinates":[339465.5894,7393049.3142]},"geometry_name":"ge_ponto","properties":{"cd_identificador_ponto_entrega_voluntaria":112,"cd_identificador_original":null,"nm_local":"Praça Barão de Aquirás","nm_endereco":"Rua Castanheira & Rua Pinheiral","qt_container":1,"nm_subprefeitura":"Mooca"}},{"type":"Feature","id":"ponto_entrega_voluntaria.113","geometry":{"type":"Point","coordinates":[333137.6502,7396305.487]},"geometry_name":"ge_ponto","properties":{"cd_identificador_ponto_entrega_voluntaria":113,"cd_identificador_original":null,"nm_local":"Praça da Luz","nm_endereco":"Praça da Luz","qt_container":1,"nm_subprefeitura":"Sé"}},{"type":"Feature","id":"ponto_entrega_voluntaria.114","geometry":{"type":"Point","coordinates":[333142.4146,7396335.4445]},"geometry_name":"ge_ponto","properties":{"cd_identificador_ponto_entrega_voluntaria":114,"cd_identificador_original":null,"nm_local":"Praça da Luz","nm_endereco":"Praça da Luz","qt_container":1,"nm_subprefeitura":"Sé"}},{"type":"Feature","id":"ponto_entrega_voluntaria.115","geometry":{"type":"Point","coordinates":[333202.6253,7394636.0779]},"geometry_name":"ge_ponto","properties":{"cd_identificador_ponto_entrega_voluntaria":115,"cd_identificador_original":null,"nm_local":"Praça da Sé","nm_endereco":"Rua Benjamin Constant & Praça da Sé","qt_container":4,"nm_subprefeitura":"Sé"}},{"type":"Feature","id":"ponto_entrega_voluntaria.116","geometry":{"type":"Point","coordinates":[332386.8863,7394986.7045]},"geometry_name":"ge_ponto","properties":{"cd_identificador_ponto_entrega_voluntaria":116,"cd_identificador_original":null,"nm_local":"Praça Dom José Gaspar","nm_endereco":"Praça Dom José Gaspar","qt_container":4,"nm_subprefeitura":"Sé"}},{"type":"Feature","id":"ponto_entrega_voluntaria.117","geometry":{"type":"Point","coordinates":[332031.2843,7393498.5318]},"geometry_name":"ge_ponto","properties":{"cd_identificador_ponto_entrega_voluntaria":117,"cd_identificador_original":null,"nm_local":"Praça Dom Orione","nm_endereco":"Praça Dom Orione","qt_container":5,"nm_subprefeitura":"Sé"}},{"type":"Feature","id":"ponto_entrega_voluntaria.118","geometry":{"type":"Point","coordinates":[337327.0022,7394226.2167]},"geometry_name":"ge_ponto","properties":{"cd_identificador_ponto_entrega_voluntaria":118,"cd_identificador_original":null,"nm_local":"Praça dos Industriários","nm_endereco":"Praça dos Industriários","qt_container":2,"nm_subprefeitura":"Mooca"}},{"type":"Feature","id":"ponto_entrega_voluntaria.119","geometry":{"type":"Point","coordinates":[331891.1281,7394767.2643]},"geometry_name":"ge_ponto","properties":{"cd_identificador_ponto_entrega_voluntaria":119,"cd_identificador_original":null,"nm_local":"Praça Franklin Roosevelt","nm_endereco":"Praça Franklin Roosevelt","qt_container":4,"nm_subprefeitura":"Sé"}},{"type":"Feature","id":"ponto_entrega_voluntaria.120","geometry":{"type":"Point","coordinates":[334732.2602,7392004.2441]},"geometry_name":"ge_ponto","properties":{"cd_identificador_ponto_entrega_voluntaria":120,"cd_identificador_original":null,"nm_local":"Praça José Vicente Nóbrega","nm_endereco":"Praça José Vicente Nóobrega, 221","qt_container":1,"nm_subprefeitura":"Sé"}},{"type":"Feature","id":"ponto_entrega_voluntaria.121","geometry":{"type":"Point","coordinates":[339315.3519,7393250.3359]},"geometry_name":"ge_ponto","properties":{"cd_identificador_ponto_entrega_voluntaria":121,"cd_identificador_original":null,"nm_local":"Praça Xavier da Silveira","nm_endereco":"Praça Xavier da Silveira","qt_container":1,"nm_subprefeitura":"Mooca"}},{"type":"Feature","id":"ponto_entrega_voluntaria.122","geometry":{"type":"Point","coordinates":[330479.0325,7394148.4714]},"geometry_name":"ge_ponto","properties":{"cd_identificador_ponto_entrega_voluntaria":122,"cd_identificador_original":null,"nm_local":"Rua da Consolação","nm_endereco":"Rua da  Consolação, 2195","qt_container":2,"nm_subprefeitura":"Sé"}},{"type":"Feature","id":"ponto_entrega_voluntaria.123","geometry":{"type":"Point","coordinates":[332730.1163,7395062.6208]},"geometry_name":"ge_ponto","properties":{"cd_identificador_ponto_entrega_voluntaria":123,"cd_identificador_original":null,"nm_local":"Shopping Light","nm_endereco":"Rua Coronel Xavier de Toledo, 23","qt_container":6,"nm_subprefeitura":"Sé"}},{"type":"Feature","id":"ponto_entrega_voluntaria.124","geometry":{"type":"Point","coordinates":[337147.4149,7391283.7832]},"geometry_name":"ge_ponto","properties":{"cd_identificador_ponto_entrega_voluntaria":124,"cd_identificador_original":null,"nm_local":"Sustentare Saneamento - Garagem","nm_endereco":"Avenida Henry Ford, 1718","qt_container":3,"nm_subprefeitura":"Mooca"}},{"type":"Feature","id":"ponto_entrega_voluntaria.125","geometry":{"type":"Point","coordinates":[335103.4414,7396116.2198]},"geometry_name":"ge_ponto","properties":{"cd_identificador_ponto_entrega_voluntaria":125,"cd_identificador_original":null,"nm_local":"Vila José Lobosque","nm_endereco":"Rua Casimiro de Abreu, 332","qt_container":1,"nm_subprefeitura":"Mooca"}},{"type":"Feature","id":"ponto_entrega_voluntaria.126","geometry":{"type":"Point","coordinates":[332105.1089,7389827.8936]},"geometry_name":"ge_ponto","properties":{"cd_identificador_ponto_entrega_voluntaria":126,"cd_identificador_original":null,"nm_local":"12º BPMM","nm_endereco":"Rua Sena Madureira, 980","qt_container":2,"nm_subprefeitura":"Vila Mariana"}},{"type":"Feature","id":"ponto_entrega_voluntaria.127","geometry":{"type":"Point","coordinates":[344549.7706,7392835.1307]},"geometry_name":"ge_ponto","properties":{"cd_identificador_ponto_entrega_voluntaria":127,"cd_identificador_original":null,"nm_local":"19º BPMM - 1ª Cia","nm_endereco":"Praça Viêira do Couto, 181","qt_container":4,"nm_subprefeitura":"Aricanduva"}},{"type":"Feature","id":"ponto_entrega_voluntaria.128","geometry":{"type":"Point","coordinates":[343539.5613,7391459.9446]},"geometry_name":"ge_ponto","properties":{"cd_identificador_ponto_entrega_voluntaria":128,"cd_identificador_original":null,"nm_local":"19º BPMM - Força Tática","nm_endereco":"Avenida Antônio Buono, 410","qt_container":1,"nm_subprefeitura":"Aricanduva"}},{"type":"Feature","id":"ponto_entrega_voluntaria.129","geometry":{"type":"Point","coordinates":[342066.3671,7391595.6005]},"geometry_name":"ge_ponto","properties":{"cd_identificador_ponto_entrega_voluntaria":129,"cd_identificador_original":null,"nm_local":"21º BPMM","nm_endereco":"Rua Bucuituba, 952","qt_container":2,"nm_subprefeitura":"Vila Prudente"}},{"type":"Feature","id":"ponto_entrega_voluntaria.130","geometry":{"type":"Point","coordinates":[343105.8738,7394872.9692]},"geometry_name":"ge_ponto","properties":{"cd_identificador_ponto_entrega_voluntaria":130,"cd_identificador_original":null,"nm_local":"31º Distrito Policial","nm_endereco":"Avenida Conselheiro Carrão, 2580","qt_container":1,"nm_subprefeitura":"Aricanduva"}},{"type":"Feature","id":"ponto_entrega_voluntaria.131","geometry":{"type":"Point","coordinates":[345122.001,7391529.9608]},"geometry_name":"ge_ponto","properties":{"cd_identificador_ponto_entrega_voluntaria":131,"cd_identificador_original":null,"nm_local":"41º Distrito Policial","nm_endereco":"Avenida Inconfidência Mineira, 688","qt_container":1,"nm_subprefeitura":"Aricanduva"}},{"type":"Feature","id":"ponto_entrega_voluntaria.132","geometry":{"type":"Point","coordinates":[336563.5022,7386609.966]},"geometry_name":"ge_ponto","properties":{"cd_identificador_ponto_entrega_voluntaria":132,"cd_identificador_original":null,"nm_local":"46º BPMM","nm_endereco":"Avenida Padre Arlindo Vieira, 50","qt_container":2,"nm_subprefeitura":"Ipiranga"}},{"type":"Feature","id":"ponto_entrega_voluntaria.133","geometry":{"type":"Point","coordinates":[343529.2993,7389368.9148]},"geometry_name":"ge_ponto","properties":{"cd_identificador_ponto_entrega_voluntaria":133,"cd_identificador_original":null,"nm_local":"70º Distrito Policial","nm_endereco":"Rua Otávio Alves Dundas, 390","qt_container":2,"nm_subprefeitura":"Vila Prudente"}},{"type":"Feature","id":"ponto_entrega_voluntaria.134","geometry":{"type":"Point","coordinates":[337797.4807,7388092.1946]},"geometry_name":"ge_ponto","properties":{"cd_identificador_ponto_entrega_voluntaria":134,"cd_identificador_original":null,"nm_local":"AME Barradas","nm_endereco":"Avenida Almirante Delamare, 1534","qt_container":2,"nm_subprefeitura":"Ipiranga"}},{"type":"Feature","id":"ponto_entrega_voluntaria.135","geometry":{"type":"Point","coordinates":[335298.7273,7389839.897]},"geometry_name":"ge_ponto","properties":{"cd_identificador_ponto_entrega_voluntaria":135,"cd_identificador_original":null,"nm_local":"Aquário de São Paulo","nm_endereco":"Rua Huet Bacelar, 572","qt_container":1,"nm_subprefeitura":"Ipiranga"}},{"type":"Feature","id":"ponto_entrega_voluntaria.136","geometry":{"type":"Point","coordinates":[335761.4899,7389532.7884]},"geometry_name":"ge_ponto","properties":{"cd_identificador_ponto_entrega_voluntaria":136,"cd_identificador_original":null,"nm_local":"Associação Beneficiente Nossa Senhora de Nazaré","nm_endereco":"Avenida Nazaré, 1361","qt_container":1,"nm_subprefeitura":"Ipiranga"}},{"type":"Feature","id":"ponto_entrega_voluntaria.137","geometry":{"type":"Point","coordinates":[330989.0935,7389896.2028]},"geometry_name":"ge_ponto","properties":{"cd_identificador_ponto_entrega_voluntaria":137,"cd_identificador_original":null,"nm_local":"Base Comunitária de Segurança","nm_endereco":"Avenida Sagres, 255","qt_container":1,"nm_subprefeitura":"Vila Mariana"}},{"type":"Feature","id":"ponto_entrega_voluntaria.138","geometry":{"type":"Point","coordinates":[335975.2679,7387584.8478]},"geometry_name":"ge_ponto","properties":{"cd_identificador_ponto_entrega_voluntaria":138,"cd_identificador_original":null,"nm_local":"Casa de Cultura Ipiranga - Chico Science","nm_endereco":"Rua Abagiba, 20","qt_container":3,"nm_subprefeitura":"Ipiranga"}},{"type":"Feature","id":"ponto_entrega_voluntaria.139","geometry":{"type":"Point","coordinates":[341583.235,7390946.0349]},"geometry_name":"ge_ponto","properties":{"cd_identificador_ponto_entrega_voluntaria":139,"cd_identificador_original":null,"nm_local":"CDC Vicente Italo Feola","nm_endereco":"Rua Domingos da Silva Bueno, 61","qt_container":2,"nm_subprefeitura":"Vila Prudente"}},{"type":"Feature","id":"ponto_entrega_voluntaria.140","geometry":{"type":"Point","coordinates":[344578.9695,7393468.8031]},"geometry_name":"ge_ponto","properties":{"cd_identificador_ponto_entrega_voluntaria":140,"cd_identificador_original":null,"nm_local":"Cemitério Vila Formosa","nm_endereco":"Avenida João XXIII, 2663","qt_container":1,"nm_subprefeitura":"Aricanduva"}},{"type":"Feature","id":"ponto_entrega_voluntaria.141","geometry":{"type":"Point","coordinates":[343711.0144,7393181.6884]},"geometry_name":"ge_ponto","properties":{"cd_identificador_ponto_entrega_voluntaria":141,"cd_identificador_original":null,"nm_local":"Cemitério Vila Formosa","nm_endereco":"Avenida Flor de Vila Formosa, 708","qt_container":1,"nm_subprefeitura":"Aricanduva"}},{"type":"Feature","id":"ponto_entrega_voluntaria.142","geometry":{"type":"Point","coordinates":[337046.9135,7390501.867]},"geometry_name":"ge_ponto","properties":{"cd_identificador_ponto_entrega_voluntaria":142,"cd_identificador_original":null,"nm_local":"Centro Esportivo Flávio Calabresi Conte","nm_endereco":"Rua das Municipalidades, 10","qt_container":2,"nm_subprefeitura":"Ipiranga"}},{"type":"Feature","id":"ponto_entrega_voluntaria.143","geometry":{"type":"Point","coordinates":[333642.7975,7383601.2067]},"geometry_name":"ge_ponto","properties":{"cd_identificador_ponto_entrega_voluntaria":143,"cd_identificador_original":null,"nm_local":"Centro Paraolímpico Brasileiro","nm_endereco":"Rodovia dos Imigrantes, km 11,5","qt_container":2,"nm_subprefeitura":"Jabaquara"}},{"type":"Feature","id":"ponto_entrega_voluntaria.144","geometry":{"type":"Point","coordinates":[337649.0603,7386655.5391]},"geometry_name":"ge_ponto","properties":{"cd_identificador_ponto_entrega_voluntaria":144,"cd_identificador_original":null,"nm_local":"CEU Heliópolis","nm_endereco":"Estrada das Lágrimas, 2385","qt_container":1,"nm_subprefeitura":"Ipiranga"}},{"type":"Feature","id":"ponto_entrega_voluntaria.145","geometry":{"type":"Point","coordinates":[338432.5625,7386885.632]},"geometry_name":"ge_ponto","properties":{"cd_identificador_ponto_entrega_voluntaria":145,"cd_identificador_original":null,"nm_local":"CEU Meninos","nm_endereco":"Rua Luís Millet, 160","qt_container":1,"nm_subprefeitura":"Ipiranga"}},{"type":"Feature","id":"ponto_entrega_voluntaria.146","geometry":{"type":"Point","coordinates":[332815.7657,7384686.4324]},"geometry_name":"ge_ponto","properties":{"cd_identificador_ponto_entrega_voluntaria":146,"cd_identificador_original":null,"nm_local":"Clube Escola Vila Guarani","nm_endereco":"Rua Borboletas Psicodélicas, 1","qt_container":1,"nm_subprefeitura":"Jabaquara"}},{"type":"Feature","id":"ponto_entrega_voluntaria.147","geometry":{"type":"Point","coordinates":[340818.2668,7393986.6396]},"geometry_name":"ge_ponto","properties":{"cd_identificador_ponto_entrega_voluntaria":147,"cd_identificador_original":null,"nm_local":"Clube Recreativo CERET","nm_endereco":"Rua Eleonora Cintra, 546","qt_container":2,"nm_subprefeitura":"Aricanduva"}},{"type":"Feature","id":"ponto_entrega_voluntaria.148","geometry":{"type":"Point","coordinates":[333098.6805,7390236.888]},"geometry_name":"ge_ponto","properties":{"cd_identificador_ponto_entrega_voluntaria":148,"cd_identificador_original":null,"nm_local":"Colégio Madre Cabrini","nm_endereco":"Rua Madre Cabrini, 36","qt_container":2,"nm_subprefeitura":"Vila Mariana"}},{"type":"Feature","id":"ponto_entrega_voluntaria.149","geometry":{"type":"Point","coordinates":[333021.4507,7389224.826]},"geometry_name":"ge_ponto","properties":{"cd_identificador_ponto_entrega_voluntaria":149,"cd_identificador_original":null,"nm_local":"Colégio Marista Arquidiocesano","nm_endereco":"Rua Domingos de Morais, 2565","qt_container":2,"nm_subprefeitura":"Vila Mariana"}},{"type":"Feature","id":"ponto_entrega_voluntaria.150","geometry":{"type":"Point","coordinates":[330758.2129,7391516.9697]},"geometry_name":"ge_ponto","properties":{"cd_identificador_ponto_entrega_voluntaria":150,"cd_identificador_original":null,"nm_local":"Comando Militar do Sudeste","nm_endereco":"Rua Manuel da Nóbrega, 1551","qt_container":2,"nm_subprefeitura":"Vila Mariana"}},{"type":"Feature","id":"ponto_entrega_voluntaria.151","geometry":{"type":"Point","coordinates":[334353.7557,7389400.5951]},"geometry_name":"ge_ponto","properties":{"cd_identificador_ponto_entrega_voluntaria":151,"cd_identificador_original":null,"nm_local":"CRHMTPIS Bosque da Saúde","nm_endereco":"Rua João Baptitussi, 55","qt_container":1,"nm_subprefeitura":"Vila Mariana"}},{"type":"Feature","id":"ponto_entrega_voluntaria.152","geometry":{"type":"Point","coordinates":[331624.3946,7378525.3493]},"geometry_name":"ge_ponto","properties":{"cd_identificador_ponto_entrega_voluntaria":152,"cd_identificador_original":null,"nm_local":"Ecoponto Alvarenga","nm_endereco":"Estrada do Alvarenga, 2475","qt_container":4,"nm_subprefeitura":"Cidade Ademar"}},{"type":"Feature","id":"ponto_entrega_voluntaria.153","geometry":{"type":"Point","coordinates":[339665.4086,7391120.0328]},"geometry_name":"ge_ponto","properties":{"cd_identificador_ponto_entrega_voluntaria":153,"cd_identificador_original":null,"nm_local":"Ecoponto Anhaia Mello","nm_endereco":"Rua da Prece, 296","qt_container":5,"nm_subprefeitura":"Vila Prudente"}},{"type":"Feature","id":"ponto_entrega_voluntaria.154","geometry":{"type":"Point","coordinates":[344345.6903,7394745.5604]},"geometry_name":"ge_ponto","properties":{"cd_identificador_ponto_entrega_voluntaria":154,"cd_identificador_original":null,"nm_local":"Ecoponto Astarte","nm_endereco":"Rua Astarte, 500","qt_container":7,"nm_subprefeitura":"Aricanduva"}},{"type":"Feature","id":"ponto_entrega_voluntaria.155","geometry":{"type":"Point","coordinates":[337024.1646,7389138.0429]},"geometry_name":"ge_ponto","properties":{"cd_identificador_ponto_entrega_voluntaria":155,"cd_identificador_original":null,"nm_local":"Ecoponto Comandante Taylor","nm_endereco":"Rua Comandante Taylor, 690","qt_container":1,"nm_subprefeitura":"Ipiranga"}},{"type":"Feature","id":"ponto_entrega_voluntaria.156","geometry":{"type":"Point","coordinates":[331309.6174,7381834.402]},"geometry_name":"ge_ponto","properties":{"cd_identificador_ponto_entrega_voluntaria":156,"cd_identificador_original":null,"nm_local":"Ecoponto Cupecê","nm_endereco":"Rua Anália Maria de Jesus, 130","qt_container":5,"nm_subprefeitura":"Cidade Ademar"}},{"type":"Feature","id":"ponto_entrega_voluntaria.157","geometry":{"type":"Point","coordinates":[333665.6625,7385539.6599]},"geometry_name":"ge_ponto","properties":{"cd_identificador_ponto_entrega_voluntaria":157,"cd_identificador_original":null,"nm_local":"Ecoponto Imigrantes","nm_endereco":"Rua Opixé, s/n","qt_container":10,"nm_subprefeitura":"Jabaquara"}},{"type":"Feature","id":"ponto_entrega_voluntaria.158","geometry":{"type":"Point","coordinates":[331754.5843,7383204.4995]},"geometry_name":"ge_ponto","properties":{"cd_identificador_ponto_entrega_voluntaria":158,"cd_identificador_original":null,"nm_local":"Ecoponto Jabaquara","nm_endereco":"Rua Jupatis, 140","qt_container":10,"nm_subprefeitura":"Jabaquara"}},{"type":"Feature","id":"ponto_entrega_voluntaria.159","geometry":{"type":"Point","coordinates":[332196.7349,7387806.5778]},"geometry_name":"ge_ponto","properties":{"cd_identificador_ponto_entrega_voluntaria":159,"cd_identificador_original":null,"nm_local":"Ecoponto Mirandópolis","nm_endereco":"Avenida Senador Casimiro da Rocha, 1220","qt_container":8,"nm_subprefeitura":"Vila Mariana"}},{"type":"Feature","id":"ponto_entrega_voluntaria.160","geometry":{"type":"Point","coordinates":[346013.3173,7390639.011]},"geometry_name":"ge_ponto","properties":{"cd_identificador_ponto_entrega_voluntaria":160,"cd_identificador_original":null,"nm_local":"Ecoponto Nova York","nm_endereco":"Rua Amelia Vanso Magnoli, 480","qt_container":4,"nm_subprefeitura":"Aricanduva"}},{"type":"Feature","id":"ponto_entrega_voluntaria.161","geometry":{"type":"Point","coordinates":[334463.0122,7389729.6624]},"geometry_name":"ge_ponto","properties":{"cd_identificador_ponto_entrega_voluntaria":161,"cd_identificador_original":null,"nm_local":"Ecoponto Saioá","nm_endereco":"Rua Mary Baida Salem, 1","qt_container":6,"nm_subprefeitura":"Vila Mariana"}},{"type":"Feature","id":"ponto_entrega_voluntaria.162","geometry":{"type":"Point","coordinates":[334371.6345,7389147.174]},"geometry_name":"ge_ponto","properties":{"cd_identificador_ponto_entrega_voluntaria":162,"cd_identificador_original":null,"nm_local":"Ecoponto Santa Cruz","nm_endereco":"Rua Santa Cruz, 1452","qt_container":10,"nm_subprefeitura":"Ipiranga"}},{"type":"Feature","id":"ponto_entrega_voluntaria.163","geometry":{"type":"Point","coordinates":[343418.5765,7389320.1061]},"geometry_name":"ge_ponto","properties":{"cd_identificador_ponto_entrega_voluntaria":163,"cd_identificador_original":null,"nm_local":"Ecoponto São Lucas","nm_endereco":"Rua Florêncio Sanches, 307","qt_container":5,"nm_subprefeitura":"Vila Prudente"}},{"type":"Feature","id":"ponto_entrega_voluntaria.164","geometry":{"type":"Point","coordinates":[335838.0815,7392554.2941]},"geometry_name":"ge_ponto","properties":{"cd_identificador_ponto_entrega_voluntaria":164,"cd_identificador_original":null,"nm_local":"Ecoponto Tereza Cristina","nm_endereco":"Avenida Teresa Cristina, 10","qt_container":4,"nm_subprefeitura":"Ipiranga"}},{"type":"Feature","id":"ponto_entrega_voluntaria.165","geometry":{"type":"Point","coordinates":[342027.531,7396156.5658]},"geometry_name":"ge_ponto","properties":{"cd_identificador_ponto_entrega_voluntaria":165,"cd_identificador_original":null,"nm_local":"Ecoponto Viaduto Engenheiro Alberto Badra","nm_endereco":"Avenida Aricanduva, 200","qt_container":4,"nm_subprefeitura":"Aricanduva"}},{"type":"Feature","id":"ponto_entrega_voluntaria.166","geometry":{"type":"Point","coordinates":[336200.644,7386508.6543]},"geometry_name":"ge_ponto","properties":{"cd_identificador_ponto_entrega_voluntaria":166,"cd_identificador_original":null,"nm_local":"Ecoponto Vila das Mercês","nm_endereco":"Rua Italva, 86","qt_container":7,"nm_subprefeitura":"Ipiranga"}},{"type":"Feature","id":"ponto_entrega_voluntaria.167","geometry":{"type":"Point","coordinates":[333176.2238,7389882.2556]},"geometry_name":"ge_ponto","properties":{"cd_identificador_ponto_entrega_voluntaria":167,"cd_identificador_original":null,"nm_local":"Ecoponto Vila Mariana","nm_endereco":"Rua Maurício Francisco Klabin, 37","qt_container":2,"nm_subprefeitura":"Vila Mariana"}},{"type":"Feature","id":"ponto_entrega_voluntaria.168","geometry":{"type":"Point","coordinates":[340775.5054,7390227.3512]},"geometry_name":"ge_ponto","properties":{"cd_identificador_ponto_entrega_voluntaria":168,"cd_identificador_original":null,"nm_local":"Eletro Mecânica Barbanera","nm_endereco":"Rua Susana, 310","qt_container":2,"nm_subprefeitura":"Vila Prudente"}},{"type":"Feature","id":"ponto_entrega_voluntaria.169","geometry":{"type":"Point","coordinates":[343260.404,7389650.8747]},"geometry_name":"ge_ponto","properties":{"cd_identificador_ponto_entrega_voluntaria":169,"cd_identificador_original":null,"nm_local":"EMEF Presidente Prudente de Morais","nm_endereco":"Rua Juiz de Fora, 980","qt_container":2,"nm_subprefeitura":"Vila Prudente"}},{"type":"Feature","id":"ponto_entrega_voluntaria.170","geometry":{"type":"Point","coordinates":[342076.0916,7389733.1359]},"geometry_name":"ge_ponto","properties":{"cd_identificador_ponto_entrega_voluntaria":170,"cd_identificador_original":null,"nm_local":"EMEI Prof Sebastião Sanches Martines","nm_endereco":"Avenida São Lucas, 284","qt_container":2,"nm_subprefeitura":"Vila Prudente"}},{"type":"Feature","id":"ponto_entrega_voluntaria.171","geometry":{"type":"Point","coordinates":[342766.2921,7389141.4355]},"geometry_name":"ge_ponto","properties":{"cd_identificador_ponto_entrega_voluntaria":171,"cd_identificador_original":null,"nm_local":"Escolinha A.D. São Caetano","nm_endereco":"Rua Erva Imperial, 206","qt_container":2,"nm_subprefeitura":"Vila Prudente"}},{"type":"Feature","id":"ponto_entrega_voluntaria.172","geometry":{"type":"Point","coordinates":[335484.1863,7388870.6907]},"geometry_name":"ge_ponto","properties":{"cd_identificador_ponto_entrega_voluntaria":172,"cd_identificador_original":null,"nm_local":"Estação Alto do Ipiranga","nm_endereco":"Avenida Doutor Gentil de Moura, 259","qt_container":2,"nm_subprefeitura":"Ipiranga"}},{"type":"Feature","id":"ponto_entrega_voluntaria.173","geometry":{"type":"Point","coordinates":[343091.9967,7389698.6811]},"geometry_name":"ge_ponto","properties":{"cd_identificador_ponto_entrega_voluntaria":173,"cd_identificador_original":null,"nm_local":"Estação Camilo Haddad","nm_endereco":"Avenida Professor Luiz Ignácio Anhaia Mello, 6400","qt_container":2,"nm_subprefeitura":"Vila Prudente"}},{"type":"Feature","id":"ponto_entrega_voluntaria.174","geometry":{"type":"Point","coordinates":[343125.3406,7389730.0489]},"geometry_name":"ge_ponto","properties":{"cd_identificador_ponto_entrega_voluntaria":174,"cd_identificador_original":null,"nm_local":"Estação Camilo Haddad","nm_endereco":"Avenida Professor Luiz Ignácio Anhaia Mello, 6439","qt_container":2,"nm_subprefeitura":"Vila Prudente"}},{"type":"Feature","id":"ponto_entrega_voluntaria.175","geometry":{"type":"Point","coordinates":[333633.1857,7389909.6193]},"geometry_name":"ge_ponto","properties":{"cd_identificador_ponto_entrega_voluntaria":175,"cd_identificador_original":null,"nm_local":"Estação Chácara Klabin","nm_endereco":"Rua Vergueiro, 3766","qt_container":1,"nm_subprefeitura":"Vila Mariana"}},{"type":"Feature","id":"ponto_entrega_voluntaria.176","geometry":{"type":"Point","coordinates":[329794.2902,7387983.6469]},"geometry_name":"ge_ponto","properties":{"cd_identificador_ponto_entrega_voluntaria":176,"cd_identificador_original":null,"nm_local":"Estação Eucaliptos","nm_endereco":"Avenida Ibirapuera, 3144","qt_container":2,"nm_subprefeitura":"Vila Mariana"}},{"type":"Feature","id":"ponto_entrega_voluntaria.177","geometry":{"type":"Point","coordinates":[340629.5389,7391135.6756]},"geometry_name":"ge_ponto","properties":{"cd_identificador_ponto_entrega_voluntaria":177,"cd_identificador_original":null,"nm_local":"Estação Oratório","nm_endereco":"Avenida Professor Luiz Ignácio Anhaia Mello, 2962","qt_container":1,"nm_subprefeitura":"Vila Prudente"}},{"type":"Feature","id":"ponto_entrega_voluntaria.178","geometry":{"type":"Point","coordinates":[340648.4955,7391203.8824]},"geometry_name":"ge_ponto","properties":{"cd_identificador_ponto_entrega_voluntaria":178,"cd_identificador_original":null,"nm_local":"Estação Oratório","nm_endereco":"Rua Nupeba, 100","qt_container":1,"nm_subprefeitura":"Vila Prudente"}},{"type":"Feature","id":"ponto_entrega_voluntaria.179","geometry":{"type":"Point","coordinates":[334562.0223,7389549.1501]},"geometry_name":"ge_ponto","properties":{"cd_identificador_ponto_entrega_voluntaria":179,"cd_identificador_original":null,"nm_local":"Estação Santos-Imigrantes","nm_endereco":"Rua Engenheiro Guilherme Winter","qt_container":1,"nm_subprefeitura":"Ipiranga"}},{"type":"Feature","id":"ponto_entrega_voluntaria.180","geometry":{"type":"Point","coordinates":[334570.4501,7389525.9875]},"geometry_name":"ge_ponto","properties":{"cd_identificador_ponto_entrega_voluntaria":180,"cd_identificador_original":null,"nm_local":"Estação Santos-Imigrantes","nm_endereco":"Rua Engenheiro Guilherme Winter","qt_container":1,"nm_subprefeitura":"Ipiranga"}},{"type":"Feature","id":"ponto_entrega_voluntaria.181","geometry":{"type":"Point","coordinates":[334615.559,7389598.4877]},"geometry_name":"ge_ponto","properties":{"cd_identificador_ponto_entrega_voluntaria":181,"cd_identificador_original":null,"nm_local":"Estação Santos-Imigrantes","nm_endereco":"Rua Saioá, 210","qt_container":1,"nm_subprefeitura":"Ipiranga"}},{"type":"Feature","id":"ponto_entrega_voluntaria.182","geometry":{"type":"Point","coordinates":[342418.7343,7390422.3708]},"geometry_name":"ge_ponto","properties":{"cd_identificador_ponto_entrega_voluntaria":182,"cd_identificador_original":null,"nm_local":"Estação São Lucas","nm_endereco":"Avenida Professor Luiz Ignácio Anhaia Mello, 5341","qt_container":2,"nm_subprefeitura":"Vila Prudente"}},{"type":"Feature","id":"ponto_entrega_voluntaria.183","geometry":{"type":"Point","coordinates":[342368.7862,7390416.2944]},"geometry_name":"ge_ponto","properties":{"cd_identificador_ponto_entrega_voluntaria":183,"cd_identificador_original":null,"nm_local":"Estação São Lucas","nm_endereco":"Avenida Professor Luiz Ignácio Anhaia Mello, 5358","qt_container":2,"nm_subprefeitura":"Vila Prudente"}},{"type":"Feature","id":"ponto_entrega_voluntaria.184","geometry":{"type":"Point","coordinates":[337749.9969,7389894.4724]},"geometry_name":"ge_ponto","properties":{"cd_identificador_ponto_entrega_voluntaria":184,"cd_identificador_original":null,"nm_local":"Estação Tamanduateí","nm_endereco":"Avenida Presidente Wilson, 4822","qt_container":2,"nm_subprefeitura":"Ipiranga"}},{"type":"Feature","id":"ponto_entrega_voluntaria.185","geometry":{"type":"Point","coordinates":[333222.3203,7390314.7201]},"geometry_name":"ge_ponto","properties":{"cd_identificador_ponto_entrega_voluntaria":185,"cd_identificador_original":null,"nm_local":"Estação Vila Mariana","nm_endereco":"Avenida Professor Noé Azevedo & Avenida Lins de Vasconcelos","qt_container":1,"nm_subprefeitura":"Vila Mariana"}},{"type":"Feature","id":"ponto_entrega_voluntaria.186","geometry":{"type":"Point","coordinates":[333181.4196,7390312.038]},"geometry_name":"ge_ponto","properties":{"cd_identificador_ponto_entrega_voluntaria":186,"cd_identificador_original":null,"nm_local":"Estação Vila Mariana","nm_endereco":"Avenida Professor Noé Azevedo, 300","qt_container":1,"nm_subprefeitura":"Vila Mariana"}},{"type":"Feature","id":"ponto_entrega_voluntaria.187","geometry":{"type":"Point","coordinates":[338457.1943,7390902.9434]},"geometry_name":"ge_ponto","properties":{"cd_identificador_ponto_entrega_voluntaria":187,"cd_identificador_original":null,"nm_local":"Estação Vila Prudente","nm_endereco":"Avenida Professor Luiz Ignácio Anhaia Mello, 1011","qt_container":2,"nm_subprefeitura":"Vila Prudente"}},{"type":"Feature","id":"ponto_entrega_voluntaria.188","geometry":{"type":"Point","coordinates":[338603.6809,7390855.8323]},"geometry_name":"ge_ponto","properties":{"cd_identificador_ponto_entrega_voluntaria":188,"cd_identificador_original":null,"nm_local":"Estação Vila Prudente","nm_endereco":"Avenida Professor Luiz Ignácio Anhaia Mello, 1245","qt_container":1,"nm_subprefeitura":"Vila Prudente"}},{"type":"Feature","id":"ponto_entrega_voluntaria.189","geometry":{"type":"Point","coordinates":[344190.4932,7389096.902]},"geometry_name":"ge_ponto","properties":{"cd_identificador_ponto_entrega_voluntaria":189,"cd_identificador_original":null,"nm_local":"Estação Vila Tolstói","nm_endereco":"Avenida Professor Luiz Ignácio Anhaia Mello, 7712","qt_container":2,"nm_subprefeitura":"Vila Prudente"}},{"type":"Feature","id":"ponto_entrega_voluntaria.190","geometry":{"type":"Point","coordinates":[344193.0227,7389146.7655]},"geometry_name":"ge_ponto","properties":{"cd_identificador_ponto_entrega_voluntaria":190,"cd_identificador_original":null,"nm_local":"Estação Vila Tolstói","nm_endereco":"Avenida Professor Luiz Ignácio Anhaia Mello, 7889","qt_container":2,"nm_subprefeitura":"Sapopemba"}},{"type":"Feature","id":"ponto_entrega_voluntaria.191","geometry":{"type":"Point","coordinates":[332296.4847,7387385.7513]},"geometry_name":"ge_ponto","properties":{"cd_identificador_ponto_entrega_voluntaria":191,"cd_identificador_original":null,"nm_local":"Feira Orgânica Saúde","nm_endereco":"Avenida José Maria Whitaker, 1780","qt_container":2,"nm_subprefeitura":"Vila Mariana"}},{"type":"Feature","id":"ponto_entrega_voluntaria.192","geometry":{"type":"Point","coordinates":[332280.2757,7389417.902]},"geometry_name":"ge_ponto","properties":{"cd_identificador_ponto_entrega_voluntaria":192,"cd_identificador_original":null,"nm_local":"Hospital São Paulo","nm_endereco":"Rua Borges Lagoa, 700","qt_container":1,"nm_subprefeitura":"Vila Mariana"}},{"type":"Feature","id":"ponto_entrega_voluntaria.193","geometry":{"type":"Point","coordinates":[331473.6814,7390705.3252]},"geometry_name":"ge_ponto","properties":{"cd_identificador_ponto_entrega_voluntaria":193,"cd_identificador_original":null,"nm_local":"Instituto Dante Pazzanese","nm_endereco":"Avenida Doutor Dante Pazzanese, 500","qt_container":2,"nm_subprefeitura":"Vila Mariana"}},{"type":"Feature","id":"ponto_entrega_voluntaria.194","geometry":{"type":"Point","coordinates":[331203.9136,7389643.6199]},"geometry_name":"ge_ponto","properties":{"cd_identificador_ponto_entrega_voluntaria":194,"cd_identificador_original":null,"nm_local":"Largo Mestre de Aviz","nm_endereco":"Avenida Ibirapuera, 900","qt_container":1,"nm_subprefeitura":"Vila Mariana"}},{"type":"Feature","id":"ponto_entrega_voluntaria.195","geometry":{"type":"Point","coordinates":[342469.9906,7390439.6467]},"geometry_name":"ge_ponto","properties":{"cd_identificador_ponto_entrega_voluntaria":195,"cd_identificador_original":null,"nm_local":"Mercado Joanin","nm_endereco":"Rua Francisco Fett, 55","qt_container":2,"nm_subprefeitura":"Vila Prudente"}},{"type":"Feature","id":"ponto_entrega_voluntaria.196","geometry":{"type":"Point","coordinates":[330532.4013,7391226.8337]},"geometry_name":"ge_ponto","properties":{"cd_identificador_ponto_entrega_voluntaria":196,"cd_identificador_original":null,"nm_local":"Monumento das Bandeiras","nm_endereco":"Praça General Estilac Leal","qt_container":2,"nm_subprefeitura":"Vila Mariana"}},{"type":"Feature","id":"ponto_entrega_voluntaria.197","geometry":{"type":"Point","coordinates":[331054.4835,7390684.8668]},"geometry_name":"ge_ponto","properties":{"cd_identificador_ponto_entrega_voluntaria":197,"cd_identificador_original":null,"nm_local":"Parque Ibirapuera - Portão 1 e 2","nm_endereco":"Avenida Pedro Álvares Cabral, 500","qt_container":2,"nm_subprefeitura":"Vila Mariana"}},{"type":"Feature","id":"ponto_entrega_voluntaria.198","geometry":{"type":"Point","coordinates":[330161.781,7390082.3086]},"geometry_name":"ge_ponto","properties":{"cd_identificador_ponto_entrega_voluntaria":198,"cd_identificador_original":null,"nm_local":"Parque Ibirapuera - Portão 7","nm_endereco":"Avenida República do Líbano, 1117","qt_container":1,"nm_subprefeitura":"Vila Mariana"}},{"type":"Feature","id":"ponto_entrega_voluntaria.199","geometry":{"type":"Point","coordinates":[330272.9039,7389654.9788]},"geometry_name":"ge_ponto","properties":{"cd_identificador_ponto_entrega_voluntaria":199,"cd_identificador_original":null,"nm_local":"Parque Ibirapuera - Portão 7A","nm_endereco":"Avenida Quarto Centenário, 1299","qt_container":1,"nm_subprefeitura":"Vila Mariana"}},{"type":"Feature","id":"ponto_entrega_voluntaria.200","geometry":{"type":"Point","coordinates":[343770.0218,7395371.0165]},"geometry_name":"ge_ponto","properties":{"cd_identificador_ponto_entrega_voluntaria":200,"cd_identificador_original":null,"nm_local":"Ponto de ônibus Passarela Eduardo Manna","nm_endereco":"Avenida Aricanduva, 1100","qt_container":1,"nm_subprefeitura":"Aricanduva"}},{"type":"Feature","id":"ponto_entrega_voluntaria.201","geometry":{"type":"Point","coordinates":[330056.3472,7378527.1438]},"geometry_name":"ge_ponto","properties":{"cd_identificador_ponto_entrega_voluntaria":201,"cd_identificador_original":null,"nm_local":"Praça Alexandre Francisco Rebouças","nm_endereco":"Estrada do Alvarenga, 678","qt_container":1,"nm_subprefeitura":"Cidade Ademar"}},{"type":"Feature","id":"ponto_entrega_voluntaria.202","geometry":{"type":"Point","coordinates":[330070.1561,7378515.0113]},"geometry_name":"ge_ponto","properties":{"cd_identificador_ponto_entrega_voluntaria":202,"cd_identificador_original":null,"nm_local":"Praça Alexandre Francisco Rebouças","nm_endereco":"Estrada do Alvarenga, 787","qt_container":1,"nm_subprefeitura":"Cidade Ademar"}},{"type":"Feature","id":"ponto_entrega_voluntaria.203","geometry":{"type":"Point","coordinates":[330441.7441,7382248.5114]},"geometry_name":"ge_ponto","properties":{"cd_identificador_ponto_entrega_voluntaria":203,"cd_identificador_original":null,"nm_local":"Praça Aristides de Sousa Mendes","nm_endereco":"Rua Juan de La Cruz, 215","qt_container":3,"nm_subprefeitura":"Cidade Ademar"}},{"type":"Feature","id":"ponto_entrega_voluntaria.204","geometry":{"type":"Point","coordinates":[332953.0126,7380045.0665]},"geometry_name":"ge_ponto","properties":{"cd_identificador_ponto_entrega_voluntaria":204,"cd_identificador_original":null,"nm_local":"Praça Bacharel Fernando Braga Pereira da Rocha","nm_endereco":"Praça Bacharel Fernando Braga Pereira da Rocha","qt_container":1,"nm_subprefeitura":"Cidade Ademar"}},{"type":"Feature","id":"ponto_entrega_voluntaria.205","geometry":{"type":"Point","coordinates":[332994.76,7380042.5556]},"geometry_name":"ge_ponto","properties":{"cd_identificador_ponto_entrega_voluntaria":205,"cd_identificador_original":null,"nm_local":"Praça Bacharel Fernando Braga Pereira da Rocha","nm_endereco":"Praça Bacharel Fernando Braga Pereira da Rocha","qt_container":2,"nm_subprefeitura":"Cidade Ademar"}},{"type":"Feature","id":"ponto_entrega_voluntaria.206","geometry":{"type":"Point","coordinates":[332997.9361,7380059.0946]},"geometry_name":"ge_ponto","properties":{"cd_identificador_ponto_entrega_voluntaria":206,"cd_identificador_original":null,"nm_local":"Praça Bacharel Fernando Braga Pereira da Rocha","nm_endereco":"Praça Bacharel Fernando Braga Pereira da Rocha","qt_container":1,"nm_subprefeitura":"Cidade Ademar"}},{"type":"Feature","id":"ponto_entrega_voluntaria.207","geometry":{"type":"Point","coordinates":[332959.7186,7380056.219]},"geometry_name":"ge_ponto","properties":{"cd_identificador_ponto_entrega_voluntaria":207,"cd_identificador_original":null,"nm_local":"Praça Bacharel Fernando Braga Pereira da Rocha","nm_endereco":"Praça Bacharel Fernando Braga Pereira da Rocha","qt_container":1,"nm_subprefeitura":"Cidade Ademar"}},{"type":"Feature","id":"ponto_entrega_voluntaria.208","geometry":{"type":"Point","coordinates":[332925.469,7384951.9502]},"geometry_name":"ge_ponto","properties":{"cd_identificador_ponto_entrega_voluntaria":208,"cd_identificador_original":null,"nm_local":"Praça Barão de Japurá","nm_endereco":"Praça Barão de Japurá, 296","qt_container":1,"nm_subprefeitura":"Jabaquara"}},{"type":"Feature","id":"ponto_entrega_voluntaria.209","geometry":{"type":"Point","coordinates":[332856.6145,7384905.7514]},"geometry_name":"ge_ponto","properties":{"cd_identificador_ponto_entrega_voluntaria":209,"cd_identificador_original":null,"nm_local":"Praça Barão de Japurá","nm_endereco":"Praça Barão de Japurá, 368","qt_container":1,"nm_subprefeitura":"Jabaquara"}},{"type":"Feature","id":"ponto_entrega_voluntaria.210","geometry":{"type":"Point","coordinates":[332790.1603,7384917.172]},"geometry_name":"ge_ponto","properties":{"cd_identificador_ponto_entrega_voluntaria":210,"cd_identificador_original":null,"nm_local":"Praça Barão de Japurá","nm_endereco":"Praça Barão de Japurá, 514","qt_container":1,"nm_subprefeitura":"Jabaquara"}},{"type":"Feature","id":"ponto_entrega_voluntaria.211","geometry":{"type":"Point","coordinates":[344325.6505,7391066.3273]},"geometry_name":"ge_ponto","properties":{"cd_identificador_ponto_entrega_voluntaria":211,"cd_identificador_original":null,"nm_local":"Praça bom samaritano","nm_endereco":"Rua João Galli, 174","qt_container":1,"nm_subprefeitura":"Aricanduva"}},{"type":"Feature","id":"ponto_entrega_voluntaria.212","geometry":{"type":"Point","coordinates":[331157.6451,7391262.3143]},"geometry_name":"ge_ponto","properties":{"cd_identificador_ponto_entrega_voluntaria":212,"cd_identificador_original":null,"nm_local":"Praça Carlos Gardel","nm_endereco":"Rua Curitiba, 81","qt_container":2,"nm_subprefeitura":"Vila Mariana"}},{"type":"Feature","id":"ponto_entrega_voluntaria.213","geometry":{"type":"Point","coordinates":[331380.9845,7381635.6478]},"geometry_name":"ge_ponto","properties":{"cd_identificador_ponto_entrega_voluntaria":213,"cd_identificador_original":null,"nm_local":"Praça Comunitária Ligia Maria Salgado Nóbrega","nm_endereco":"Avenida Cupecê, 3291","qt_container":1,"nm_subprefeitura":"Cidade Ademar"}},{"type":"Feature","id":"ponto_entrega_voluntaria.214","geometry":{"type":"Point","coordinates":[331373.8433,7381635.6758]},"geometry_name":"ge_ponto","properties":{"cd_identificador_ponto_entrega_voluntaria":214,"cd_identificador_original":null,"nm_local":"Praça Comunitária Ligia Maria Salgado Nóbrega","nm_endereco":"Avenida Cupecê, 3291","qt_container":1,"nm_subprefeitura":"Cidade Ademar"}},{"type":"Feature","id":"ponto_entrega_voluntaria.215","geometry":{"type":"Point","coordinates":[332908.7319,7387926.6105]},"geometry_name":"ge_ponto","properties":{"cd_identificador_ponto_entrega_voluntaria":215,"cd_identificador_original":null,"nm_local":"Praça da Árvore","nm_endereco":"Avenida Jabaquara, 727","qt_container":2,"nm_subprefeitura":"Vila Mariana"}},{"type":"Feature","id":"ponto_entrega_voluntaria.216","geometry":{"type":"Point","coordinates":[342335.5411,7392987.1791]},"geometry_name":"ge_ponto","properties":{"cd_identificador_ponto_entrega_voluntaria":216,"cd_identificador_original":null,"nm_local":"Praça das Canárias","nm_endereco":"Avenida Doutor Eduardo Cotching, 1821","qt_container":1,"nm_subprefeitura":"Aricanduva"}},{"type":"Feature","id":"ponto_entrega_voluntaria.217","geometry":{"type":"Point","coordinates":[330686.7389,7378809.2883]},"geometry_name":"ge_ponto","properties":{"cd_identificador_ponto_entrega_voluntaria":217,"cd_identificador_original":null,"nm_local":"Praça do Acuri","nm_endereco":"Estrada do Alvarenga, 1532","qt_container":1,"nm_subprefeitura":"Cidade Ademar"}},{"type":"Feature","id":"ponto_entrega_voluntaria.218","geometry":{"type":"Point","coordinates":[330764.4517,7378801.1113]},"geometry_name":"ge_ponto","properties":{"cd_identificador_ponto_entrega_voluntaria":218,"cd_identificador_original":null,"nm_local":"Praça do Acuri","nm_endereco":"Estrada do Alvarenga, 1602","qt_container":1,"nm_subprefeitura":"Cidade Ademar"}},{"type":"Feature","id":"ponto_entrega_voluntaria.219","geometry":{"type":"Point","coordinates":[330678.9173,7378789.0395]},"geometry_name":"ge_ponto","properties":{"cd_identificador_ponto_entrega_voluntaria":219,"cd_identificador_original":null,"nm_local":"Praça do Acuri","nm_endereco":"Praça do Acuri, 15","qt_container":1,"nm_subprefeitura":"Cidade Ademar"}},{"type":"Feature","id":"ponto_entrega_voluntaria.220","geometry":{"type":"Point","coordinates":[330673.2248,7378839.9211]},"geometry_name":"ge_ponto","properties":{"cd_identificador_ponto_entrega_voluntaria":220,"cd_identificador_original":null,"nm_local":"Praça do Acuri","nm_endereco":"Praça do Acuri, 45","qt_container":1,"nm_subprefeitura":"Cidade Ademar"}},{"type":"Feature","id":"ponto_entrega_voluntaria.221","geometry":{"type":"Point","coordinates":[330297.2347,7378860.6776]},"geometry_name":"ge_ponto","properties":{"cd_identificador_ponto_entrega_voluntaria":221,"cd_identificador_original":null,"nm_local":"Praça Dom Luis de Mascarenhas","nm_endereco":"Estrada do Alvarenga, 1150","qt_container":1,"nm_subprefeitura":"Cidade Ademar"}},{"type":"Feature","id":"ponto_entrega_voluntaria.222","geometry":{"type":"Point","coordinates":[330339.6005,7378866.1562]},"geometry_name":"ge_ponto","properties":{"cd_identificador_ponto_entrega_voluntaria":222,"cd_identificador_original":null,"nm_local":"Praça Dom Luis de Mascarenhas","nm_endereco":"Estrada do Alvarenga, 1184","qt_container":2,"nm_subprefeitura":"Cidade Ademar"}},{"type":"Feature","id":"ponto_entrega_voluntaria.223","geometry":{"type":"Point","coordinates":[342801.2579,7392816.4363]},"geometry_name":"ge_ponto","properties":{"cd_identificador_ponto_entrega_voluntaria":223,"cd_identificador_original":null,"nm_local":"Praça Doutor Sampaio Vidal","nm_endereco":"Praça Doutor Sampaio Vidal, 273","qt_container":2,"nm_subprefeitura":"Aricanduva"}},{"type":"Feature","id":"ponto_entrega_voluntaria.224","geometry":{"type":"Point","coordinates":[334454.8995,7387115.8023]},"geometry_name":"ge_ponto","properties":{"cd_identificador_ponto_entrega_voluntaria":224,"cd_identificador_original":null,"nm_local":"Praça Flávio Xavier de Toledo","nm_endereco":"Rua Lustosa da Cunha","qt_container":2,"nm_subprefeitura":"Ipiranga"}},{"type":"Feature","id":"ponto_entrega_voluntaria.225","geometry":{"type":"Point","coordinates":[343653.0228,7395073.7401]},"geometry_name":"ge_ponto","properties":{"cd_identificador_ponto_entrega_voluntaria":225,"cd_identificador_original":null,"nm_local":"Praça Haroldo Daltro","nm_endereco":"Praça Haroldo Daltro, 499","qt_container":2,"nm_subprefeitura":"Aricanduva"}},{"type":"Feature","id":"ponto_entrega_voluntaria.226","geometry":{"type":"Point","coordinates":[343521.0269,7394909.5309]},"geometry_name":"ge_ponto","properties":{"cd_identificador_ponto_entrega_voluntaria":226,"cd_identificador_original":null,"nm_local":"Praça Haroldo Daltro","nm_endereco":"Praça Haroldo Daltro, 90","qt_container":2,"nm_subprefeitura":"Aricanduva"}},{"type":"Feature","id":"ponto_entrega_voluntaria.227","geometry":{"type":"Point","coordinates":[331140.1215,7379211.5122]},"geometry_name":"ge_ponto","properties":{"cd_identificador_ponto_entrega_voluntaria":227,"cd_identificador_original":null,"nm_local":"Praça John Forsell","nm_endereco":"Praça John Forsell","qt_container":2,"nm_subprefeitura":"Cidade Ademar"}},{"type":"Feature","id":"ponto_entrega_voluntaria.228","geometry":{"type":"Point","coordinates":[342606.3424,7392620.5303]},"geometry_name":"ge_ponto","properties":{"cd_identificador_ponto_entrega_voluntaria":228,"cd_identificador_original":null,"nm_local":"Praça Luigi Faccio","nm_endereco":"Rua Angá, 824","qt_container":1,"nm_subprefeitura":"Aricanduva"}},{"type":"Feature","id":"ponto_entrega_voluntaria.229","geometry":{"type":"Point","coordinates":[330360.9711,7382333.8491]},"geometry_name":"ge_ponto","properties":{"cd_identificador_ponto_entrega_voluntaria":229,"cd_identificador_original":null,"nm_local":"Praça Luigi Palma","nm_endereco":"Avenida Vereador João de Luca & Rua Tomasina","qt_container":1,"nm_subprefeitura":"Cidade Ademar"}},{"type":"Feature","id":"ponto_entrega_voluntaria.230","geometry":{"type":"Point","coordinates":[334336.9691,7389773.6416]},"geometry_name":"ge_ponto","properties":{"cd_identificador_ponto_entrega_voluntaria":230,"cd_identificador_original":null,"nm_local":"Praça Manuel Pimentel","nm_endereco":"Avenida Prefeito Fábio Prado & Rua João José Pacheco","qt_container":1,"nm_subprefeitura":"Vila Mariana"}},{"type":"Feature","id":"ponto_entrega_voluntaria.231","geometry":{"type":"Point","coordinates":[340265.9213,7394081.4005]},"geometry_name":"ge_ponto","properties":{"cd_identificador_ponto_entrega_voluntaria":231,"cd_identificador_original":null,"nm_local":"Praça Marechal Rodrigues Ribas Júnior","nm_endereco":"Rua Professor João de Oliveira Tôrres, 280","qt_container":1,"nm_subprefeitura":"Aricanduva"}},{"type":"Feature","id":"ponto_entrega_voluntaria.232","geometry":{"type":"Point","coordinates":[342156.1295,7392811.701]},"geometry_name":"ge_ponto","properties":{"cd_identificador_ponto_entrega_voluntaria":232,"cd_identificador_original":null,"nm_local":"Praça Marquês de Nazaré","nm_endereco":"Praça Marquês de Nazaré","qt_container":1,"nm_subprefeitura":"Aricanduva"}},{"type":"Feature","id":"ponto_entrega_voluntaria.233","geometry":{"type":"Point","coordinates":[333738.7175,7390322.8225]},"geometry_name":"ge_ponto","properties":{"cd_identificador_ponto_entrega_voluntaria":233,"cd_identificador_original":null,"nm_local":"Praça Monteiro dos Santos","nm_endereco":"Praça Monteiro dos Santos, 52","qt_container":1,"nm_subprefeitura":"Vila Mariana"}},{"type":"Feature","id":"ponto_entrega_voluntaria.234","geometry":{"type":"Point","coordinates":[330511.7362,7388671.3695]},"geometry_name":"ge_ponto","properties":{"cd_identificador_ponto_entrega_voluntaria":234,"cd_identificador_original":null,"nm_local":"Praça Nossa Senhora Aparecida","nm_endereco":"Praça Nossa Senhora Aparecida, 90","qt_container":2,"nm_subprefeitura":"Vila Mariana"}},{"type":"Feature","id":"ponto_entrega_voluntaria.235","geometry":{"type":"Point","coordinates":[341916.7592,7393159.1905]},"geometry_name":"ge_ponto","properties":{"cd_identificador_ponto_entrega_voluntaria":235,"cd_identificador_original":null,"nm_local":"Praça Nossa Senhora das Vitórias","nm_endereco":"Praça Nossa Senhora das Vitórias, 56","qt_container":1,"nm_subprefeitura":"Aricanduva"}},{"type":"Feature","id":"ponto_entrega_voluntaria.236","geometry":{"type":"Point","coordinates":[333095.4387,7384544.1077]},"geometry_name":"ge_ponto","properties":{"cd_identificador_ponto_entrega_voluntaria":236,"cd_identificador_original":null,"nm_local":"Praça Nova América","nm_endereco":"Praça Nova América, 12","qt_container":2,"nm_subprefeitura":"Jabaquara"}},{"type":"Feature","id":"ponto_entrega_voluntaria.237","geometry":{"type":"Point","coordinates":[335128.0997,7389584.0164]},"geometry_name":"ge_ponto","properties":{"cd_identificador_ponto_entrega_voluntaria":237,"cd_identificador_original":null,"nm_local":"Praça Pinheiro da Cunha","nm_endereco":"Praça Pinheiro da Cunha, 402","qt_container":1,"nm_subprefeitura":"Ipiranga"}},{"type":"Feature","id":"ponto_entrega_voluntaria.238","geometry":{"type":"Point","coordinates":[335160.5032,7389606.865]},"geometry_name":"ge_ponto","properties":{"cd_identificador_ponto_entrega_voluntaria":238,"cd_identificador_original":null,"nm_local":"Praça Pinheiro da Cunha","nm_endereco":"Praça Pinheiro da Cunha, 441","qt_container":1,"nm_subprefeitura":"Ipiranga"}},{"type":"Feature","id":"ponto_entrega_voluntaria.239","geometry":{"type":"Point","coordinates":[335297.9551,7389546.3948]},"geometry_name":"ge_ponto","properties":{"cd_identificador_ponto_entrega_voluntaria":239,"cd_identificador_original":null,"nm_local":"Praça Pinheiro da Cunha","nm_endereco":"Praça Pinheiro da Cunha, 663","qt_container":1,"nm_subprefeitura":"Ipiranga"}},{"type":"Feature","id":"ponto_entrega_voluntaria.240","geometry":{"type":"Point","coordinates":[334932.4902,7389723.791]},"geometry_name":"ge_ponto","properties":{"cd_identificador_ponto_entrega_voluntaria":240,"cd_identificador_original":null,"nm_local":"Praça Pinheiro da Cunha","nm_endereco":"Praça Pinheiro da Cunha, 88","qt_container":1,"nm_subprefeitura":"Ipiranga"}},{"type":"Feature","id":"ponto_entrega_voluntaria.241","geometry":{"type":"Point","coordinates":[335243.1811,7389516.0952]},"geometry_name":"ge_ponto","properties":{"cd_identificador_ponto_entrega_voluntaria":241,"cd_identificador_original":null,"nm_local":"Praça Primeiro de Maio","nm_endereco":"Praça Primeiro de Maio","qt_container":1,"nm_subprefeitura":"Ipiranga"}},{"type":"Feature","id":"ponto_entrega_voluntaria.242","geometry":{"type":"Point","coordinates":[333361.923,7391355.7318]},"geometry_name":"ge_ponto","properties":{"cd_identificador_ponto_entrega_voluntaria":242,"cd_identificador_original":null,"nm_local":"Praça Rosa Alves da Silva","nm_endereco":"Praça Rosa Alves da Silva, 328","qt_container":4,"nm_subprefeitura":"Vila Mariana"}},{"type":"Feature","id":"ponto_entrega_voluntaria.243","geometry":{"type":"Point","coordinates":[341833.8476,7392924.7256]},"geometry_name":"ge_ponto","properties":{"cd_identificador_ponto_entrega_voluntaria":243,"cd_identificador_original":null,"nm_local":"Praça Santo Arsênio","nm_endereco":"Praça Santo Arsênio, 60","qt_container":1,"nm_subprefeitura":"Aricanduva"}},{"type":"Feature","id":"ponto_entrega_voluntaria.244","geometry":{"type":"Point","coordinates":[330914.2423,7391212.9829]},"geometry_name":"ge_ponto","properties":{"cd_identificador_ponto_entrega_voluntaria":244,"cd_identificador_original":null,"nm_local":"Praça Túlio Fontoura","nm_endereco":"Rua Abílio Soares, 1746","qt_container":1,"nm_subprefeitura":"Vila Mariana"}},{"type":"Feature","id":"ponto_entrega_voluntaria.245","geometry":{"type":"Point","coordinates":[342441.0417,7393087.2143]},"geometry_name":"ge_ponto","properties":{"cd_identificador_ponto_entrega_voluntaria":245,"cd_identificador_original":null,"nm_local":"Praça Universo","nm_endereco":"Rua Salvador do Valê, 104","qt_container":1,"nm_subprefeitura":"Aricanduva"}},{"type":"Feature","id":"ponto_entrega_voluntaria.246","geometry":{"type":"Point","coordinates":[332272.9253,7385618.9489]},"geometry_name":"ge_ponto","properties":{"cd_identificador_ponto_entrega_voluntaria":246,"cd_identificador_original":null,"nm_local":"Praça Whitaker Penteado","nm_endereco":"Praça Whitaker Penteado, 337","qt_container":2,"nm_subprefeitura":"Jabaquara"}},{"type":"Feature","id":"ponto_entrega_voluntaria.247","geometry":{"type":"Point","coordinates":[330249.5132,7378353.1878]},"geometry_name":"ge_ponto","properties":{"cd_identificador_ponto_entrega_voluntaria":247,"cd_identificador_original":null,"nm_local":"Rua do Sossego","nm_endereco":"Rua do Sossego & Rua do Mar Paulista","qt_container":2,"nm_subprefeitura":"Cidade Ademar"}},{"type":"Feature","id":"ponto_entrega_voluntaria.248","geometry":{"type":"Point","coordinates":[330300.4113,7378361.5352]},"geometry_name":"ge_ponto","properties":{"cd_identificador_ponto_entrega_voluntaria":248,"cd_identificador_original":null,"nm_local":"Rua do Sossego","nm_endereco":"Rua do Sossego & Rua do Mar Paulista","qt_container":2,"nm_subprefeitura":"Cidade Ademar"}},{"type":"Feature","id":"ponto_entrega_voluntaria.249","geometry":{"type":"Point","coordinates":[330707.3559,7380638.9977]},"geometry_name":"ge_ponto","properties":{"cd_identificador_ponto_entrega_voluntaria":249,"cd_identificador_original":null,"nm_local":"Rua Estanislau Moniusko","nm_endereco":"Rua Estanislau Moniusko & Avenida Yervant Kissajikian","qt_container":2,"nm_subprefeitura":"Cidade Ademar"}},{"type":"Feature","id":"ponto_entrega_voluntaria.250","geometry":{"type":"Point","coordinates":[332913.9028,7389257.9291]},"geometry_name":"ge_ponto","properties":{"cd_identificador_ponto_entrega_voluntaria":250,"cd_identificador_original":null,"nm_local":"Shopping Santa Cruz","nm_endereco":"Rua Tenente Gomes Ribeiro & Rua Pedro de Toledo","qt_container":2,"nm_subprefeitura":"Vila Mariana"}},{"type":"Feature","id":"ponto_entrega_voluntaria.251","geometry":{"type":"Point","coordinates":[341984.0632,7394659.3377]},"geometry_name":"ge_ponto","properties":{"cd_identificador_ponto_entrega_voluntaria":251,"cd_identificador_original":null,"nm_local":"Subprefeitura Aricanduva","nm_endereco":"Rua Atucuri, 699","qt_container":1,"nm_subprefeitura":"Aricanduva"}},{"type":"Feature","id":"ponto_entrega_voluntaria.252","geometry":{"type":"Point","coordinates":[340705.7891,7391098.1879]},"geometry_name":"ge_ponto","properties":{"cd_identificador_ponto_entrega_voluntaria":252,"cd_identificador_original":null,"nm_local":"Subprefeitura Vila Prudente","nm_endereco":"Avenida do Oratório, 172","qt_container":1,"nm_subprefeitura":"Vila Prudente"}},{"type":"Feature","id":"ponto_entrega_voluntaria.254","geometry":{"type":"Point","coordinates":[333828.6261,7391347.424]},"geometry_name":"ge_ponto","properties":{"cd_identificador_ponto_entrega_voluntaria":254,"cd_identificador_original":null,"nm_local":"Velório da Vila Mariana","nm_endereco":"Rua Batista Caetano, 324","qt_container":2,"nm_subprefeitura":"Vila Mariana"}},{"type":"Feature","id":"ponto_entrega_voluntaria.255","geometry":{"type":"Point","coordinates":[329426.1942,7402781.1591]},"geometry_name":"ge_ponto","properties":{"cd_identificador_ponto_entrega_voluntaria":255,"cd_identificador_original":null,"nm_local":"CCJ - Centro Cultural da Juventude Ruth Cardoso","nm_endereco":"Avenida Deputado Emilio Carlos, 3641","qt_container":2,"nm_subprefeitura":"Casa Verde"}},{"type":"Feature","id":"ponto_entrega_voluntaria.256","geometry":{"type":"Point","coordinates":[329602.0791,7402617.1815]},"geometry_name":"ge_ponto","properties":{"cd_identificador_ponto_entrega_voluntaria":256,"cd_identificador_original":null,"nm_local":"Cemitério Nova Cachoeirinha","nm_endereco":"Avenida João Marcelino Branco, s/n","qt_container":1,"nm_subprefeitura":"Casa Verde"}},{"type":"Feature","id":"ponto_entrega_voluntaria.257","geometry":{"type":"Point","coordinates":[338221.0209,7404979.2629]},"geometry_name":"ge_ponto","properties":{"cd_identificador_ponto_entrega_voluntaria":257,"cd_identificador_original":null,"nm_local":"CEU Jaçanã","nm_endereco":"Rua Francisca Espósito Tonetti, 105","qt_container":2,"nm_subprefeitura":"Jaçanã-Tremembé"}},{"type":"Feature","id":"ponto_entrega_voluntaria.258","geometry":{"type":"Point","coordinates":[333493.1084,7398633.114]},"geometry_name":"ge_ponto","properties":{"cd_identificador_ponto_entrega_voluntaria":258,"cd_identificador_original":null,"nm_local":"Comando Aeronáutica","nm_endereco":"Avenida Olavo Fontoura, 200","qt_container":4,"nm_subprefeitura":"Santana-Tucuruvi"}},{"type":"Feature","id":"ponto_entrega_voluntaria.259","geometry":{"type":"Point","coordinates":[334570.1412,7403202.4967]},"geometry_name":"ge_ponto","properties":{"cd_identificador_ponto_entrega_voluntaria":259,"cd_identificador_original":null,"nm_local":"Departamento de Comunicação Infraestrutura Policia Militar (D.C.I)","nm_endereco":"Avenida Água Fria, 1937","qt_container":2,"nm_subprefeitura":"Santana-Tucuruvi"}},{"type":"Feature","id":"ponto_entrega_voluntaria.260","geometry":{"type":"Point","coordinates":[338097.042,7404658.6091]},"geometry_name":"ge_ponto","properties":{"cd_identificador_ponto_entrega_voluntaria":260,"cd_identificador_original":null,"nm_local":"Ecoponto Anselmo Machado","nm_endereco":"Avenida Paulo Lincoln do Valle Pontin, 763","qt_container":4,"nm_subprefeitura":"Jaçanã-Tremembé"}},{"type":"Feature","id":"ponto_entrega_voluntaria.261","geometry":{"type":"Point","coordinates":[326913.3041,7401610.4226]},"geometry_name":"ge_ponto","properties":{"cd_identificador_ponto_entrega_voluntaria":261,"cd_identificador_original":null,"nm_local":"Ecoponto Bandeirantes","nm_endereco":"Rua Itaiquara, 237","qt_container":6,"nm_subprefeitura":"Freguesia-Brasilândia"}},{"type":"Feature","id":"ponto_entrega_voluntaria.262","geometry":{"type":"Point","coordinates":[344029.9372,7399863.9008]},"geometry_name":"ge_ponto","properties":{"cd_identificador_ponto_entrega_voluntaria":262,"cd_identificador_original":null,"nm_local":"Ecoponto Cangaiba","nm_endereco":"Rua Doutor Lucio Nogueira, 241 & Rua Hugo Wolf","qt_container":4,"nm_subprefeitura":"Penha"}},{"type":"Feature","id":"ponto_entrega_voluntaria.263","geometry":{"type":"Point","coordinates":[348608.5646,7394900.3637]},"geometry_name":"ge_ponto","properties":{"cd_identificador_ponto_entrega_voluntaria":263,"cd_identificador_original":null,"nm_local":"Ecoponto Cohab Artur Alvim","nm_endereco":"Avenida Padre Estanislau de Campos, 56","qt_container":4,"nm_subprefeitura":"Penha"}},{"type":"Feature","id":"ponto_entrega_voluntaria.264","geometry":{"type":"Point","coordinates":[344615.9009,7394691.8405]},"geometry_name":"ge_ponto","properties":{"cd_identificador_ponto_entrega_voluntaria":264,"cd_identificador_original":null,"nm_local":"Ecoponto Dalilla","nm_endereco":"Rua Inácio Costa, 740","qt_container":1,"nm_subprefeitura":"Penha"}},{"type":"Feature","id":"ponto_entrega_voluntaria.265","geometry":{"type":"Point","coordinates":[348147.7658,7396793.8667]},"geometry_name":"ge_ponto","properties":{"cd_identificador_ponto_entrega_voluntaria":265,"cd_identificador_original":null,"nm_local":"Ecoponto Franquinho","nm_endereco":"Rua Praia de Mucuripe, 685","qt_container":4,"nm_subprefeitura":"Penha"}},{"type":"Feature","id":"ponto_entrega_voluntaria.266","geometry":{"type":"Point","coordinates":[325918.5364,7399438.9166]},"geometry_name":"ge_ponto","properties":{"cd_identificador_ponto_entrega_voluntaria":266,"cd_identificador_original":null,"nm_local":"Ecoponto Freguesia do Ó","nm_endereco":"Rua Sousa Filho, 690","qt_container":4,"nm_subprefeitura":"Freguesia-Brasilândia"}},{"type":"Feature","id":"ponto_entrega_voluntaria.267","geometry":{"type":"Point","coordinates":[347427.3028,7394714.3363]},"geometry_name":"ge_ponto","properties":{"cd_identificador_ponto_entrega_voluntaria":267,"cd_identificador_original":null,"nm_local":"Ecoponto Gamelinha","nm_endereco":"Rua Morfeu, 25","qt_container":5,"nm_subprefeitura":"Penha"}},{"type":"Feature","id":"ponto_entrega_voluntaria.268","geometry":{"type":"Point","coordinates":[330485.2884,7405129.3137]},"geometry_name":"ge_ponto","properties":{"cd_identificador_ponto_entrega_voluntaria":268,"cd_identificador_original":null,"nm_local":"Ecoponto Jardim Antartica","nm_endereco":"Rua Dom Aquino, 309","qt_container":2,"nm_subprefeitura":"Casa Verde"}},{"type":"Feature","id":"ponto_entrega_voluntaria.269","geometry":{"type":"Point","coordinates":[330908.6327,7401072.2187]},"geometry_name":"ge_ponto","properties":{"cd_identificador_ponto_entrega_voluntaria":269,"cd_identificador_original":null,"nm_local":"Ecoponto Parque Peruche","nm_endereco":"Avenida Engenheiro Caetano Álvares, 3142","qt_container":2,"nm_subprefeitura":"Casa Verde"}},{"type":"Feature","id":"ponto_entrega_voluntaria.270","geometry":{"type":"Point","coordinates":[344275.365,7396836.265]},"geometry_name":"ge_ponto","properties":{"cd_identificador_ponto_entrega_voluntaria":270,"cd_identificador_original":null,"nm_local":"Ecoponto Penha I","nm_endereco":"Rua Doutor Heládio, 104","qt_container":4,"nm_subprefeitura":"Penha"}},{"type":"Feature","id":"ponto_entrega_voluntaria.271","geometry":{"type":"Point","coordinates":[334441.0302,7398981.6431]},"geometry_name":"ge_ponto","properties":{"cd_identificador_ponto_entrega_voluntaria":271,"cd_identificador_original":null,"nm_local":"Ecoponto Santana","nm_endereco":"Avenida Zaki Narchi, 375","qt_container":4,"nm_subprefeitura":"Santana-Tucuruvi"}},{"type":"Feature","id":"ponto_entrega_voluntaria.272","geometry":{"type":"Point","coordinates":[328056.403,7400478.655]},"geometry_name":"ge_ponto","properties":{"cd_identificador_ponto_entrega_voluntaria":272,"cd_identificador_original":null,"nm_local":"Ecoponto São Leandro","nm_endereco":"Rua São Leandro, 13","qt_container":4,"nm_subprefeitura":"Casa Verde"}},{"type":"Feature","id":"ponto_entrega_voluntaria.273","geometry":{"type":"Point","coordinates":[342388.6255,7398820.3908]},"geometry_name":"ge_ponto","properties":{"cd_identificador_ponto_entrega_voluntaria":273,"cd_identificador_original":null,"nm_local":"Ecoponto Tiquatira","nm_endereco":"Rua Amorim Diniz, 495","qt_container":5,"nm_subprefeitura":"Penha"}},{"type":"Feature","id":"ponto_entrega_voluntaria.274","geometry":{"type":"Point","coordinates":[335536.7251,7403829.3452]},"geometry_name":"ge_ponto","properties":{"cd_identificador_ponto_entrega_voluntaria":274,"cd_identificador_original":null,"nm_local":"Ecoponto Tucuruvi","nm_endereco":"Rua Eduardo Vicente Nasser, 519","qt_container":8,"nm_subprefeitura":"Santana-Tucuruvi"}},{"type":"Feature","id":"ponto_entrega_voluntaria.275","geometry":{"type":"Point","coordinates":[336580.7165,7398338.933]},"geometry_name":"ge_ponto","properties":{"cd_identificador_ponto_entrega_voluntaria":275,"cd_identificador_original":null,"nm_local":"Ecoponto Vila Guilherme","nm_endereco":"Rua José Bernardo Pinto, 1480","qt_container":4,"nm_subprefeitura":"Vila Maria-Vila Guilherme"}},{"type":"Feature","id":"ponto_entrega_voluntaria.276","geometry":{"type":"Point","coordinates":[338604.4605,7398069.6445]},"geometry_name":"ge_ponto","properties":{"cd_identificador_ponto_entrega_voluntaria":276,"cd_identificador_original":null,"nm_local":"Ecoponto Vila Maria","nm_endereco":"Rua Curuçá, 1700","qt_container":4,"nm_subprefeitura":"Vila Maria-Vila Guilherme"}},{"type":"Feature","id":"ponto_entrega_voluntaria.277","geometry":{"type":"Point","coordinates":[346373.8135,7395965.2622]},"geometry_name":"ge_ponto","properties":{"cd_identificador_ponto_entrega_voluntaria":277,"cd_identificador_original":null,"nm_local":"Ecoponto Vila Matilde","nm_endereco":"Rua Mateus de Siqueira, 375","qt_container":11,"nm_subprefeitura":"Penha"}},{"type":"Feature","id":"ponto_entrega_voluntaria.278","geometry":{"type":"Point","coordinates":[329451.0344,7403210.9503]},"geometry_name":"ge_ponto","properties":{"cd_identificador_ponto_entrega_voluntaria":278,"cd_identificador_original":null,"nm_local":"Ecoponto Vila Nova Cachoeirinha","nm_endereco":"Rua Felix Alves Pereira, 113","qt_container":3,"nm_subprefeitura":"Casa Verde"}},{"type":"Feature","id":"ponto_entrega_voluntaria.279","geometry":{"type":"Point","coordinates":[328940.644,7403489.32]},"geometry_name":"ge_ponto","properties":{"cd_identificador_ponto_entrega_voluntaria":279,"cd_identificador_original":null,"nm_local":"Ecoponto Vila Rica","nm_endereco":"Rua Jorge Mamede da Silva, 200","qt_container":4,"nm_subprefeitura":"Freguesia-Brasilândia"}},{"type":"Feature","id":"ponto_entrega_voluntaria.280","geometry":{"type":"Point","coordinates":[340111.5676,7401773.421]},"geometry_name":"ge_ponto","properties":{"cd_identificador_ponto_entrega_voluntaria":280,"cd_identificador_original":null,"nm_local":"Ecoponto Vila Sabrina","nm_endereco":"Avenida do Poeta, 931","qt_container":5,"nm_subprefeitura":"Vila Maria-Vila Guilherme"}},{"type":"Feature","id":"ponto_entrega_voluntaria.281","geometry":{"type":"Point","coordinates":[329323.4429,7400793.5943]},"geometry_name":"ge_ponto","properties":{"cd_identificador_ponto_entrega_voluntaria":281,"cd_identificador_original":null,"nm_local":"Ecoponto Vila Santa Maria","nm_endereco":"Rua André Bolsena & Travessa Luiz Sá","qt_container":4,"nm_subprefeitura":"Casa Verde"}},{"type":"Feature","id":"ponto_entrega_voluntaria.282","geometry":{"type":"Point","coordinates":[345277.5704,7395968.8906]},"geometry_name":"ge_ponto","properties":{"cd_identificador_ponto_entrega_voluntaria":282,"cd_identificador_original":null,"nm_local":"Ecoponto Vila Talarico","nm_endereco":"Avenida Doutor Bernardino Brito Fonseca de Carvalho, 1050","qt_container":4,"nm_subprefeitura":"Penha"}},{"type":"Feature","id":"ponto_entrega_voluntaria.283","geometry":{"type":"Point","coordinates":[338702.6511,7405743.7362]},"geometry_name":"ge_ponto","properties":{"cd_identificador_ponto_entrega_voluntaria":283,"cd_identificador_original":null,"nm_local":"Fábricas de Cultura","nm_endereco":"Rua Raimundo Eduardo da Silva, 138","qt_container":2,"nm_subprefeitura":"Jaçanã-Tremembé"}},{"type":"Feature","id":"ponto_entrega_voluntaria.284","geometry":{"type":"Point","coordinates":[334669.998,7403634.2201]},"geometry_name":"ge_ponto","properties":{"cd_identificador_ponto_entrega_voluntaria":284,"cd_identificador_original":null,"nm_local":"HPM - Centro Médico da Polícia Militar do Estado de São Paulo","nm_endereco":"Avenida Nova Cantareira, 3659","qt_container":1,"nm_subprefeitura":"Santana-Tucuruvi"}},{"type":"Feature","id":"ponto_entrega_voluntaria.285","geometry":{"type":"Point","coordinates":[340358.4553,7398667.739]},"geometry_name":"ge_ponto","properties":{"cd_identificador_ponto_entrega_voluntaria":285,"cd_identificador_original":null,"nm_local":"Limpa SP","nm_endereco":"Rua Soldado Cristovão Morais Garcia, 680","qt_container":1,"nm_subprefeitura":"Vila Maria-Vila Guilherme"}},{"type":"Feature","id":"ponto_entrega_voluntaria.286","geometry":{"type":"Point","coordinates":[348453.3795,7395807.4182]},"geometry_name":"ge_ponto","properties":{"cd_identificador_ponto_entrega_voluntaria":286,"cd_identificador_original":null,"nm_local":"Estação Artur Alvim","nm_endereco":"Rua Doutor Campos Moura, 192","qt_container":2,"nm_subprefeitura":"Penha"}},{"type":"Feature","id":"ponto_entrega_voluntaria.287","geometry":{"type":"Point","coordinates":[334830.1051,7401054.0875]},"geometry_name":"ge_ponto","properties":{"cd_identificador_ponto_entrega_voluntaria":287,"cd_identificador_original":null,"nm_local":"Estação Jardim São Paulo","nm_endereco":"Rua Carlos de Laet, 139","qt_container":2,"nm_subprefeitura":"Santana-Tucuruvi"}},{"type":"Feature","id":"ponto_entrega_voluntaria.288","geometry":{"type":"Point","coordinates":[335706.4441,7401654.3365]},"geometry_name":"ge_ponto","properties":{"cd_identificador_ponto_entrega_voluntaria":288,"cd_identificador_original":null,"nm_local":"Estação Parada Inglesa","nm_endereco":"Avenida Luiz Dumont Villares, 1737","qt_container":2,"nm_subprefeitura":"Santana-Tucuruvi"}},{"type":"Feature","id":"ponto_entrega_voluntaria.289","geometry":{"type":"Point","coordinates":[338165.7306,7398856.2224]},"geometry_name":"ge_ponto","properties":{"cd_identificador_ponto_entrega_voluntaria":289,"cd_identificador_original":null,"nm_local":"Paróquia Nossa Senhora da Candelária","nm_endereco":"Praça Nossa Senhora da Candelária","qt_container":2,"nm_subprefeitura":"Vila Maria-Vila Guilherme"}},{"type":"Feature","id":"ponto_entrega_voluntaria.290","geometry":{"type":"Point","coordinates":[326570.003,7399930.1955]},"geometry_name":"ge_ponto","properties":{"cd_identificador_ponto_entrega_voluntaria":290,"cd_identificador_original":null,"nm_local":"Paróquia Nossa Senhora do Ó","nm_endereco":"Largo da Matriz de Nossa Senhora do Ó, 52","qt_container":2,"nm_subprefeitura":"Freguesia-Brasilândia"}},{"type":"Feature","id":"ponto_entrega_voluntaria.291","geometry":{"type":"Point","coordinates":[334546.9423,7399397.935]},"geometry_name":"ge_ponto","properties":{"cd_identificador_ponto_entrega_voluntaria":291,"cd_identificador_original":null,"nm_local":"Parque da Juventude","nm_endereco":"Avenida Cruzeiro do Sul, 2630","qt_container":2,"nm_subprefeitura":"Santana-Tucuruvi"}},{"type":"Feature","id":"ponto_entrega_voluntaria.292","geometry":{"type":"Point","coordinates":[332811.7965,7404308.8202]},"geometry_name":"ge_ponto","properties":{"cd_identificador_ponto_entrega_voluntaria":292,"cd_identificador_original":null,"nm_local":"Parque Horto Florestal","nm_endereco":"Rua do Horto, 931","qt_container":6,"nm_subprefeitura":"Santana-Tucuruvi"}},{"type":"Feature","id":"ponto_entrega_voluntaria.293","geometry":{"type":"Point","coordinates":[333846.8468,7399763.4733]},"geometry_name":"ge_ponto","properties":{"cd_identificador_ponto_entrega_voluntaria":293,"cd_identificador_original":null,"nm_local":"Policia GCM Cantareira","nm_endereco":"Rua Salete, 27","qt_container":2,"nm_subprefeitura":"Santana-Tucuruvi"}},{"type":"Feature","id":"ponto_entrega_voluntaria.294","geometry":{"type":"Point","coordinates":[338127.6747,7404474.7714]},"geometry_name":"ge_ponto","properties":{"cd_identificador_ponto_entrega_voluntaria":294,"cd_identificador_original":null,"nm_local":"Praça Álvaro Altair Marinelli","nm_endereco":"Praça Álvaro Altair Marinelli","qt_container":1,"nm_subprefeitura":"Jaçanã-Tremembé"}},{"type":"Feature","id":"ponto_entrega_voluntaria.295","geometry":{"type":"Point","coordinates":[333661.3006,7398580.6444]},"geometry_name":"ge_ponto","properties":{"cd_identificador_ponto_entrega_voluntaria":295,"cd_identificador_original":null,"nm_local":"Praça Campo de Bagatelle","nm_endereco":"Praça Campo de Bagatelle","qt_container":1,"nm_subprefeitura":"Santana-Tucuruvi"}},{"type":"Feature","id":"ponto_entrega_voluntaria.296","geometry":{"type":"Point","coordinates":[338141.51,7399357.2072]},"geometry_name":"ge_ponto","properties":{"cd_identificador_ponto_entrega_voluntaria":296,"cd_identificador_original":null,"nm_local":"Praça Carauari","nm_endereco":"Praça Carauari","qt_container":1,"nm_subprefeitura":"Vila Maria-Vila Guilherme"}},{"type":"Feature","id":"ponto_entrega_voluntaria.297","geometry":{"type":"Point","coordinates":[330800.9366,7399171.1153]},"geometry_name":"ge_ponto","properties":{"cd_identificador_ponto_entrega_voluntaria":297,"cd_identificador_original":null,"nm_local":"Praça Centenário","nm_endereco":"Praça Centenário","qt_container":1,"nm_subprefeitura":"Casa Verde"}},{"type":"Feature","id":"ponto_entrega_voluntaria.298","geometry":{"type":"Point","coordinates":[330768.9214,7399068.9633]},"geometry_name":"ge_ponto","properties":{"cd_identificador_ponto_entrega_voluntaria":298,"cd_identificador_original":null,"nm_local":"Praça Centenário","nm_endereco":"Praça Centenário","qt_container":1,"nm_subprefeitura":"Casa Verde"}},{"type":"Feature","id":"ponto_entrega_voluntaria.299","geometry":{"type":"Point","coordinates":[337582.2748,7399537.3043]},"geometry_name":"ge_ponto","properties":{"cd_identificador_ponto_entrega_voluntaria":299,"cd_identificador_original":null,"nm_local":"Praça Cidade Dourado","nm_endereco":"Praça Cidade Dourado","qt_container":1,"nm_subprefeitura":"Vila Maria-Vila Guilherme"}},{"type":"Feature","id":"ponto_entrega_voluntaria.300","geometry":{"type":"Point","coordinates":[340203.4466,7402867.172]},"geometry_name":"ge_ponto","properties":{"cd_identificador_ponto_entrega_voluntaria":300,"cd_identificador_original":null,"nm_local":"Praça Comandante Eduardo de Oliveira","nm_endereco":"Praça Comandante Eduardo de Oliveira","qt_container":3,"nm_subprefeitura":"Jaçanã-Tremembé"}},{"type":"Feature","id":"ponto_entrega_voluntaria.301","geometry":{"type":"Point","coordinates":[338131.8406,7404096.6101]},"geometry_name":"ge_ponto","properties":{"cd_identificador_ponto_entrega_voluntaria":301,"cd_identificador_original":null,"nm_local":"Praça Comendador Alberto de Sousa","nm_endereco":"Praça Comendador Alberto de Sousa","qt_container":2,"nm_subprefeitura":"Jaçanã-Tremembé"}},{"type":"Feature","id":"ponto_entrega_voluntaria.302","geometry":{"type":"Point","coordinates":[330851.437,7399751.6025]},"geometry_name":"ge_ponto","properties":{"cd_identificador_ponto_entrega_voluntaria":302,"cd_identificador_original":null,"nm_local":"Praça Cruz da Esperanca","nm_endereco":"Praça Cruz da Esperança","qt_container":1,"nm_subprefeitura":"Casa Verde"}},{"type":"Feature","id":"ponto_entrega_voluntaria.303","geometry":{"type":"Point","coordinates":[329877.1399,7399159.8716]},"geometry_name":"ge_ponto","properties":{"cd_identificador_ponto_entrega_voluntaria":303,"cd_identificador_original":null,"nm_local":"Praça Delegado Amoroso Neto","nm_endereco":"Praça Delegado Amoroso Neto","qt_container":1,"nm_subprefeitura":"Casa Verde"}},{"type":"Feature","id":"ponto_entrega_voluntaria.304","geometry":{"type":"Point","coordinates":[348617.4253,7395277.5411]},"geometry_name":"ge_ponto","properties":{"cd_identificador_ponto_entrega_voluntaria":304,"cd_identificador_original":null,"nm_local":"Praça Dilva Gomes Martins","nm_endereco":"Praça Dilva Gomes Martins","qt_container":1,"nm_subprefeitura":"Penha"}},{"type":"Feature","id":"ponto_entrega_voluntaria.305","geometry":{"type":"Point","coordinates":[339559.2766,7404763.3545]},"geometry_name":"ge_ponto","properties":{"cd_identificador_ponto_entrega_voluntaria":305,"cd_identificador_original":null,"nm_local":"Praça do Jaçanã","nm_endereco":"Rua Abílio Pedro Ramos","qt_container":1,"nm_subprefeitura":"Jaçanã-Tremembé"}},{"type":"Feature","id":"ponto_entrega_voluntaria.306","geometry":{"type":"Point","coordinates":[339497.7504,7402352.913]},"geometry_name":"ge_ponto","properties":{"cd_identificador_ponto_entrega_voluntaria":306,"cd_identificador_original":null,"nm_local":"Praça Erotides de Campos","nm_endereco":"Praça Erotides de Campos","qt_container":1,"nm_subprefeitura":"Vila Maria-Vila Guilherme"}},{"type":"Feature","id":"ponto_entrega_voluntaria.307","geometry":{"type":"Point","coordinates":[338010.7226,7404620.2248]},"geometry_name":"ge_ponto","properties":{"cd_identificador_ponto_entrega_voluntaria":307,"cd_identificador_original":null,"nm_local":"Praça Fausto Antonio","nm_endereco":"Praça Fausto Antonio","qt_container":1,"nm_subprefeitura":"Jaçanã-Tremembé"}},{"type":"Feature","id":"ponto_entrega_voluntaria.308","geometry":{"type":"Point","coordinates":[339557.2965,7399607.444]},"geometry_name":"ge_ponto","properties":{"cd_identificador_ponto_entrega_voluntaria":308,"cd_identificador_original":null,"nm_local":"Praça General Milton Tavares de Souza","nm_endereco":"Praça General Milton Tavares de Souza","qt_container":2,"nm_subprefeitura":"Vila Maria-Vila Guilherme"}},{"type":"Feature","id":"ponto_entrega_voluntaria.309","geometry":{"type":"Point","coordinates":[333755.6226,7399692.6659]},"geometry_name":"ge_ponto","properties":{"cd_identificador_ponto_entrega_voluntaria":309,"cd_identificador_original":null,"nm_local":"Praça Heróis da Força Expedicionária Brasileira","nm_endereco":"Praça Heróis da Força Expedicionária Brasileira","qt_container":1,"nm_subprefeitura":"Santana-Tucuruvi"}},{"type":"Feature","id":"ponto_entrega_voluntaria.310","geometry":{"type":"Point","coordinates":[335135.4096,7402501.2674]},"geometry_name":"ge_ponto","properties":{"cd_identificador_ponto_entrega_voluntaria":310,"cd_identificador_original":null,"nm_local":"Praça Jayme Janeiro Rodrigues","nm_endereco":"Praça Jayme Janeiro Rodrigues","qt_container":1,"nm_subprefeitura":"Santana-Tucuruvi"}},{"type":"Feature","id":"ponto_entrega_voluntaria.311","geometry":{"type":"Point","coordinates":[338200.6833,7404033.2448]},"geometry_name":"ge_ponto","properties":{"cd_identificador_ponto_entrega_voluntaria":311,"cd_identificador_original":null,"nm_local":"Praça João Batista Vasques","nm_endereco":"Praça João Batista Vasques","qt_container":1,"nm_subprefeitura":"Jaçanã-Tremembé"}},{"type":"Feature","id":"ponto_entrega_voluntaria.312","geometry":{"type":"Point","coordinates":[337409.5014,7399764.0879]},"geometry_name":"ge_ponto","properties":{"cd_identificador_ponto_entrega_voluntaria":312,"cd_identificador_original":null,"nm_local":"Praça Joaquim José da Nova","nm_endereco":"Praça Joaquim José da Nova","qt_container":2,"nm_subprefeitura":"Vila Maria-Vila Guilherme"}},{"type":"Feature","id":"ponto_entrega_voluntaria.313","geometry":{"type":"Point","coordinates":[329725.5377,7403035.9329]},"geometry_name":"ge_ponto","properties":{"cd_identificador_ponto_entrega_voluntaria":313,"cd_identificador_original":null,"nm_local":"Praça Manuel da Costa Negreiros","nm_endereco":"Praça Manuel da Costa Negreiros","qt_container":2,"nm_subprefeitura":"Casa Verde"}},{"type":"Feature","id":"ponto_entrega_voluntaria.314","geometry":{"type":"Point","coordinates":[325224.3239,7404643.9505]},"geometry_name":"ge_ponto","properties":{"cd_identificador_ponto_entrega_voluntaria":314,"cd_identificador_original":null,"nm_local":"Praça Marielle Franco","nm_endereco":"Rua Padre Achilles Silvestre, 512","qt_container":1,"nm_subprefeitura":"Freguesia-Brasilândia"}},{"type":"Feature","id":"ponto_entrega_voluntaria.315","geometry":{"type":"Point","coordinates":[338325.6895,7404343.7206]},"geometry_name":"ge_ponto","properties":{"cd_identificador_ponto_entrega_voluntaria":315,"cd_identificador_original":null,"nm_local":"Praça Memória do Jaçanã","nm_endereco":"Praça Memória do Jaçanã","qt_container":2,"nm_subprefeitura":"Jaçanã-Tremembé"}},{"type":"Feature","id":"ponto_entrega_voluntaria.316","geometry":{"type":"Point","coordinates":[339941.1918,7398328.3956]},"geometry_name":"ge_ponto","properties":{"cd_identificador_ponto_entrega_voluntaria":316,"cd_identificador_original":null,"nm_local":"Praça Novo Mundo","nm_endereco":"Praça Novo Mundo","qt_container":2,"nm_subprefeitura":"Vila Maria-Vila Guilherme"}},{"type":"Feature","id":"ponto_entrega_voluntaria.317","geometry":{"type":"Point","coordinates":[339873.0013,7398335.0709]},"geometry_name":"ge_ponto","properties":{"cd_identificador_ponto_entrega_voluntaria":317,"cd_identificador_original":null,"nm_local":"Praça Novo Mundo","nm_endereco":"Praça Novo Mundo","qt_container":2,"nm_subprefeitura":"Vila Maria-Vila Guilherme"}},{"type":"Feature","id":"ponto_entrega_voluntaria.318","geometry":{"type":"Point","coordinates":[336515.8509,7399393.4393]},"geometry_name":"ge_ponto","properties":{"cd_identificador_ponto_entrega_voluntaria":318,"cd_identificador_original":null,"nm_local":"Praça Oscar da Silva","nm_endereco":"Praça Oscar da Silva","qt_container":2,"nm_subprefeitura":"Vila Maria-Vila Guilherme"}},{"type":"Feature","id":"ponto_entrega_voluntaria.319","geometry":{"type":"Point","coordinates":[338604.7733,7403082.593]},"geometry_name":"ge_ponto","properties":{"cd_identificador_ponto_entrega_voluntaria":319,"cd_identificador_original":null,"nm_local":"Praça Santa Constança","nm_endereco":"Praça Santa Constança","qt_container":1,"nm_subprefeitura":"Jaçanã-Tremembé"}},{"type":"Feature","id":"ponto_entrega_voluntaria.320","geometry":{"type":"Point","coordinates":[337949.3745,7398564.665]},"geometry_name":"ge_ponto","properties":{"cd_identificador_ponto_entrega_voluntaria":320,"cd_identificador_original":null,"nm_local":"Praça Santo Eduardo","nm_endereco":"Praça Santo Eduardo","qt_container":2,"nm_subprefeitura":"Vila Maria-Vila Guilherme"}},{"type":"Feature","id":"ponto_entrega_voluntaria.321","geometry":{"type":"Point","coordinates":[338362.4386,7404151.5329]},"geometry_name":"ge_ponto","properties":{"cd_identificador_ponto_entrega_voluntaria":321,"cd_identificador_original":null,"nm_local":"Praça Wagner Macieira","nm_endereco":"Praça Wagner Macieira","qt_container":2,"nm_subprefeitura":"Jaçanã-Tremembé"}},{"type":"Feature","id":"ponto_entrega_voluntaria.322","geometry":{"type":"Point","coordinates":[335025.2293,7399943.9]},"geometry_name":"ge_ponto","properties":{"cd_identificador_ponto_entrega_voluntaria":322,"cd_identificador_original":null,"nm_local":"Presídio da Policia Civil","nm_endereco":"Avenida Zaki Narchi, 1751","qt_container":2,"nm_subprefeitura":"Santana-Tucuruvi"}},{"type":"Feature","id":"ponto_entrega_voluntaria.323","geometry":{"type":"Point","coordinates":[331784.5484,7398419.7886]},"geometry_name":"ge_ponto","properties":{"cd_identificador_ponto_entrega_voluntaria":323,"cd_identificador_original":null,"nm_local":"Sambódromo Anhembi","nm_endereco":"Avenida Olavo Fontoura, 1209","qt_container":1,"nm_subprefeitura":"Santana-Tucuruvi"}},{"type":"Feature","id":"ponto_entrega_voluntaria.324","geometry":{"type":"Point","coordinates":[331863.3599,7398422.6865]},"geometry_name":"ge_ponto","properties":{"cd_identificador_ponto_entrega_voluntaria":324,"cd_identificador_original":null,"nm_local":"Sambódromo Anhembi","nm_endereco":"Avenida Olavo Fontoura, 1209","qt_container":1,"nm_subprefeitura":"Santana-Tucuruvi"}},{"type":"Feature","id":"ponto_entrega_voluntaria.325","geometry":{"type":"Point","coordinates":[331951.9834,7398424.9211]},"geometry_name":"ge_ponto","properties":{"cd_identificador_ponto_entrega_voluntaria":325,"cd_identificador_original":null,"nm_local":"Sambódromo Anhembi","nm_endereco":"Avenida Olavo Fontoura, 1209","qt_container":1,"nm_subprefeitura":"Santana-Tucuruvi"}},{"type":"Feature","id":"ponto_entrega_voluntaria.326","geometry":{"type":"Point","coordinates":[331964.7392,7398425.8426]},"geometry_name":"ge_ponto","properties":{"cd_identificador_ponto_entrega_voluntaria":326,"cd_identificador_original":null,"nm_local":"Sambódromo Anhembi","nm_endereco":"Avenida Olavo Fontoura, 1209","qt_container":1,"nm_subprefeitura":"Santana-Tucuruvi"}},{"type":"Feature","id":"ponto_entrega_voluntaria.327","geometry":{"type":"Point","coordinates":[329849.0293,7398818.6447]},"geometry_name":"ge_ponto","properties":{"cd_identificador_ponto_entrega_voluntaria":327,"cd_identificador_original":null,"nm_local":"Subprefeitura Casa Verde-Cachoeirinha","nm_endereco":"Avenida Ordem e Progresso, 1001","qt_container":2,"nm_subprefeitura":"Casa Verde"}},{"type":"Feature","id":"ponto_entrega_voluntaria.328","geometry":{"type":"Point","coordinates":[329923.0843,7402739.2986]},"geometry_name":"ge_ponto","properties":{"cd_identificador_ponto_entrega_voluntaria":328,"cd_identificador_original":null,"nm_local":"Subprefeitura Freguesia-Brasilândia","nm_endereco":"Avenida João Marcelino Branco, 95","qt_container":1,"nm_subprefeitura":"Casa Verde"}},{"type":"Feature","id":"ponto_entrega_voluntaria.329","geometry":{"type":"Point","coordinates":[338383.414,7403767.9086]},"geometry_name":"ge_ponto","properties":{"cd_identificador_ponto_entrega_voluntaria":329,"cd_identificador_original":null,"nm_local":"Subprefeitura Jaçanã-Tremembé","nm_endereco":"Avenida Luis Stamatis, 300","qt_container":2,"nm_subprefeitura":"Jaçanã-Tremembé"}},{"type":"Feature","id":"ponto_entrega_voluntaria.330","geometry":{"type":"Point","coordinates":[344699.897,7398237.9482]},"geometry_name":"ge_ponto","properties":{"cd_identificador_ponto_entrega_voluntaria":330,"cd_identificador_original":null,"nm_local":"Subprefeitura Penha","nm_endereco":"Rua Candapui, 492","qt_container":2,"nm_subprefeitura":"Penha"}},{"type":"Feature","id":"ponto_entrega_voluntaria.331","geometry":{"type":"Point","coordinates":[337501.8593,7400065.9078]},"geometry_name":"ge_ponto","properties":{"cd_identificador_ponto_entrega_voluntaria":331,"cd_identificador_original":null,"nm_local":"Subprefeitura Vila Maria-Vila Guilherme","nm_endereco":"Rua General Mendes, 111","qt_container":1,"nm_subprefeitura":"Vila Maria-Vila Guilherme"}},{"type":"Feature","id":"ponto_entrega_voluntaria.332","geometry":{"type":"Point","coordinates":[337056.8773,7397894.035]},"geometry_name":"ge_ponto","properties":{"cd_identificador_ponto_entrega_voluntaria":332,"cd_identificador_original":null,"nm_local":"Viveiro Regional Vila Maria","nm_endereco":"Avenida Nadir Dias de Figueiredo, 395","qt_container":2,"nm_subprefeitura":"Vila Maria-Vila Guilherme"}},{"type":"Feature","id":"ponto_entrega_voluntaria.333","geometry":{"type":"Point","coordinates":[325101.6224,7397109.9499]},"geometry_name":"ge_ponto","properties":{"cd_identificador_ponto_entrega_voluntaria":333,"cd_identificador_original":null,"nm_local":"Avenida Mercedes","nm_endereco":"Avenida Mercedes, 787","qt_container":3,"nm_subprefeitura":"Lapa"}},{"type":"Feature","id":"ponto_entrega_voluntaria.334","geometry":{"type":"Point","coordinates":[329966.5531,7396709.2572]},"geometry_name":"ge_ponto","properties":{"cd_identificador_ponto_entrega_voluntaria":334,"cd_identificador_original":null,"nm_local":"Canteiro","nm_endereco":"Rua Monte Alegre, 47","qt_container":1,"nm_subprefeitura":"Lapa"}},{"type":"Feature","id":"ponto_entrega_voluntaria.335","geometry":{"type":"Point","coordinates":[327343.0982,7389426.8056]},"geometry_name":"ge_ponto","properties":{"cd_identificador_ponto_entrega_voluntaria":335,"cd_identificador_original":null,"nm_local":"CET Berrini","nm_endereco":"Avenida dos Bandeirantes (próximo a Praça do Cancioneiro)","qt_container":1,"nm_subprefeitura":"Pinheiros"}},{"type":"Feature","id":"ponto_entrega_voluntaria.336","geometry":{"type":"Point","coordinates":[322188.5421,7394539.6128]},"geometry_name":"ge_ponto","properties":{"cd_identificador_ponto_entrega_voluntaria":336,"cd_identificador_original":null,"nm_local":"CEU Jaguaré","nm_endereco":"Avenida Kenkiti Shimomoto, 80","qt_container":1,"nm_subprefeitura":"Lapa"}},{"type":"Feature","id":"ponto_entrega_voluntaria.337","geometry":{"type":"Point","coordinates":[316948.2766,7407843.1929]},"geometry_name":"ge_ponto","properties":{"cd_identificador_ponto_entrega_voluntaria":337,"cd_identificador_original":null,"nm_local":"Colégio Semear","nm_endereco":"Rua Luis Pereira Rebouças, 65","qt_container":1,"nm_subprefeitura":"Perus-Anhanguera"}},{"type":"Feature","id":"ponto_entrega_voluntaria.338","geometry":{"type":"Point","coordinates":[320066.7768,7407571.416]},"geometry_name":"ge_ponto","properties":{"cd_identificador_ponto_entrega_voluntaria":338,"cd_identificador_original":null,"nm_local":"Condomínio Chácara Jaraguá","nm_endereco":"Rua Rio Sapucaia do Sul","qt_container":3,"nm_subprefeitura":"Pirituba-Jaraguá"}},{"type":"Feature","id":"ponto_entrega_voluntaria.339","geometry":{"type":"Point","coordinates":[321270.8649,7405245.3341]},"geometry_name":"ge_ponto","properties":{"cd_identificador_ponto_entrega_voluntaria":339,"cd_identificador_original":null,"nm_local":"Ecoponto Alexios Jafet","nm_endereco":"Avenida Alexios Jafet, 233","qt_container":9,"nm_subprefeitura":"Pirituba-Jaraguá"}},{"type":"Feature","id":"ponto_entrega_voluntaria.340","geometry":{"type":"Point","coordinates":[325421.7695,7393780.5391]},"geometry_name":"ge_ponto","properties":{"cd_identificador_ponto_entrega_voluntaria":340,"cd_identificador_original":null,"nm_local":"Ecoponto Alto de Pinheiros","nm_endereco":"Praça Arcipreste Anselmo de Oliveira","qt_container":8,"nm_subprefeitura":"Pinheiros"}},{"type":"Feature","id":"ponto_entrega_voluntaria.341","geometry":{"type":"Point","coordinates":[324169.2461,7400939.8464]},"geometry_name":"ge_ponto","properties":{"cd_identificador_ponto_entrega_voluntaria":341,"cd_identificador_original":null,"nm_local":"Ecoponto Cônego José Salomon","nm_endereco":"Avenida Cônego José Salomon, 861","qt_container":12,"nm_subprefeitura":"Pirituba-Jaraguá"}},{"type":"Feature","id":"ponto_entrega_voluntaria.342","geometry":{"type":"Point","coordinates":[323830.893,7387898.4674]},"geometry_name":"ge_ponto","properties":{"cd_identificador_ponto_entrega_voluntaria":342,"cd_identificador_original":null,"nm_local":"Ecoponto Giovani Gronchi","nm_endereco":"Avenida Giovani Gronchi, 3413","qt_container":9,"nm_subprefeitura":"Butantã"}},{"type":"Feature","id":"ponto_entrega_voluntaria.343","geometry":{"type":"Point","coordinates":[320914.1197,7390130.2246]},"geometry_name":"ge_ponto","properties":{"cd_identificador_ponto_entrega_voluntaria":343,"cd_identificador_original":null,"nm_local":"Ecoponto Jardim Jaqueline","nm_endereco":"Parque Raposo Tavares","qt_container":9,"nm_subprefeitura":"Butantã"}},{"type":"Feature","id":"ponto_entrega_voluntaria.344","geometry":{"type":"Point","coordinates":[321762.2038,7389460.2016]},"geometry_name":"ge_ponto","properties":{"cd_identificador_ponto_entrega_voluntaria":344,"cd_identificador_original":null,"nm_local":"Ecoponto Jardim Maria do Carmo","nm_endereco":"Rua Caminho do Engenho, 800","qt_container":9,"nm_subprefeitura":"Butantã"}},{"type":"Feature","id":"ponto_entrega_voluntaria.345","geometry":{"type":"Point","coordinates":[316918.4362,7407514.307]},"geometry_name":"ge_ponto","properties":{"cd_identificador_ponto_entrega_voluntaria":345,"cd_identificador_original":null,"nm_local":"Ecoponto Jardim Santa Fé","nm_endereco":"Rua Salvador Albano, 156","qt_container":8,"nm_subprefeitura":"Perus-Anhanguera"}},{"type":"Feature","id":"ponto_entrega_voluntaria.346","geometry":{"type":"Point","coordinates":[322309.6973,7397109.9099]},"geometry_name":"ge_ponto","properties":{"cd_identificador_ponto_entrega_voluntaria":346,"cd_identificador_original":null,"nm_local":"Ecoponto Leopoldina","nm_endereco":"Avenida Doutor Gastão Vidigal, 800","qt_container":7,"nm_subprefeitura":"Lapa"}},{"type":"Feature","id":"ponto_entrega_voluntaria.347","geometry":{"type":"Point","coordinates":[327410.0975,7389302.4427]},"geometry_name":"ge_ponto","properties":{"cd_identificador_ponto_entrega_voluntaria":347,"cd_identificador_original":null,"nm_local":"Ecoponto Pinheiros","nm_endereco":"Praça do Cancioneiro, 15","qt_container":14,"nm_subprefeitura":"Pinheiros"}},{"type":"Feature","id":"ponto_entrega_voluntaria.348","geometry":{"type":"Point","coordinates":[319870.4034,7391616.7576]},"geometry_name":"ge_ponto","properties":{"cd_identificador_ponto_entrega_voluntaria":348,"cd_identificador_original":null,"nm_local":"Ecoponto Politécnica","nm_endereco":"Rua Paulino Baptista Conti, 02","qt_container":12,"nm_subprefeitura":"Butantã"}},{"type":"Feature","id":"ponto_entrega_voluntaria.349","geometry":{"type":"Point","coordinates":[321118.0608,7410108.1768]},"geometry_name":"ge_ponto","properties":{"cd_identificador_ponto_entrega_voluntaria":349,"cd_identificador_original":null,"nm_local":"Ecoponto Recanto dos Humildes","nm_endereco":"Rua Salles Gomes, 415","qt_container":17,"nm_subprefeitura":"Perus-Anhanguera"}},{"type":"Feature","id":"ponto_entrega_voluntaria.466","geometry":{"type":"Point","coordinates":[325226.2893,7375563.4166]},"geometry_name":"ge_ponto","properties":{"cd_identificador_ponto_entrega_voluntaria":466,"cd_identificador_original":null,"nm_local":"Parque Nove de Julho","nm_endereco":"Rua Naima Brein Siuf","qt_container":1,"nm_subprefeitura":"Capela Do Socorro"}},{"type":"Feature","id":"ponto_entrega_voluntaria.350","geometry":{"type":"Point","coordinates":[329466.6977,7397470.6416]},"geometry_name":"ge_ponto","properties":{"cd_identificador_ponto_entrega_voluntaria":350,"cd_identificador_original":null,"nm_local":"Ecoponto Viaduto Antártica","nm_endereco":"Rua Robert Bosch (baixos do Viaduto Antártica)","qt_container":8,"nm_subprefeitura":"Lapa"}},{"type":"Feature","id":"ponto_entrega_voluntaria.351","geometry":{"type":"Point","coordinates":[324537.8729,7402575.5926]},"geometry_name":"ge_ponto","properties":{"cd_identificador_ponto_entrega_voluntaria":351,"cd_identificador_original":null,"nm_local":"Ecoponto Vigário Godói","nm_endereco":"Rua Vigário Godói, 480","qt_container":6,"nm_subprefeitura":"Pirituba-Jaraguá"}},{"type":"Feature","id":"ponto_entrega_voluntaria.352","geometry":{"type":"Point","coordinates":[322177.4213,7398222.5351]},"geometry_name":"ge_ponto","properties":{"cd_identificador_ponto_entrega_voluntaria":352,"cd_identificador_original":null,"nm_local":"Ecoponto Vila Jaguará","nm_endereco":"Rua Agrestina, 189","qt_container":7,"nm_subprefeitura":"Lapa"}},{"type":"Feature","id":"ponto_entrega_voluntaria.353","geometry":{"type":"Point","coordinates":[327777.5874,7393656.065]},"geometry_name":"ge_ponto","properties":{"cd_identificador_ponto_entrega_voluntaria":353,"cd_identificador_original":null,"nm_local":"Ecoponto Vila Madalena","nm_endereco":"Rua Girassol, 15","qt_container":6,"nm_subprefeitura":"Pinheiros"}},{"type":"Feature","id":"ponto_entrega_voluntaria.354","geometry":{"type":"Point","coordinates":[322259.3345,7406120.7829]},"geometry_name":"ge_ponto","properties":{"cd_identificador_ponto_entrega_voluntaria":354,"cd_identificador_original":null,"nm_local":"Ecoponto Voith","nm_endereco":"Avenida Atílio Brugnoli, 489","qt_container":6,"nm_subprefeitura":"Pirituba-Jaraguá"}},{"type":"Feature","id":"ponto_entrega_voluntaria.355","geometry":{"type":"Point","coordinates":[329701.3241,7396667.4116]},"geometry_name":"ge_ponto","properties":{"cd_identificador_ponto_entrega_voluntaria":355,"cd_identificador_original":null,"nm_local":"Fundo Social de São Paulo","nm_endereco":"Rua Ministro Godói, 185","qt_container":1,"nm_subprefeitura":"Lapa"}},{"type":"Feature","id":"ponto_entrega_voluntaria.356","geometry":{"type":"Point","coordinates":[322696.8887,7401474.6991]},"geometry_name":"ge_ponto","properties":{"cd_identificador_ponto_entrega_voluntaria":356,"cd_identificador_original":null,"nm_local":"IFSP Pirituba","nm_endereco":"Avenida Mutinga, 181","qt_container":1,"nm_subprefeitura":"Pirituba-Jaraguá"}},{"type":"Feature","id":"ponto_entrega_voluntaria.357","geometry":{"type":"Point","coordinates":[328531.0894,7396993.8863]},"geometry_name":"ge_ponto","properties":{"cd_identificador_ponto_entrega_voluntaria":357,"cd_identificador_original":null,"nm_local":"Palestra Itália","nm_endereco":"Rua Palestra Itália, 1840","qt_container":1,"nm_subprefeitura":"Lapa"}},{"type":"Feature","id":"ponto_entrega_voluntaria.358","geometry":{"type":"Point","coordinates":[328502.1458,7397006.2843]},"geometry_name":"ge_ponto","properties":{"cd_identificador_ponto_entrega_voluntaria":358,"cd_identificador_original":null,"nm_local":"Palestra Itália","nm_endereco":"Rua Palestra Itália, 1883","qt_container":1,"nm_subprefeitura":"Lapa"}},{"type":"Feature","id":"ponto_entrega_voluntaria.359","geometry":{"type":"Point","coordinates":[317888.7888,7409030.9055]},"geometry_name":"ge_ponto","properties":{"cd_identificador_ponto_entrega_voluntaria":359,"cd_identificador_original":null,"nm_local":"Parque Anhanguera","nm_endereco":"Via Anhanguera","qt_container":4,"nm_subprefeitura":"Perus-Anhanguera"}},{"type":"Feature","id":"ponto_entrega_voluntaria.360","geometry":{"type":"Point","coordinates":[327614.052,7390563.2669]},"geometry_name":"ge_ponto","properties":{"cd_identificador_ponto_entrega_voluntaria":360,"cd_identificador_original":null,"nm_local":"Parque do Povo","nm_endereco":"Avenida Cidade Jardim","qt_container":5,"nm_subprefeitura":"Pinheiros"}},{"type":"Feature","id":"ponto_entrega_voluntaria.361","geometry":{"type":"Point","coordinates":[328152.012,7397986.3507]},"geometry_name":"ge_ponto","properties":{"cd_identificador_ponto_entrega_voluntaria":361,"cd_identificador_original":null,"nm_local":"Parque Jardim Perdizes","nm_endereco":"Rua Pablo Picasso","qt_container":3,"nm_subprefeitura":"Lapa"}},{"type":"Feature","id":"ponto_entrega_voluntaria.362","geometry":{"type":"Point","coordinates":[320792.7143,7390224.4323]},"geometry_name":"ge_ponto","properties":{"cd_identificador_ponto_entrega_voluntaria":362,"cd_identificador_original":null,"nm_local":"Parque Raposo Tavares","nm_endereco":"Parque Raposo Tavares, 70","qt_container":4,"nm_subprefeitura":"Butantã"}},{"type":"Feature","id":"ponto_entrega_voluntaria.363","geometry":{"type":"Point","coordinates":[324474.1261,7402173.6706]},"geometry_name":"ge_ponto","properties":{"cd_identificador_ponto_entrega_voluntaria":363,"cd_identificador_original":null,"nm_local":"Parque Rodrigo de Gasperi","nm_endereco":"Rua Antonio Fernandes Pinheiro, 46","qt_container":2,"nm_subprefeitura":"Pirituba-Jaraguá"}},{"type":"Feature","id":"ponto_entrega_voluntaria.364","geometry":{"type":"Point","coordinates":[323828.728,7395251.0239]},"geometry_name":"ge_ponto","properties":{"cd_identificador_ponto_entrega_voluntaria":364,"cd_identificador_original":null,"nm_local":"Parque Vila Lobos","nm_endereco":"Avenida Professor Fonseca Rodrigues, 2001","qt_container":2,"nm_subprefeitura":"Pinheiros"}},{"type":"Feature","id":"ponto_entrega_voluntaria.365","geometry":{"type":"Point","coordinates":[325075.5904,7396938.0766]},"geometry_name":"ge_ponto","properties":{"cd_identificador_ponto_entrega_voluntaria":365,"cd_identificador_original":null,"nm_local":"Praça Alfredo Egídio Arruda Villela","nm_endereco":"Praça Alfredo Egídio Arruda Villela, 100","qt_container":2,"nm_subprefeitura":"Lapa"}},{"type":"Feature","id":"ponto_entrega_voluntaria.366","geometry":{"type":"Point","coordinates":[325873.9603,7394888.8452]},"geometry_name":"ge_ponto","properties":{"cd_identificador_ponto_entrega_voluntaria":366,"cd_identificador_original":null,"nm_local":"Praça Capitão Mateus de Andrade","nm_endereco":"Rua Dona Elisa de Moraes Mendes","qt_container":1,"nm_subprefeitura":"Pinheiros"}},{"type":"Feature","id":"ponto_entrega_voluntaria.367","geometry":{"type":"Point","coordinates":[325891.8539,7394895.3713]},"geometry_name":"ge_ponto","properties":{"cd_identificador_ponto_entrega_voluntaria":367,"cd_identificador_original":null,"nm_local":"Praça Capitão Mateus de Andrade","nm_endereco":"Rua João Batista Cardoso","qt_container":1,"nm_subprefeitura":"Pinheiros"}},{"type":"Feature","id":"ponto_entrega_voluntaria.368","geometry":{"type":"Point","coordinates":[324964.5452,7394455.6792]},"geometry_name":"ge_ponto","properties":{"cd_identificador_ponto_entrega_voluntaria":368,"cd_identificador_original":null,"nm_local":"Praça Conde de Barcelos","nm_endereco":"Rua Bennet, 499","qt_container":1,"nm_subprefeitura":"Pinheiros"}},{"type":"Feature","id":"ponto_entrega_voluntaria.369","geometry":{"type":"Point","coordinates":[328729.8915,7397214.8422]},"geometry_name":"ge_ponto","properties":{"cd_identificador_ponto_entrega_voluntaria":369,"cd_identificador_original":null,"nm_local":"Praça Conde Francisco Matarazzo","nm_endereco":"Rua Padre Antônio Tomás, 02","qt_container":2,"nm_subprefeitura":"Lapa"}},{"type":"Feature","id":"ponto_entrega_voluntaria.370","geometry":{"type":"Point","coordinates":[326239.2594,7394144.8047]},"geometry_name":"ge_ponto","properties":{"cd_identificador_ponto_entrega_voluntaria":370,"cd_identificador_original":null,"nm_local":"Praça do Pôr do Sol","nm_endereco":"Rua Desembargador Ferreira França","qt_container":2,"nm_subprefeitura":"Pinheiros"}},{"type":"Feature","id":"ponto_entrega_voluntaria.371","geometry":{"type":"Point","coordinates":[320388.1714,7410028.5215]},"geometry_name":"ge_ponto","properties":{"cd_identificador_ponto_entrega_voluntaria":371,"cd_identificador_original":null,"nm_local":"Praça do Samba","nm_endereco":"Rua Mogeiro, 137","qt_container":6,"nm_subprefeitura":"Perus-Anhanguera"}},{"type":"Feature","id":"ponto_entrega_voluntaria.372","geometry":{"type":"Point","coordinates":[326344.8112,7393811.3515]},"geometry_name":"ge_ponto","properties":{"cd_identificador_ponto_entrega_voluntaria":372,"cd_identificador_original":null,"nm_local":"Praça Ernani Braga","nm_endereco":"Rua Professor Moniz, 112","qt_container":1,"nm_subprefeitura":"Pinheiros"}},{"type":"Feature","id":"ponto_entrega_voluntaria.373","geometry":{"type":"Point","coordinates":[328136.2278,7394536.9137]},"geometry_name":"ge_ponto","properties":{"cd_identificador_ponto_entrega_voluntaria":373,"cd_identificador_original":null,"nm_local":"Praça Horácio Sabino","nm_endereco":"Praça Horácio Sabino, 111","qt_container":1,"nm_subprefeitura":"Pinheiros"}},{"type":"Feature","id":"ponto_entrega_voluntaria.374","geometry":{"type":"Point","coordinates":[324501.4777,7397225.3805]},"geometry_name":"ge_ponto","properties":{"cd_identificador_ponto_entrega_voluntaria":374,"cd_identificador_original":null,"nm_local":"Praça John Lennon","nm_endereco":"Praça John Lennon, 540","qt_container":3,"nm_subprefeitura":"Lapa"}},{"type":"Feature","id":"ponto_entrega_voluntaria.375","geometry":{"type":"Point","coordinates":[326223.6816,7394553.7547]},"geometry_name":"ge_ponto","properties":{"cd_identificador_ponto_entrega_voluntaria":375,"cd_identificador_original":null,"nm_local":"Praça Marquês de Itanhaém","nm_endereco":"Praça Marquês de Itanhaém, 316","qt_container":1,"nm_subprefeitura":"Pinheiros"}},{"type":"Feature","id":"ponto_entrega_voluntaria.376","geometry":{"type":"Point","coordinates":[325129.2455,7396712.3302]},"geometry_name":"ge_ponto","properties":{"cd_identificador_ponto_entrega_voluntaria":376,"cd_identificador_original":null,"nm_local":"Praça Ministro Otávio Bilac Pinto","nm_endereco":"Praça Ministro Otávio Bilac Pinto, 113","qt_container":2,"nm_subprefeitura":"Lapa"}},{"type":"Feature","id":"ponto_entrega_voluntaria.377","geometry":{"type":"Point","coordinates":[325524.3113,7393281.4726]},"geometry_name":"ge_ponto","properties":{"cd_identificador_ponto_entrega_voluntaria":377,"cd_identificador_original":null,"nm_local":"Praça Monteiro Lobato","nm_endereco":"Praça Monteiro Lobato, 96","qt_container":2,"nm_subprefeitura":"Butantã"}},{"type":"Feature","id":"ponto_entrega_voluntaria.378","geometry":{"type":"Point","coordinates":[325198.6807,7395310.2004]},"geometry_name":"ge_ponto","properties":{"cd_identificador_ponto_entrega_voluntaria":378,"cd_identificador_original":null,"nm_local":"Praça Província de Saitama","nm_endereco":"Rua Marupi","qt_container":1,"nm_subprefeitura":"Pinheiros"}},{"type":"Feature","id":"ponto_entrega_voluntaria.379","geometry":{"type":"Point","coordinates":[325234.7807,7395262.8952]},"geometry_name":"ge_ponto","properties":{"cd_identificador_ponto_entrega_voluntaria":379,"cd_identificador_original":null,"nm_local":"Praça Província de Saitama","nm_endereco":"Rua Marupi","qt_container":1,"nm_subprefeitura":"Pinheiros"}},{"type":"Feature","id":"ponto_entrega_voluntaria.380","geometry":{"type":"Point","coordinates":[325106.0311,7389484.356]},"geometry_name":"ge_ponto","properties":{"cd_identificador_ponto_entrega_voluntaria":380,"cd_identificador_original":null,"nm_local":"Praça Santos Coimbra","nm_endereco":"Praça Santos Coimbra, 695","qt_container":3,"nm_subprefeitura":"Butantã"}},{"type":"Feature","id":"ponto_entrega_voluntaria.381","geometry":{"type":"Point","coordinates":[326044.8193,7394843.3625]},"geometry_name":"ge_ponto","properties":{"cd_identificador_ponto_entrega_voluntaria":381,"cd_identificador_original":null,"nm_local":"Praça São João da Cruz","nm_endereco":"Praça São João da Cruz","qt_container":1,"nm_subprefeitura":"Pinheiros"}},{"type":"Feature","id":"ponto_entrega_voluntaria.382","geometry":{"type":"Point","coordinates":[326130.1277,7398564.2392]},"geometry_name":"ge_ponto","properties":{"cd_identificador_ponto_entrega_voluntaria":382,"cd_identificador_original":null,"nm_local":"Praça Sebastião Jaime Pinto","nm_endereco":"Avenida Ermano Marchetti","qt_container":6,"nm_subprefeitura":"Lapa"}},{"type":"Feature","id":"ponto_entrega_voluntaria.383","geometry":{"type":"Point","coordinates":[324437.6211,7397500.4009]},"geometry_name":"ge_ponto","properties":{"cd_identificador_ponto_entrega_voluntaria":383,"cd_identificador_original":null,"nm_local":"Praça Senador José Roberto Leite","nm_endereco":"Praça Senador José Roberto Leite, 107","qt_container":5,"nm_subprefeitura":"Lapa"}},{"type":"Feature","id":"ponto_entrega_voluntaria.384","geometry":{"type":"Point","coordinates":[324353.2883,7397600.5115]},"geometry_name":"ge_ponto","properties":{"cd_identificador_ponto_entrega_voluntaria":384,"cd_identificador_original":null,"nm_local":"Praça Senador José Roberto Leite","nm_endereco":"Praça Senador José Roberto Leite, 424","qt_container":1,"nm_subprefeitura":"Lapa"}},{"type":"Feature","id":"ponto_entrega_voluntaria.385","geometry":{"type":"Point","coordinates":[329142.5119,7397185.105]},"geometry_name":"ge_ponto","properties":{"cd_identificador_ponto_entrega_voluntaria":385,"cd_identificador_original":null,"nm_local":"Praça Sousa Aranha","nm_endereco":"Avenida Francisco Matarazzo, 1239","qt_container":2,"nm_subprefeitura":"Lapa"}},{"type":"Feature","id":"ponto_entrega_voluntaria.386","geometry":{"type":"Point","coordinates":[325342.4625,7389259.8004]},"geometry_name":"ge_ponto","properties":{"cd_identificador_ponto_entrega_voluntaria":386,"cd_identificador_original":null,"nm_local":"Praça Vinícius de Moraes","nm_endereco":"Avenida Giovanni Gronchi","qt_container":7,"nm_subprefeitura":"Butantã"}},{"type":"Feature","id":"ponto_entrega_voluntaria.387","geometry":{"type":"Point","coordinates":[324599.3032,7402051.4517]},"geometry_name":"ge_ponto","properties":{"cd_identificador_ponto_entrega_voluntaria":387,"cd_identificador_original":null,"nm_local":"Praça Yara Yavelber","nm_endereco":"Avenida Cabo Adão Pereira","qt_container":2,"nm_subprefeitura":"Pirituba-Jaraguá"}},{"type":"Feature","id":"ponto_entrega_voluntaria.388","geometry":{"type":"Point","coordinates":[320565.2692,7378675.4487]},"geometry_name":"ge_ponto","properties":{"cd_identificador_ponto_entrega_voluntaria":388,"cd_identificador_original":null,"nm_local":"100º DP - Jardim Herculano","nm_endereco":"Rua José Carlos dos Santos Marques, 301","qt_container":1,"nm_subprefeitura":"M'Boi Mirim"}},{"type":"Feature","id":"ponto_entrega_voluntaria.389","geometry":{"type":"Point","coordinates":[325414.4676,7380560.039]},"geometry_name":"ge_ponto","properties":{"cd_identificador_ponto_entrega_voluntaria":389,"cd_identificador_original":null,"nm_local":"102º DP","nm_endereco":"Avenida Atlântica, 1171","qt_container":1,"nm_subprefeitura":"Capela Do Socorro"}},{"type":"Feature","id":"ponto_entrega_voluntaria.390","geometry":{"type":"Point","coordinates":[328527.7957,7383094.8671]},"geometry_name":"ge_ponto","properties":{"cd_identificador_ponto_entrega_voluntaria":390,"cd_identificador_original":null,"nm_local":"22º BPMM","nm_endereco":"Rua Doutor Paulo Aires Neto, 110","qt_container":1,"nm_subprefeitura":"Santo Amaro"}},{"type":"Feature","id":"ponto_entrega_voluntaria.391","geometry":{"type":"Point","coordinates":[319499.305,7379617.3546]},"geometry_name":"ge_ponto","properties":{"cd_identificador_ponto_entrega_voluntaria":391,"cd_identificador_original":null,"nm_local":"37º BPM Base do Jardim Ângela","nm_endereco":"Estrada do M'Boi Mirim, 4300","qt_container":1,"nm_subprefeitura":"M'Boi Mirim"}},{"type":"Feature","id":"ponto_entrega_voluntaria.392","geometry":{"type":"Point","coordinates":[320893.7661,7381992.3793]},"geometry_name":"ge_ponto","properties":{"cd_identificador_ponto_entrega_voluntaria":392,"cd_identificador_original":null,"nm_local":"92º DP - Parque Santo Antônio","nm_endereco":"Rua Maria Benedita Rodrigues, 300","qt_container":1,"nm_subprefeitura":"M'Boi Mirim"}},{"type":"Feature","id":"ponto_entrega_voluntaria.393","geometry":{"type":"Point","coordinates":[327946.161,7382178.6891]},"geometry_name":"ge_ponto","properties":{"cd_identificador_ponto_entrega_voluntaria":393,"cd_identificador_original":null,"nm_local":"99º DP - Campo Grande","nm_endereco":"Rua Sargento Manuel Barbosa da Silva, 115","qt_container":1,"nm_subprefeitura":"Santo Amaro"}},{"type":"Feature","id":"ponto_entrega_voluntaria.394","geometry":{"type":"Point","coordinates":[325548.2254,7362834.8262]},"geometry_name":"ge_ponto","properties":{"cd_identificador_ponto_entrega_voluntaria":394,"cd_identificador_original":null,"nm_local":"AMA – Associação de Amigos do Autista","nm_endereco":"Rua Henrique Reinberg, 1015","qt_container":1,"nm_subprefeitura":"Parelheiros"}},{"type":"Feature","id":"ponto_entrega_voluntaria.395","geometry":{"type":"Point","coordinates":[326650.6479,7377589.4411]},"geometry_name":"ge_ponto","properties":{"cd_identificador_ponto_entrega_voluntaria":395,"cd_identificador_original":null,"nm_local":"Autódromo José Carlos Pace","nm_endereco":"Avenida Senador Teotônio Vilela, 261","qt_container":1,"nm_subprefeitura":"Capela Do Socorro"}},{"type":"Feature","id":"ponto_entrega_voluntaria.396","geometry":{"type":"Point","coordinates":[326545.5835,7377804.3879]},"geometry_name":"ge_ponto","properties":{"cd_identificador_ponto_entrega_voluntaria":396,"cd_identificador_original":null,"nm_local":"Autódromo Municipal de Interlagos","nm_endereco":"Avenida Interlagos & Avenida Senador Teotônio Vilela","qt_container":1,"nm_subprefeitura":"Capela Do Socorro"}},{"type":"Feature","id":"ponto_entrega_voluntaria.397","geometry":{"type":"Point","coordinates":[318531.9429,7378541.2118]},"geometry_name":"ge_ponto","properties":{"cd_identificador_ponto_entrega_voluntaria":397,"cd_identificador_original":null,"nm_local":"Base Comunitária de Segurança do Jardim Ranieri","nm_endereco":"Estrada do M’Boi Mirim, 5780","qt_container":1,"nm_subprefeitura":"M'Boi Mirim"}},{"type":"Feature","id":"ponto_entrega_voluntaria.398","geometry":{"type":"Point","coordinates":[318800.7645,7385256.4465]},"geometry_name":"ge_ponto","properties":{"cd_identificador_ponto_entrega_voluntaria":398,"cd_identificador_original":null,"nm_local":"Casa de Cultura","nm_endereco":"Rua Aroldo de Azevedo, 60","qt_container":1,"nm_subprefeitura":"Campo Limpo"}},{"type":"Feature","id":"ponto_entrega_voluntaria.399","geometry":{"type":"Point","coordinates":[325753.9375,7383859.619]},"geometry_name":"ge_ponto","properties":{"cd_identificador_ponto_entrega_voluntaria":399,"cd_identificador_original":null,"nm_local":"Casa de Cultura Manuel Cardoso de Mendonça","nm_endereco":"Praça Doutor Francisco Ferreira Lopes","qt_container":1,"nm_subprefeitura":"Santo Amaro"}},{"type":"Feature","id":"ponto_entrega_voluntaria.400","geometry":{"type":"Point","coordinates":[325541.0462,7382944.0884]},"geometry_name":"ge_ponto","properties":{"cd_identificador_ponto_entrega_voluntaria":400,"cd_identificador_original":null,"nm_local":"CDM Joerg Bruder","nm_endereco":"Avenida Padre José Maria, 555","qt_container":1,"nm_subprefeitura":"Santo Amaro"}},{"type":"Feature","id":"ponto_entrega_voluntaria.401","geometry":{"type":"Point","coordinates":[323261.8542,7381541.959]},"geometry_name":"ge_ponto","properties":{"cd_identificador_ponto_entrega_voluntaria":401,"cd_identificador_original":null,"nm_local":"CEI Cr.P. Conv Cedro do Líbano","nm_endereco":"Rua Guilherme Valente, 131","qt_container":1,"nm_subprefeitura":"M'Boi Mirim"}},{"type":"Feature","id":"ponto_entrega_voluntaria.402","geometry":{"type":"Point","coordinates":[322128.6879,7383767.3977]},"geometry_name":"ge_ponto","properties":{"cd_identificador_ponto_entrega_voluntaria":402,"cd_identificador_original":null,"nm_local":"CEMEI Casablanca","nm_endereco":"Rua João damasceno, 85","qt_container":1,"nm_subprefeitura":"M'Boi Mirim"}},{"type":"Feature","id":"ponto_entrega_voluntaria.403","geometry":{"type":"Point","coordinates":[317096.8622,7379363.145]},"geometry_name":"ge_ponto","properties":{"cd_identificador_ponto_entrega_voluntaria":403,"cd_identificador_original":null,"nm_local":"CEU Feitiço da Vila","nm_endereco":"Rua Feitiço da Vila, 399","qt_container":1,"nm_subprefeitura":"Campo Limpo"}},{"type":"Feature","id":"ponto_entrega_voluntaria.404","geometry":{"type":"Point","coordinates":[319982.4813,7378219.5435]},"geometry_name":"ge_ponto","properties":{"cd_identificador_ponto_entrega_voluntaria":404,"cd_identificador_original":null,"nm_local":"CEU Guarapiranga","nm_endereco":"Estrada da Baronesa, 1120","qt_container":1,"nm_subprefeitura":"M'Boi Mirim"}},{"type":"Feature","id":"ponto_entrega_voluntaria.405","geometry":{"type":"Point","coordinates":[323807.2239,7386478.2518]},"geometry_name":"ge_ponto","properties":{"cd_identificador_ponto_entrega_voluntaria":405,"cd_identificador_original":null,"nm_local":"CEU Paraisópolis","nm_endereco":"Rua Doutor José Augusto de Souza e Silva","qt_container":1,"nm_subprefeitura":"Campo Limpo"}},{"type":"Feature","id":"ponto_entrega_voluntaria.406","geometry":{"type":"Point","coordinates":[324432.5549,7363658.1062]},"geometry_name":"ge_ponto","properties":{"cd_identificador_ponto_entrega_voluntaria":406,"cd_identificador_original":null,"nm_local":"CEU Parelheiros","nm_endereco":"Rua Terezinha do Prado Oliveira, 01","qt_container":1,"nm_subprefeitura":"Parelheiros"}},{"type":"Feature","id":"ponto_entrega_voluntaria.407","geometry":{"type":"Point","coordinates":[326970.9404,7374889.8625]},"geometry_name":"ge_ponto","properties":{"cd_identificador_ponto_entrega_voluntaria":407,"cd_identificador_original":null,"nm_local":"CEU Vila Rubi","nm_endereco":"Rua Domingos Tarroso, 101","qt_container":1,"nm_subprefeitura":"Capela Do Socorro"}},{"type":"Feature","id":"ponto_entrega_voluntaria.408","geometry":{"type":"Point","coordinates":[317662.8014,7383840.6607]},"geometry_name":"ge_ponto","properties":{"cd_identificador_ponto_entrega_voluntaria":408,"cd_identificador_original":null,"nm_local":"Condomínio Paineira","nm_endereco":"Rua Francisco Caminhoa, 162","qt_container":1,"nm_subprefeitura":"Campo Limpo"}},{"type":"Feature","id":"ponto_entrega_voluntaria.409","geometry":{"type":"Point","coordinates":[319156.6821,7381609.8136]},"geometry_name":"ge_ponto","properties":{"cd_identificador_ponto_entrega_voluntaria":409,"cd_identificador_original":null,"nm_local":"Condomínio Parque das Árvores","nm_endereco":"Avenida Ellis Maas, 970","qt_container":1,"nm_subprefeitura":"Campo Limpo"}},{"type":"Feature","id":"ponto_entrega_voluntaria.410","geometry":{"type":"Point","coordinates":[323741.1871,7382000.7803]},"geometry_name":"ge_ponto","properties":{"cd_identificador_ponto_entrega_voluntaria":410,"cd_identificador_original":null,"nm_local":"Condomínio Residencial Guido Caloi A","nm_endereco":"Avenida Luiz Gushiken, 170","qt_container":1,"nm_subprefeitura":"M'Boi Mirim"}},{"type":"Feature","id":"ponto_entrega_voluntaria.411","geometry":{"type":"Point","coordinates":[324854.4313,7370554.7845]},"geometry_name":"ge_ponto","properties":{"cd_identificador_ponto_entrega_voluntaria":411,"cd_identificador_original":null,"nm_local":"Cooperatica Coopercaps - Sodimac Dicico","nm_endereco":"Rua Balneário São José","qt_container":1,"nm_subprefeitura":"Parelheiros"}},{"type":"Feature","id":"ponto_entrega_voluntaria.412","geometry":{"type":"Point","coordinates":[324530.9543,7381550.1185]},"geometry_name":"ge_ponto","properties":{"cd_identificador_ponto_entrega_voluntaria":412,"cd_identificador_original":null,"nm_local":"Cooperativa Coopercaps - Sodimac Dicico","nm_endereco":"Avenida Guarapiranga, 881","qt_container":1,"nm_subprefeitura":"Capela Do Socorro"}},{"type":"Feature","id":"ponto_entrega_voluntaria.413","geometry":{"type":"Point","coordinates":[324303.4385,7363467.133]},"geometry_name":"ge_ponto","properties":{"cd_identificador_ponto_entrega_voluntaria":413,"cd_identificador_original":null,"nm_local":"E. E. Alexandre Marcondes Filho","nm_endereco":"Rua Maria Roschel Schunck, 756","qt_container":1,"nm_subprefeitura":"Parelheiros"}},{"type":"Feature","id":"ponto_entrega_voluntaria.414","geometry":{"type":"Point","coordinates":[326193.144,7360112.8982]},"geometry_name":"ge_ponto","properties":{"cd_identificador_ponto_entrega_voluntaria":414,"cd_identificador_original":null,"nm_local":"E. E. Ayrton Senna da Silva","nm_endereco":"Rua Ipê Roxo, 112","qt_container":1,"nm_subprefeitura":"Parelheiros"}},{"type":"Feature","id":"ponto_entrega_voluntaria.415","geometry":{"type":"Point","coordinates":[328148.9445,7375426.9729]},"geometry_name":"ge_ponto","properties":{"cd_identificador_ponto_entrega_voluntaria":415,"cd_identificador_original":null,"nm_local":"E. M. Angelo Kreta","nm_endereco":"Rua Forte Nelsom, 3","qt_container":1,"nm_subprefeitura":"Capela Do Socorro"}},{"type":"Feature","id":"ponto_entrega_voluntaria.416","geometry":{"type":"Point","coordinates":[322361.6331,7380473.6763]},"geometry_name":"ge_ponto","properties":{"cd_identificador_ponto_entrega_voluntaria":416,"cd_identificador_original":null,"nm_local":"E. M. Dinah Silveira de Queiroz","nm_endereco":"Rua Sebastião Senret, 137","qt_container":1,"nm_subprefeitura":"M'Boi Mirim"}},{"type":"Feature","id":"ponto_entrega_voluntaria.417","geometry":{"type":"Point","coordinates":[325400.4452,7361137.8351]},"geometry_name":"ge_ponto","properties":{"cd_identificador_ponto_entrega_voluntaria":417,"cd_identificador_original":null,"nm_local":"E. M. Jardim Silveira","nm_endereco":"Rua Antônio Bernal, 72","qt_container":1,"nm_subprefeitura":"Parelheiros"}},{"type":"Feature","id":"ponto_entrega_voluntaria.418","geometry":{"type":"Point","coordinates":[323488.643,7381751.9435]},"geometry_name":"ge_ponto","properties":{"cd_identificador_ponto_entrega_voluntaria":418,"cd_identificador_original":null,"nm_local":"E.E. Comendador Alfredo Vianello Gregório","nm_endereco":"Rua Filipe de Veras, s/n","qt_container":1,"nm_subprefeitura":"M'Boi Mirim"}},{"type":"Feature","id":"ponto_entrega_voluntaria.419","geometry":{"type":"Point","coordinates":[320037.8547,7381154.4299]},"geometry_name":"ge_ponto","properties":{"cd_identificador_ponto_entrega_voluntaria":419,"cd_identificador_original":null,"nm_local":"E.E. Deputado João Sussumu Hirata","nm_endereco":"Rua Comendador Antunes dos Santos, 936","qt_container":1,"nm_subprefeitura":"Campo Limpo"}},{"type":"Feature","id":"ponto_entrega_voluntaria.420","geometry":{"type":"Point","coordinates":[328125.0687,7373594.9704]},"geometry_name":"ge_ponto","properties":{"cd_identificador_ponto_entrega_voluntaria":420,"cd_identificador_original":null,"nm_local":"E.E. José Ephim Mindlin","nm_endereco":"Rua Augusto Teixeira, 101","qt_container":1,"nm_subprefeitura":"Capela Do Socorro"}},{"type":"Feature","id":"ponto_entrega_voluntaria.421","geometry":{"type":"Point","coordinates":[322782.0808,7383090.865]},"geometry_name":"ge_ponto","properties":{"cd_identificador_ponto_entrega_voluntaria":421,"cd_identificador_original":null,"nm_local":"E.E. Professor Luiz Gonzaga Pinto","nm_endereco":"Rua Geraldo Fraga de Oliveira, 324","qt_container":1,"nm_subprefeitura":"M'Boi Mirim"}},{"type":"Feature","id":"ponto_entrega_voluntaria.422","geometry":{"type":"Point","coordinates":[323546.1431,7367744.3899]},"geometry_name":"ge_ponto","properties":{"cd_identificador_ponto_entrega_voluntaria":422,"cd_identificador_original":null,"nm_local":"E.E. Professor Mário Arminante","nm_endereco":"Rua José Roschel Rodrigues, 146","qt_container":1,"nm_subprefeitura":"Parelheiros"}},{"type":"Feature","id":"ponto_entrega_voluntaria.423","geometry":{"type":"Point","coordinates":[326982.0465,7372659.8628]},"geometry_name":"ge_ponto","properties":{"cd_identificador_ponto_entrega_voluntaria":423,"cd_identificador_original":null,"nm_local":"E.E. Professora Esther Garcia","nm_endereco":"Avenida Antônio Carlos Benjamin dos Santos, 858","qt_container":1,"nm_subprefeitura":"Capela Do Socorro"}},{"type":"Feature","id":"ponto_entrega_voluntaria.424","geometry":{"type":"Point","coordinates":[320476.9752,7382532.4127]},"geometry_name":"ge_ponto","properties":{"cd_identificador_ponto_entrega_voluntaria":424,"cd_identificador_original":null,"nm_local":"E.E. Professora Zenaide Avelino Maia","nm_endereco":"Rua José de Araújo Novaes, 155","qt_container":1,"nm_subprefeitura":"Campo Limpo"}},{"type":"Feature","id":"ponto_entrega_voluntaria.425","geometry":{"type":"Point","coordinates":[322400.8299,7380521.7821]},"geometry_name":"ge_ponto","properties":{"cd_identificador_ponto_entrega_voluntaria":425,"cd_identificador_original":null,"nm_local":"E.M. Dinah Silveira de Queiroz","nm_endereco":"Rua Taimir","qt_container":1,"nm_subprefeitura":"M'Boi Mirim"}},{"type":"Feature","id":"ponto_entrega_voluntaria.426","geometry":{"type":"Point","coordinates":[325191.0936,7385027.3586]},"geometry_name":"ge_ponto","properties":{"cd_identificador_ponto_entrega_voluntaria":426,"cd_identificador_original":null,"nm_local":"Ecoponto Alceu Maynard de Araújo","nm_endereco":"Avenida Professor Alceu Maynard de Araújo, 330","qt_container":1,"nm_subprefeitura":"Santo Amaro"}},{"type":"Feature","id":"ponto_entrega_voluntaria.427","geometry":{"type":"Point","coordinates":[324338.6094,7382103.0346]},"geometry_name":"ge_ponto","properties":{"cd_identificador_ponto_entrega_voluntaria":427,"cd_identificador_original":null,"nm_local":"Ecoponto Cidade Saudável","nm_endereco":"Rua Ptolomeu, 869","qt_container":1,"nm_subprefeitura":"Capela Do Socorro"}},{"type":"Feature","id":"ponto_entrega_voluntaria.428","geometry":{"type":"Point","coordinates":[320658.7453,7385162.7957]},"geometry_name":"ge_ponto","properties":{"cd_identificador_ponto_entrega_voluntaria":428,"cd_identificador_original":null,"nm_local":"Ecoponto Olinda","nm_endereco":"Rua Nelsom Brissac, 1235","qt_container":1,"nm_subprefeitura":"Campo Limpo"}},{"type":"Feature","id":"ponto_entrega_voluntaria.429","geometry":{"type":"Point","coordinates":[324000.5284,7386442.9281]},"geometry_name":"ge_ponto","properties":{"cd_identificador_ponto_entrega_voluntaria":429,"cd_identificador_original":null,"nm_local":"Ecoponto Paraisópolis","nm_endereco":"Rua Irapará, 73","qt_container":1,"nm_subprefeitura":"Campo Limpo"}},{"type":"Feature","id":"ponto_entrega_voluntaria.430","geometry":{"type":"Point","coordinates":[317222.605,7380956.5123]},"geometry_name":"ge_ponto","properties":{"cd_identificador_ponto_entrega_voluntaria":430,"cd_identificador_original":null,"nm_local":"Ecoponto Parque Fernanda","nm_endereco":"Rua Doutor Salvador Rocco, 261","qt_container":1,"nm_subprefeitura":"Campo Limpo"}},{"type":"Feature","id":"ponto_entrega_voluntaria.431","geometry":{"type":"Point","coordinates":[330570.106,7384807.3543]},"geometry_name":"ge_ponto","properties":{"cd_identificador_ponto_entrega_voluntaria":431,"cd_identificador_original":null,"nm_local":"Ecoponto Pedro Bueno","nm_endereco":"Rua João de Lery, 503","qt_container":1,"nm_subprefeitura":"Santo Amaro"}},{"type":"Feature","id":"ponto_entrega_voluntaria.432","geometry":{"type":"Point","coordinates":[322907.4874,7381245.022]},"geometry_name":"ge_ponto","properties":{"cd_identificador_ponto_entrega_voluntaria":432,"cd_identificador_original":null,"nm_local":"Ecoponto Piraporinha","nm_endereco":"Rua João de Abreu, 326","qt_container":1,"nm_subprefeitura":"M'Boi Mirim"}},{"type":"Feature","id":"ponto_entrega_voluntaria.433","geometry":{"type":"Point","coordinates":[318817.2497,7381848.1615]},"geometry_name":"ge_ponto","properties":{"cd_identificador_ponto_entrega_voluntaria":433,"cd_identificador_original":null,"nm_local":"Ecoponto Santo Dias","nm_endereco":"Travessa Rosifloras, 301","qt_container":1,"nm_subprefeitura":"Campo Limpo"}},{"type":"Feature","id":"ponto_entrega_voluntaria.434","geometry":{"type":"Point","coordinates":[328056.9563,7385904.0912]},"geometry_name":"ge_ponto","properties":{"cd_identificador_ponto_entrega_voluntaria":434,"cd_identificador_original":null,"nm_local":"Ecoponto Vicente Rao","nm_endereco":"Avenida Professor Vicente Rao, 308","qt_container":1,"nm_subprefeitura":"Santo Amaro"}},{"type":"Feature","id":"ponto_entrega_voluntaria.435","geometry":{"type":"Point","coordinates":[322350.5744,7384757.8651]},"geometry_name":"ge_ponto","properties":{"cd_identificador_ponto_entrega_voluntaria":435,"cd_identificador_original":null,"nm_local":"Ecoponto Vila das Belezas","nm_endereco":"Rua Campo Novo do Sul, 500","qt_container":1,"nm_subprefeitura":"Campo Limpo"}},{"type":"Feature","id":"ponto_entrega_voluntaria.436","geometry":{"type":"Point","coordinates":[326053.3304,7382294.1962]},"geometry_name":"ge_ponto","properties":{"cd_identificador_ponto_entrega_voluntaria":436,"cd_identificador_original":null,"nm_local":"Ecoponto Vitor Manzini","nm_endereco":"Praça Dom Francisco de Sousa, 635","qt_container":1,"nm_subprefeitura":"Santo Amaro"}},{"type":"Feature","id":"ponto_entrega_voluntaria.437","geometry":{"type":"Point","coordinates":[318200.6673,7377903.7261]},"geometry_name":"ge_ponto","properties":{"cd_identificador_ponto_entrega_voluntaria":437,"cd_identificador_original":null,"nm_local":"EMEF Antônio Estanislau do Amaral","nm_endereco":"Rua Cerdeira, 7","qt_container":1,"nm_subprefeitura":"M'Boi Mirim"}},{"type":"Feature","id":"ponto_entrega_voluntaria.438","geometry":{"type":"Point","coordinates":[323421.702,7382501.7511]},"geometry_name":"ge_ponto","properties":{"cd_identificador_ponto_entrega_voluntaria":438,"cd_identificador_original":null,"nm_local":"EMEF General de Gaulle","nm_endereco":"Rua Mourisca, 16","qt_container":1,"nm_subprefeitura":"M'Boi Mirim"}},{"type":"Feature","id":"ponto_entrega_voluntaria.439","geometry":{"type":"Point","coordinates":[321790.7297,7382801.9749]},"geometry_name":"ge_ponto","properties":{"cd_identificador_ponto_entrega_voluntaria":439,"cd_identificador_original":null,"nm_local":"EMEF Procópio Ferreira","nm_endereco":"Avenida Fim de Semana, 527","qt_container":1,"nm_subprefeitura":"M'Boi Mirim"}},{"type":"Feature","id":"ponto_entrega_voluntaria.440","geometry":{"type":"Point","coordinates":[320918.5586,7379663.7025]},"geometry_name":"ge_ponto","properties":{"cd_identificador_ponto_entrega_voluntaria":440,"cd_identificador_original":null,"nm_local":"EMEF Professora Carolina Renno Ribeiro","nm_endereco":"Rua João Ferreira da Silva, 99","qt_container":1,"nm_subprefeitura":"M'Boi Mirim"}},{"type":"Feature","id":"ponto_entrega_voluntaria.441","geometry":{"type":"Point","coordinates":[325811.0428,7363243.9394]},"geometry_name":"ge_ponto","properties":{"cd_identificador_ponto_entrega_voluntaria":441,"cd_identificador_original":null,"nm_local":"EMEF Ulysses da Sylveira Guimarães","nm_endereco":"Rua Conde Monte Real, 2","qt_container":1,"nm_subprefeitura":"Parelheiros"}},{"type":"Feature","id":"ponto_entrega_voluntaria.442","geometry":{"type":"Point","coordinates":[321486.2932,7384665.6719]},"geometry_name":"ge_ponto","properties":{"cd_identificador_ponto_entrega_voluntaria":442,"cd_identificador_original":null,"nm_local":"EMEI Carlos de Laet","nm_endereco":"Avenida Ribeiro Aragão, 86","qt_container":1,"nm_subprefeitura":"Campo Limpo"}},{"type":"Feature","id":"ponto_entrega_voluntaria.443","geometry":{"type":"Point","coordinates":[324065.6916,7363662.5023]},"geometry_name":"ge_ponto","properties":{"cd_identificador_ponto_entrega_voluntaria":443,"cd_identificador_original":null,"nm_local":"EMEI José Roschel Christian","nm_endereco":"Rua Gentil Schunck Roschel, 79","qt_container":1,"nm_subprefeitura":"Parelheiros"}},{"type":"Feature","id":"ponto_entrega_voluntaria.444","geometry":{"type":"Point","coordinates":[319643.1906,7382871.8931]},"geometry_name":"ge_ponto","properties":{"cd_identificador_ponto_entrega_voluntaria":444,"cd_identificador_original":null,"nm_local":"Entrada do Horto do Ipê","nm_endereco":"Rua Francisco da Cruz Melão","qt_container":1,"nm_subprefeitura":"Campo Limpo"}},{"type":"Feature","id":"ponto_entrega_voluntaria.445","geometry":{"type":"Point","coordinates":[318748.0784,7379130.2885]},"geometry_name":"ge_ponto","properties":{"cd_identificador_ponto_entrega_voluntaria":445,"cd_identificador_original":null,"nm_local":"Escola Pastor Cícero de Lima","nm_endereco":"Rua Cipotuba, 37","qt_container":1,"nm_subprefeitura":"M'Boi Mirim"}},{"type":"Feature","id":"ponto_entrega_voluntaria.446","geometry":{"type":"Point","coordinates":[326168.9438,7383462.9688]},"geometry_name":"ge_ponto","properties":{"cd_identificador_ponto_entrega_voluntaria":446,"cd_identificador_original":null,"nm_local":"Estação Adolfo Pinheiro","nm_endereco":"Avenida Adolfo Pinheiro, 256","qt_container":1,"nm_subprefeitura":"Santo Amaro"}},{"type":"Feature","id":"ponto_entrega_voluntaria.447","geometry":{"type":"Point","coordinates":[327844.6337,7377321.3179]},"geometry_name":"ge_ponto","properties":{"cd_identificador_ponto_entrega_voluntaria":447,"cd_identificador_original":null,"nm_local":"Estação Autódromo","nm_endereco":"Rua Plínio Schmidt","qt_container":1,"nm_subprefeitura":"Capela Do Socorro"}},{"type":"Feature","id":"ponto_entrega_voluntaria.448","geometry":{"type":"Point","coordinates":[327880.0274,7377252.0706]},"geometry_name":"ge_ponto","properties":{"cd_identificador_ponto_entrega_voluntaria":448,"cd_identificador_original":null,"nm_local":"Estação Autódromo","nm_endereco":"Avenida Jair Ribeiro da Silva","qt_container":1,"nm_subprefeitura":"Capela Do Socorro"}},{"type":"Feature","id":"ponto_entrega_voluntaria.449","geometry":{"type":"Point","coordinates":[323662.5514,7381990.5239]},"geometry_name":"ge_ponto","properties":{"cd_identificador_ponto_entrega_voluntaria":449,"cd_identificador_original":null,"nm_local":"FATEC Zona Sul","nm_endereco":"Rua Frederico Grotte, 322 – Jardim Vergueiro","qt_container":1,"nm_subprefeitura":"M'Boi Mirim"}},{"type":"Feature","id":"ponto_entrega_voluntaria.450","geometry":{"type":"Point","coordinates":[331765.8984,7370634.5002]},"geometry_name":"ge_ponto","properties":{"cd_identificador_ponto_entrega_voluntaria":450,"cd_identificador_original":null,"nm_local":"GCM – Primeira Balsa","nm_endereco":"Estrada Velha do Bororé","qt_container":1,"nm_subprefeitura":"Capela Do Socorro"}},{"type":"Feature","id":"ponto_entrega_voluntaria.451","geometry":{"type":"Point","coordinates":[325308.1122,7379444.3042]},"geometry_name":"ge_ponto","properties":{"cd_identificador_ponto_entrega_voluntaria":451,"cd_identificador_original":null,"nm_local":"Grupo Escoteiro Almirante Tamandaré","nm_endereco":"Avenida João Martins Eredia, 205","qt_container":1,"nm_subprefeitura":"Capela Do Socorro"}},{"type":"Feature","id":"ponto_entrega_voluntaria.452","geometry":{"type":"Point","coordinates":[325139.187,7379267.0523]},"geometry_name":"ge_ponto","properties":{"cd_identificador_ponto_entrega_voluntaria":452,"cd_identificador_original":null,"nm_local":"Guarda Civil Metropolitana","nm_endereco":"Avenida Atlântica, 2450","qt_container":1,"nm_subprefeitura":"Capela Do Socorro"}},{"type":"Feature","id":"ponto_entrega_voluntaria.453","geometry":{"type":"Point","coordinates":[321626.1979,7383556.7884]},"geometry_name":"ge_ponto","properties":{"cd_identificador_ponto_entrega_voluntaria":453,"cd_identificador_original":null,"nm_local":"Hospital Dr. Fernando Mauro Pires da Rocha","nm_endereco":"Estrada de Itapecerica, 1661","qt_container":1,"nm_subprefeitura":"M'Boi Mirim"}},{"type":"Feature","id":"ponto_entrega_voluntaria.454","geometry":{"type":"Point","coordinates":[328384.901,7371163.3567]},"geometry_name":"ge_ponto","properties":{"cd_identificador_ponto_entrega_voluntaria":454,"cd_identificador_original":null,"nm_local":"Instituto Anchieta Grajaú","nm_endereco":"Rua Alziro Pinheiro Magalhães, 638","qt_container":1,"nm_subprefeitura":"Capela Do Socorro"}},{"type":"Feature","id":"ponto_entrega_voluntaria.455","geometry":{"type":"Point","coordinates":[325941.5262,7383112.4715]},"geometry_name":"ge_ponto","properties":{"cd_identificador_ponto_entrega_voluntaria":455,"cd_identificador_original":null,"nm_local":"Largo 13 de Maio","nm_endereco":"Avenida Adolfo Pinheiro & Rua Capitão Tiago Luz","qt_container":1,"nm_subprefeitura":"Santo Amaro"}},{"type":"Feature","id":"ponto_entrega_voluntaria.456","geometry":{"type":"Point","coordinates":[320562.391,7383458.102]},"geometry_name":"ge_ponto","properties":{"cd_identificador_ponto_entrega_voluntaria":456,"cd_identificador_original":null,"nm_local":"Estação Campo Limpo","nm_endereco":"Avenida Carlos Caldeira Filho","qt_container":1,"nm_subprefeitura":"Campo Limpo"}},{"type":"Feature","id":"ponto_entrega_voluntaria.457","geometry":{"type":"Point","coordinates":[324356.7131,7382801.0366]},"geometry_name":"ge_ponto","properties":{"cd_identificador_ponto_entrega_voluntaria":457,"cd_identificador_original":null,"nm_local":"Estação Santo Amaro","nm_endereco":"Avenida Guido Caloi","qt_container":1,"nm_subprefeitura":"M'Boi Mirim"}},{"type":"Feature","id":"ponto_entrega_voluntaria.458","geometry":{"type":"Point","coordinates":[321893.4727,7384495.6532]},"geometry_name":"ge_ponto","properties":{"cd_identificador_ponto_entrega_voluntaria":458,"cd_identificador_original":null,"nm_local":"Estação Vila das Belezas","nm_endereco":"Rua Inácio Preto de Morais, 20","qt_container":1,"nm_subprefeitura":"Campo Limpo"}},{"type":"Feature","id":"ponto_entrega_voluntaria.459","geometry":{"type":"Point","coordinates":[324346.7785,7385317.363]},"geometry_name":"ge_ponto","properties":{"cd_identificador_ponto_entrega_voluntaria":459,"cd_identificador_original":null,"nm_local":"Parque Burle Marx","nm_endereco":"Avenida dona Helena Pereira de Moraes, 200","qt_container":1,"nm_subprefeitura":"Campo Limpo"}},{"type":"Feature","id":"ponto_entrega_voluntaria.460","geometry":{"type":"Point","coordinates":[328855.2616,7384600.1357]},"geometry_name":"ge_ponto","properties":{"cd_identificador_ponto_entrega_voluntaria":460,"cd_identificador_original":null,"nm_local":"Parque do Cordeiro","nm_endereco":"Rua Breves, 968","qt_container":1,"nm_subprefeitura":"Santo Amaro"}},{"type":"Feature","id":"ponto_entrega_voluntaria.461","geometry":{"type":"Point","coordinates":[321301.8128,7387137.5805]},"geometry_name":"ge_ponto","properties":{"cd_identificador_ponto_entrega_voluntaria":461,"cd_identificador_original":null,"nm_local":"Parque dos Eucaliptos","nm_endereco":"Rua Ministro Guimarães, 280","qt_container":1,"nm_subprefeitura":"Campo Limpo"}},{"type":"Feature","id":"ponto_entrega_voluntaria.462","geometry":{"type":"Point","coordinates":[328398.3027,7374734.0308]},"geometry_name":"ge_ponto","properties":{"cd_identificador_ponto_entrega_voluntaria":462,"cd_identificador_original":null,"nm_local":"Parque Guanhembu","nm_endereco":"Rua Daniel Ribeiro Calado, 40","qt_container":1,"nm_subprefeitura":"Capela Do Socorro"}},{"type":"Feature","id":"ponto_entrega_voluntaria.463","geometry":{"type":"Point","coordinates":[324563.595,7363774.891]},"geometry_name":"ge_ponto","properties":{"cd_identificador_ponto_entrega_voluntaria":463,"cd_identificador_original":null,"nm_local":"Parque Linear","nm_endereco":"Rua Terezinha do Prado Oliveira, 200","qt_container":1,"nm_subprefeitura":"Parelheiros"}},{"type":"Feature","id":"ponto_entrega_voluntaria.464","geometry":{"type":"Point","coordinates":[327866.6443,7370475.7086]},"geometry_name":"ge_ponto","properties":{"cd_identificador_ponto_entrega_voluntaria":464,"cd_identificador_original":null,"nm_local":"Parque Linear Ribeirão Cocaia","nm_endereco":"Avenida Major Lúcio Dias Ramos, 1130","qt_container":1,"nm_subprefeitura":"Capela Do Socorro"}},{"type":"Feature","id":"ponto_entrega_voluntaria.465","geometry":{"type":"Point","coordinates":[325021.966,7374579.622]},"geometry_name":"ge_ponto","properties":{"cd_identificador_ponto_entrega_voluntaria":465,"cd_identificador_original":null,"nm_local":"Parque Linear São José","nm_endereco":"Avenida Frederico René de Jaegher, 2760","qt_container":1,"nm_subprefeitura":"Capela Do Socorro"}},{"type":"Feature","id":"ponto_entrega_voluntaria.467","geometry":{"type":"Point","coordinates":[322878.9778,7365879.8608]},"geometry_name":"ge_ponto","properties":{"cd_identificador_ponto_entrega_voluntaria":467,"cd_identificador_original":null,"nm_local":"Ponto de Cultura","nm_endereco":"Rua José Antônio D'Ávila, 428","qt_container":1,"nm_subprefeitura":"Parelheiros"}},{"type":"Feature","id":"ponto_entrega_voluntaria.468","geometry":{"type":"Point","coordinates":[324984.4936,7370589.5849]},"geometry_name":"ge_ponto","properties":{"cd_identificador_ponto_entrega_voluntaria":468,"cd_identificador_original":null,"nm_local":"Posto de Bombeiros","nm_endereco":"Avenida Senador Teotônio Vilela, 7900","qt_container":1,"nm_subprefeitura":"Parelheiros"}},{"type":"Feature","id":"ponto_entrega_voluntaria.469","geometry":{"type":"Point","coordinates":[325914.6659,7383037.9423]},"geometry_name":"ge_ponto","properties":{"cd_identificador_ponto_entrega_voluntaria":469,"cd_identificador_original":null,"nm_local":"Posto Policial","nm_endereco":"Rua da Matriz","qt_container":1,"nm_subprefeitura":"Santo Amaro"}},{"type":"Feature","id":"ponto_entrega_voluntaria.470","geometry":{"type":"Point","coordinates":[325593.5667,7379541.8765]},"geometry_name":"ge_ponto","properties":{"cd_identificador_ponto_entrega_voluntaria":470,"cd_identificador_original":null,"nm_local":"Praça","nm_endereco":"Avenida dos Lagos, 680","qt_container":1,"nm_subprefeitura":"Capela Do Socorro"}},{"type":"Feature","id":"ponto_entrega_voluntaria.471","geometry":{"type":"Point","coordinates":[327990.0286,7373220.667]},"geometry_name":"ge_ponto","properties":{"cd_identificador_ponto_entrega_voluntaria":471,"cd_identificador_original":null,"nm_local":"Praça","nm_endereco":"Rua João Paulo Barreto, 60","qt_container":1,"nm_subprefeitura":"Capela Do Socorro"}},{"type":"Feature","id":"ponto_entrega_voluntaria.472","geometry":{"type":"Point","coordinates":[320606.5389,7385507.7277]},"geometry_name":"ge_ponto","properties":{"cd_identificador_ponto_entrega_voluntaria":472,"cd_identificador_original":null,"nm_local":"Praça","nm_endereco":"Rua Cardoso Moreira, 544","qt_container":1,"nm_subprefeitura":"Campo Limpo"}},{"type":"Feature","id":"ponto_entrega_voluntaria.473","geometry":{"type":"Point","coordinates":[327645.1373,7381667.4152]},"geometry_name":"ge_ponto","properties":{"cd_identificador_ponto_entrega_voluntaria":473,"cd_identificador_original":null,"nm_local":"Praça Alcindo Rocha Campos","nm_endereco":"Avenida Nossa Senhora do Sabará & Rua Jumirim","qt_container":1,"nm_subprefeitura":"Santo Amaro"}},{"type":"Feature","id":"ponto_entrega_voluntaria.474","geometry":{"type":"Point","coordinates":[327999.2678,7380620.5174]},"geometry_name":"ge_ponto","properties":{"cd_identificador_ponto_entrega_voluntaria":474,"cd_identificador_original":null,"nm_local":"Praça Alda Garrido","nm_endereco":"Rua Professora Haideé Silva Martins","qt_container":1,"nm_subprefeitura":"Santo Amaro"}},{"type":"Feature","id":"ponto_entrega_voluntaria.475","geometry":{"type":"Point","coordinates":[328024.9104,7380608.6373]},"geometry_name":"ge_ponto","properties":{"cd_identificador_ponto_entrega_voluntaria":475,"cd_identificador_original":null,"nm_local":"Praça Alda Garrido","nm_endereco":"Rua Norma & Rua Marassa","qt_container":1,"nm_subprefeitura":"Santo Amaro"}},{"type":"Feature","id":"ponto_entrega_voluntaria.476","geometry":{"type":"Point","coordinates":[328508.8353,7381214.5439]},"geometry_name":"ge_ponto","properties":{"cd_identificador_ponto_entrega_voluntaria":476,"cd_identificador_original":null,"nm_local":"Praça Alexander N. Aksakof","nm_endereco":"Rua João Franco de Oliveira, 85","qt_container":1,"nm_subprefeitura":"Santo Amaro"}},{"type":"Feature","id":"ponto_entrega_voluntaria.477","geometry":{"type":"Point","coordinates":[329342.1134,7381193.4408]},"geometry_name":"ge_ponto","properties":{"cd_identificador_ponto_entrega_voluntaria":477,"cd_identificador_original":null,"nm_local":"Praça Arthur de Souza Santos","nm_endereco":"Rua Miguel Ribeiro & Rua Pedro Rendon","qt_container":1,"nm_subprefeitura":"Santo Amaro"}},{"type":"Feature","id":"ponto_entrega_voluntaria.478","geometry":{"type":"Point","coordinates":[319138.6556,7380040.0845]},"geometry_name":"ge_ponto","properties":{"cd_identificador_ponto_entrega_voluntaria":478,"cd_identificador_original":null,"nm_local":"Praça Atanásio Soldati","nm_endereco":"Rua da Mandira","qt_container":1,"nm_subprefeitura":"M'Boi Mirim"}},{"type":"Feature","id":"ponto_entrega_voluntaria.479","geometry":{"type":"Point","coordinates":[326273.8162,7376650.3556]},"geometry_name":"ge_ponto","properties":{"cd_identificador_ponto_entrega_voluntaria":479,"cd_identificador_original":null,"nm_local":"Praça Batista Botelho","nm_endereco":"Avenida Professor Papini & Rua Gomes Pedrosa","qt_container":1,"nm_subprefeitura":"Capela Do Socorro"}},{"type":"Feature","id":"ponto_entrega_voluntaria.480","geometry":{"type":"Point","coordinates":[327029.1098,7374577.9946]},"geometry_name":"ge_ponto","properties":{"cd_identificador_ponto_entrega_voluntaria":480,"cd_identificador_original":null,"nm_local":"Praça das Árvores","nm_endereco":"Avenida do Arvoreiro & Rua Palmeira do Mar","qt_container":1,"nm_subprefeitura":"Capela Do Socorro"}},{"type":"Feature","id":"ponto_entrega_voluntaria.481","geometry":{"type":"Point","coordinates":[325048.9346,7385309.1945]},"geometry_name":"ge_ponto","properties":{"cd_identificador_ponto_entrega_voluntaria":481,"cd_identificador_original":null,"nm_local":"Praça Dina","nm_endereco":"Rua Luiz Correia de Melo, 224","qt_container":1,"nm_subprefeitura":"Santo Amaro"}},{"type":"Feature","id":"ponto_entrega_voluntaria.482","geometry":{"type":"Point","coordinates":[318979.7283,7385274.9523]},"geometry_name":"ge_ponto","properties":{"cd_identificador_ponto_entrega_voluntaria":482,"cd_identificador_original":null,"nm_local":"Praça do Campo Limpo","nm_endereco":"Rua Professora Conrado de Deo & Rua Doutor Batista Reimão","qt_container":1,"nm_subprefeitura":"Campo Limpo"}},{"type":"Feature","id":"ponto_entrega_voluntaria.483","geometry":{"type":"Point","coordinates":[325760.6419,7370811.6024]},"geometry_name":"ge_ponto","properties":{"cd_identificador_ponto_entrega_voluntaria":483,"cd_identificador_original":null,"nm_local":"Praça Frei damião","nm_endereco":"Rua Abricó, 165","qt_container":1,"nm_subprefeitura":"Capela Do Socorro"}},{"type":"Feature","id":"ponto_entrega_voluntaria.484","geometry":{"type":"Point","coordinates":[327192.0145,7384862.9353]},"geometry_name":"ge_ponto","properties":{"cd_identificador_ponto_entrega_voluntaria":484,"cd_identificador_original":null,"nm_local":"Praça Giuseppe Ungaretti","nm_endereco":"Rua São Benedito","qt_container":1,"nm_subprefeitura":"Santo Amaro"}},{"type":"Feature","id":"ponto_entrega_voluntaria.485","geometry":{"type":"Point","coordinates":[326660.1897,7385051.5522]},"geometry_name":"ge_ponto","properties":{"cd_identificador_ponto_entrega_voluntaria":485,"cd_identificador_original":null,"nm_local":"Praça Haruo Uoya","nm_endereco":"Rua Capitão Otávio Machado","qt_container":1,"nm_subprefeitura":"Santo Amaro"}},{"type":"Feature","id":"ponto_entrega_voluntaria.486","geometry":{"type":"Point","coordinates":[328740.0413,7383456.4382]},"geometry_name":"ge_ponto","properties":{"cd_identificador_ponto_entrega_voluntaria":486,"cd_identificador_original":null,"nm_local":"Praça Hélio Smidt","nm_endereco":"Rua Arapixi & Rua Mapuá","qt_container":1,"nm_subprefeitura":"Santo Amaro"}},{"type":"Feature","id":"ponto_entrega_voluntaria.487","geometry":{"type":"Point","coordinates":[321347.3902,7383261.7376]},"geometry_name":"ge_ponto","properties":{"cd_identificador_ponto_entrega_voluntaria":487,"cd_identificador_original":null,"nm_local":"Praça Heráclito","nm_endereco":"Rua Vatinga & Rua Macajuba","qt_container":1,"nm_subprefeitura":"M'Boi Mirim"}},{"type":"Feature","id":"ponto_entrega_voluntaria.488","geometry":{"type":"Point","coordinates":[322856.5022,7383926.2365]},"geometry_name":"ge_ponto","properties":{"cd_identificador_ponto_entrega_voluntaria":488,"cd_identificador_original":null,"nm_local":"Praça Inácio Branco","nm_endereco":"Avenida Tomás de Sousa, 874","qt_container":1,"nm_subprefeitura":"M'Boi Mirim"}},{"type":"Feature","id":"ponto_entrega_voluntaria.489","geometry":{"type":"Point","coordinates":[329710.9453,7385419.7874]},"geometry_name":"ge_ponto","properties":{"cd_identificador_ponto_entrega_voluntaria":489,"cd_identificador_original":null,"nm_local":"Praça João da Cunha Marques","nm_endereco":"Avenida Washington Luís & Rua Ipiranga","qt_container":1,"nm_subprefeitura":"Santo Amaro"}},{"type":"Feature","id":"ponto_entrega_voluntaria.490","geometry":{"type":"Point","coordinates":[325807.4092,7378976.247]},"geometry_name":"ge_ponto","properties":{"cd_identificador_ponto_entrega_voluntaria":490,"cd_identificador_original":null,"nm_local":"Praça João Pedro da Luz","nm_endereco":"Avenida Inácio Cunha Leme & Rua Doutor Walter Faria Pereira de Queiroz","qt_container":1,"nm_subprefeitura":"Capela Do Socorro"}},{"type":"Feature","id":"ponto_entrega_voluntaria.491","geometry":{"type":"Point","coordinates":[327702.9064,7382302.7396]},"geometry_name":"ge_ponto","properties":{"cd_identificador_ponto_entrega_voluntaria":491,"cd_identificador_original":null,"nm_local":"Praça Júlio Atlas","nm_endereco":"Rua Agida & Rua Isidoro Kauffman","qt_container":1,"nm_subprefeitura":"Santo Amaro"}},{"type":"Feature","id":"ponto_entrega_voluntaria.492","geometry":{"type":"Point","coordinates":[324250.8764,7369972.6235]},"geometry_name":"ge_ponto","properties":{"cd_identificador_ponto_entrega_voluntaria":492,"cd_identificador_original":null,"nm_local":"Praça Márcio Gomes da Silva","nm_endereco":"Rua Rosa Gomes de Siqueira","qt_container":1,"nm_subprefeitura":"Parelheiros"}},{"type":"Feature","id":"ponto_entrega_voluntaria.493","geometry":{"type":"Point","coordinates":[320668.4453,7381061.4231]},"geometry_name":"ge_ponto","properties":{"cd_identificador_ponto_entrega_voluntaria":493,"cd_identificador_original":null,"nm_local":"Praça Maria Alcina de Jesus","nm_endereco":"Rua Luca Marenzio & Rua Emérico Lobo de Mesquita","qt_container":1,"nm_subprefeitura":"M'Boi Mirim"}},{"type":"Feature","id":"ponto_entrega_voluntaria.494","geometry":{"type":"Point","coordinates":[319029.3291,7380136.1956]},"geometry_name":"ge_ponto","properties":{"cd_identificador_ponto_entrega_voluntaria":494,"cd_identificador_original":null,"nm_local":"Praça Maria Costa Oliveira","nm_endereco":"Rua Cirilo Machado & Avenida Visconde Rio Grande","qt_container":1,"nm_subprefeitura":"M'Boi Mirim"}},{"type":"Feature","id":"ponto_entrega_voluntaria.495","geometry":{"type":"Point","coordinates":[328549.8443,7379345.5561]},"geometry_name":"ge_ponto","properties":{"cd_identificador_ponto_entrega_voluntaria":495,"cd_identificador_original":null,"nm_local":"Praça Nova Olinda","nm_endereco":"Rua Icapara & Rua Oira","qt_container":1,"nm_subprefeitura":"Santo Amaro"}},{"type":"Feature","id":"ponto_entrega_voluntaria.496","geometry":{"type":"Point","coordinates":[327994.0926,7380454.32]},"geometry_name":"ge_ponto","properties":{"cd_identificador_ponto_entrega_voluntaria":496,"cd_identificador_original":null,"nm_local":"Praça Professor Hélio Gomes","nm_endereco":"Rua Katenge & Rua Marassa","qt_container":1,"nm_subprefeitura":"Santo Amaro"}},{"type":"Feature","id":"ponto_entrega_voluntaria.497","geometry":{"type":"Point","coordinates":[325543.0351,7384524.303]},"geometry_name":"ge_ponto","properties":{"cd_identificador_ponto_entrega_voluntaria":497,"cd_identificador_original":null,"nm_local":"Praça Professor Heraldo Barbuy","nm_endereco":"Rua Visconde de Taunay & Rua Clarence","qt_container":1,"nm_subprefeitura":"Santo Amaro"}},{"type":"Feature","id":"ponto_entrega_voluntaria.498","geometry":{"type":"Point","coordinates":[325418.8077,7379314.9381]},"geometry_name":"ge_ponto","properties":{"cd_identificador_ponto_entrega_voluntaria":498,"cd_identificador_original":null,"nm_local":"Praça Sebastião Amaro da Silva","nm_endereco":"Rua Luiz de Pina, 250","qt_container":1,"nm_subprefeitura":"Capela Do Socorro"}},{"type":"Feature","id":"ponto_entrega_voluntaria.499","geometry":{"type":"Point","coordinates":[320446.9452,7378263.06]},"geometry_name":"ge_ponto","properties":{"cd_identificador_ponto_entrega_voluntaria":499,"cd_identificador_original":null,"nm_local":"Praça Viola Cabocla","nm_endereco":"Avenida Nova Arcádia & Avenida Professor Mário Mazagão","qt_container":1,"nm_subprefeitura":"M'Boi Mirim"}},{"type":"Feature","id":"ponto_entrega_voluntaria.500","geometry":{"type":"Point","coordinates":[324398.2401,7363631.1062]},"geometry_name":"ge_ponto","properties":{"cd_identificador_ponto_entrega_voluntaria":500,"cd_identificador_original":null,"nm_local":"Rua","nm_endereco":"Rua Terezinha do Prado Oliveira & Estrada da Colônia","qt_container":1,"nm_subprefeitura":"Parelheiros"}},{"type":"Feature","id":"ponto_entrega_voluntaria.501","geometry":{"type":"Point","coordinates":[323182.0647,7365112.5554]},"geometry_name":"ge_ponto","properties":{"cd_identificador_ponto_entrega_voluntaria":501,"cd_identificador_original":null,"nm_local":"Subprefeitura de Parelheiros","nm_endereco":"Avenida Sadamu Inoue, 5252","qt_container":1,"nm_subprefeitura":"Parelheiros"}},{"type":"Feature","id":"ponto_entrega_voluntaria.502","geometry":{"type":"Point","coordinates":[320832.3507,7383741.6514]},"geometry_name":"ge_ponto","properties":{"cd_identificador_ponto_entrega_voluntaria":502,"cd_identificador_original":null,"nm_local":"Subprefeitura do Campo Limpo","nm_endereco":"Rua Nossa Senhora do Bom Conselho, 59","qt_container":1,"nm_subprefeitura":"M'Boi Mirim"}},{"type":"Feature","id":"ponto_entrega_voluntaria.503","geometry":{"type":"Point","coordinates":[325897.6517,7383317.5144]},"geometry_name":"ge_ponto","properties":{"cd_identificador_ponto_entrega_voluntaria":503,"cd_identificador_original":null,"nm_local":"Subprefeitura Santo Amaro","nm_endereco":"Praça Floriano Peixoto, 54","qt_container":1,"nm_subprefeitura":"Santo Amaro"}},{"type":"Feature","id":"ponto_entrega_voluntaria.504","geometry":{"type":"Point","coordinates":[326685.2963,7385111.2169]},"geometry_name":"ge_ponto","properties":{"cd_identificador_ponto_entrega_voluntaria":504,"cd_identificador_original":null,"nm_local":"UBS Chácara Santo Antônio","nm_endereco":"Rua Alexandre Dumas, 719","qt_container":1,"nm_subprefeitura":"Santo Amaro"}},{"type":"Feature","id":"ponto_entrega_voluntaria.505","geometry":{"type":"Point","coordinates":[322928.2305,7381636.2582]},"geometry_name":"ge_ponto","properties":{"cd_identificador_ponto_entrega_voluntaria":505,"cd_identificador_original":null,"nm_local":"UBS Novo Jardim","nm_endereco":"Rua Philippe de Vitry, 282","qt_container":1,"nm_subprefeitura":"M'Boi Mirim"}},{"type":"Feature","id":"ponto_entrega_voluntaria.506","geometry":{"type":"Point","coordinates":[324665.5498,7363853.6624]},"geometry_name":"ge_ponto","properties":{"cd_identificador_ponto_entrega_voluntaria":506,"cd_identificador_original":null,"nm_local":"Vida Nova Escola","nm_endereco":"Rua Terezinha do Prado Oliveira, 382","qt_container":1,"nm_subprefeitura":"Parelheiros"}},{"type":"Feature","id":"ponto_entrega_voluntaria.507","geometry":{"type":"Point","coordinates":[324854.4223,7374774.7532]},"geometry_name":"ge_ponto","properties":{"cd_identificador_ponto_entrega_voluntaria":507,"cd_identificador_original":null,"nm_local":"Viveiro Capela do Socorro (P.M.S.P.)","nm_endereco":"Avenida Frederico René de Jaegher, 2669","qt_container":1,"nm_subprefeitura":"Capela Do Socorro"}}],"totalFeatures":507,"numberMatched":507,"numberReturned":507,"timeStamp":"2026-09-15T13:19:15.505Z","crs":{"type":"name","properties":{"name":"urn:ogc:def:crs:EPSG::31983"}}}