{"type":"FeatureCollection","features":[{"type":"Feature","id":"ponto_revitalizado.1","geometry":{"type":"Point","coordinates":[325690.9142,7381845.7188]},"geometry_name":"ge_ponto","properties":{"cd_identificador_ponto_revitalizado":1,"nm_endereco":"Acesso da Ponte do Socorro","sg_subprefeitura":"SA","nm_subprefeitura":"Santo Amaro","cd_lote_servico":"6","tx_status_ponto_revitalizado":"Revitalizado","dt_atualizacao":"2021-12-08Z","tx_data_referencia":"1º quadrimestre 2021","dc_complemento_endereco":null}},{"type":"Feature","id":"ponto_revitalizado.2","geometry":{"type":"Point","coordinates":[330766.5804,7387132.1745]},"geometry_name":"ge_ponto","properties":{"cd_identificador_ponto_revitalizado":2,"nm_endereco":"Alameda dos Araés, 1546","sg_subprefeitura":"VM","nm_subprefeitura":"Vila Mariana","cd_lote_servico":"3","tx_status_ponto_revitalizado":"Revitalizado","dt_atualizacao":"2021-12-08Z","tx_data_referencia":"1º quadrimestre 2021","dc_complemento_endereco":null}},{"type":"Feature","id":"ponto_revitalizado.3","geometry":{"type":"Point","coordinates":[331149.4161,7386838.0162]},"geometry_name":"ge_ponto","properties":{"cd_identificador_ponto_revitalizado":3,"nm_endereco":"Alameda dos Guaicanãs, 1411","sg_subprefeitura":"VM","nm_subprefeitura":"Vila Mariana","cd_lote_servico":"3","tx_status_ponto_revitalizado":"Revitalizado","dt_atualizacao":"2021-12-08Z","tx_data_referencia":"1º quadrimestre 2021","dc_complemento_endereco":null}},{"type":"Feature","id":"ponto_revitalizado.4","geometry":{"type":"Point","coordinates":[331919.6808,7396300.0857]},"geometry_name":"ge_ponto","properties":{"cd_identificador_ponto_revitalizado":4,"nm_endereco":"Alameda Glete","sg_subprefeitura":"SE","nm_subprefeitura":"Sé","cd_lote_servico":"2","tx_status_ponto_revitalizado":"Revitalizado","dt_atualizacao":"2021-12-08Z","tx_data_referencia":"1º quadrimestre 2021","dc_complemento_endereco":null}},{"type":"Feature","id":"ponto_revitalizado.5","geometry":{"type":"Point","coordinates":[332082.6886,7396885.1814]},"geometry_name":"ge_ponto","properties":{"cd_identificador_ponto_revitalizado":5,"nm_endereco":"Alameda Ribeiro da Silva & Rua Dino Bueno","sg_subprefeitura":"SE","nm_subprefeitura":"Sé","cd_lote_servico":"2","tx_status_ponto_revitalizado":"Revitalizado","dt_atualizacao":"2021-12-08Z","tx_data_referencia":"1º quadrimestre 2021","dc_complemento_endereco":null}},{"type":"Feature","id":"ponto_revitalizado.6","geometry":{"type":"Point","coordinates":[320923.4767,7381203.0162]},"geometry_name":"ge_ponto","properties":{"cd_identificador_ponto_revitalizado":6,"nm_endereco":"Avenida Alberto Vicente Cardoso, 475","sg_subprefeitura":"MB","nm_subprefeitura":"M'Boi Mirim","cd_lote_servico":"6","tx_status_ponto_revitalizado":"Revitalizado","dt_atualizacao":"2021-12-08Z","tx_data_referencia":"1º quadrimestre 2021","dc_complemento_endereco":null}},{"type":"Feature","id":"ponto_revitalizado.7","geometry":{"type":"Point","coordinates":[334062.8751,7398328.2519]},"geometry_name":"ge_ponto","properties":{"cd_identificador_ponto_revitalizado":7,"nm_endereco":"Alça de Acesso da Cruzeiro do Sul Para Marginal Sentido Cb","sg_subprefeitura":"ST","nm_subprefeitura":"Santana-Tucuruvi","cd_lote_servico":"4","tx_status_ponto_revitalizado":"Eliminado","dt_atualizacao":"2021-12-08Z","tx_data_referencia":"1º quadrimestre 2021","dc_complemento_endereco":null}},{"type":"Feature","id":"ponto_revitalizado.8","geometry":{"type":"Point","coordinates":[343030.7657,7396736.0426]},"geometry_name":"ge_ponto","properties":{"cd_identificador_ponto_revitalizado":8,"nm_endereco":"Rua Alvinópolis & Viaduto Carlos de Campos","sg_subprefeitura":"PE","nm_subprefeitura":"Penha","cd_lote_servico":"4","tx_status_ponto_revitalizado":"Revitalizado","dt_atualizacao":"2021-12-08Z","tx_data_referencia":"1º quadrimestre 2021","dc_complemento_endereco":null}},{"type":"Feature","id":"ponto_revitalizado.9","geometry":{"type":"Point","coordinates":[333031.8299,7379683.4712]},"geometry_name":"ge_ponto","properties":{"cd_identificador_ponto_revitalizado":9,"nm_endereco":"Avenida Ângelo Cristianini, 428","sg_subprefeitura":"AD","nm_subprefeitura":"Cidade Ademar","cd_lote_servico":"3","tx_status_ponto_revitalizado":"Revitalizado","dt_atualizacao":"2021-12-08Z","tx_data_referencia":"1º quadrimestre 2021","dc_complemento_endereco":null}},{"type":"Feature","id":"ponto_revitalizado.10","geometry":{"type":"Point","coordinates":[342519.3872,7399444.3062]},"geometry_name":"ge_ponto","properties":{"cd_identificador_ponto_revitalizado":10,"nm_endereco":"Avenida Doutor Assis Ribeiro, 1002","sg_subprefeitura":"PE","nm_subprefeitura":"Penha","cd_lote_servico":"4","tx_status_ponto_revitalizado":"Revitalizado","dt_atualizacao":"2021-12-08Z","tx_data_referencia":"1º quadrimestre 2021","dc_complemento_endereco":null}},{"type":"Feature","id":"ponto_revitalizado.11","geometry":{"type":"Point","coordinates":[342893.8761,7399761.4052]},"geometry_name":"ge_ponto","properties":{"cd_identificador_ponto_revitalizado":11,"nm_endereco":"Avenida Doutor Assis Ribeiro, 1430","sg_subprefeitura":"PE","nm_subprefeitura":"Penha","cd_lote_servico":"4","tx_status_ponto_revitalizado":"Revitalizado","dt_atualizacao":"2021-12-08Z","tx_data_referencia":"1º quadrimestre 2021","dc_complemento_endereco":null}},{"type":"Feature","id":"ponto_revitalizado.12","geometry":{"type":"Point","coordinates":[343183.0257,7399961.0755]},"geometry_name":"ge_ponto","properties":{"cd_identificador_ponto_revitalizado":12,"nm_endereco":"Avenida Doutor Assis Ribeiro, 1813","sg_subprefeitura":"PE","nm_subprefeitura":"Penha","cd_lote_servico":"4","tx_status_ponto_revitalizado":"Revitalizado","dt_atualizacao":"2021-12-08Z","tx_data_referencia":"1º quadrimestre 2021","dc_complemento_endereco":null}},{"type":"Feature","id":"ponto_revitalizado.13","geometry":{"type":"Point","coordinates":[343547.4213,7400183.2487]},"geometry_name":"ge_ponto","properties":{"cd_identificador_ponto_revitalizado":13,"nm_endereco":"Avenida Doutor Assis Ribeiro, 2220","sg_subprefeitura":"PE","nm_subprefeitura":"Penha","cd_lote_servico":"4","tx_status_ponto_revitalizado":"Revitalizado","dt_atualizacao":"2021-12-08Z","tx_data_referencia":"1º quadrimestre 2021","dc_complemento_endereco":null}},{"type":"Feature","id":"ponto_revitalizado.14","geometry":{"type":"Point","coordinates":[343644.808,7400245.53]},"geometry_name":"ge_ponto","properties":{"cd_identificador_ponto_revitalizado":14,"nm_endereco":"Avenida Doutor Assis Ribeiro, 2352","sg_subprefeitura":"PE","nm_subprefeitura":"Penha","cd_lote_servico":"4","tx_status_ponto_revitalizado":"Revitalizado","dt_atualizacao":"2021-12-08Z","tx_data_referencia":"1º quadrimestre 2021","dc_complemento_endereco":null}},{"type":"Feature","id":"ponto_revitalizado.15","geometry":{"type":"Point","coordinates":[342052.1301,7399236.1697]},"geometry_name":"ge_ponto","properties":{"cd_identificador_ponto_revitalizado":15,"nm_endereco":"Avenida Doutor Assis Ribeiro, 338","sg_subprefeitura":"PE","nm_subprefeitura":"Penha","cd_lote_servico":"4","tx_status_ponto_revitalizado":"Revitalizado","dt_atualizacao":"2021-12-08Z","tx_data_referencia":"1º quadrimestre 2021","dc_complemento_endereco":null}},{"type":"Feature","id":"ponto_revitalizado.16","geometry":{"type":"Point","coordinates":[342264.2801,7399233.8022]},"geometry_name":"ge_ponto","properties":{"cd_identificador_ponto_revitalizado":16,"nm_endereco":"Avenida Doutor Assis Ribeiro, 612","sg_subprefeitura":"PE","nm_subprefeitura":"Penha","cd_lote_servico":"4","tx_status_ponto_revitalizado":"Revitalizado","dt_atualizacao":"2021-12-08Z","tx_data_referencia":"1º quadrimestre 2021","dc_complemento_endereco":null}},{"type":"Feature","id":"ponto_revitalizado.17","geometry":{"type":"Point","coordinates":[346729.3917,7398068.4999]},"geometry_name":"ge_ponto","properties":{"cd_identificador_ponto_revitalizado":17,"nm_endereco":"Avenida Calim Eid & Rua Namé","sg_subprefeitura":"PE","nm_subprefeitura":"Penha","cd_lote_servico":"4","tx_status_ponto_revitalizado":"Eliminado","dt_atualizacao":"2021-12-08Z","tx_data_referencia":"1º quadrimestre 2021","dc_complemento_endereco":null}},{"type":"Feature","id":"ponto_revitalizado.18","geometry":{"type":"Point","coordinates":[344957.9271,7399699.0945]},"geometry_name":"ge_ponto","properties":{"cd_identificador_ponto_revitalizado":18,"nm_endereco":"Avenida Cangaíba & Rua Entre Rios","sg_subprefeitura":"PE","nm_subprefeitura":"Penha","cd_lote_servico":"4","tx_status_ponto_revitalizado":"Revitalizado","dt_atualizacao":"2021-12-08Z","tx_data_referencia":"1º quadrimestre 2021","dc_complemento_endereco":null}},{"type":"Feature","id":"ponto_revitalizado.19","geometry":{"type":"Point","coordinates":[344988.2335,7399701.6298]},"geometry_name":"ge_ponto","properties":{"cd_identificador_ponto_revitalizado":19,"nm_endereco":"Avenida Cangaíba, 4044","sg_subprefeitura":"PE","nm_subprefeitura":"Penha","cd_lote_servico":"4","tx_status_ponto_revitalizado":"Revitalizado","dt_atualizacao":"2021-12-08Z","tx_data_referencia":"1º quadrimestre 2021","dc_complemento_endereco":null}},{"type":"Feature","id":"ponto_revitalizado.20","geometry":{"type":"Point","coordinates":[345203.9674,7399708.3384]},"geometry_name":"ge_ponto","properties":{"cd_identificador_ponto_revitalizado":20,"nm_endereco":"Avenida Cangaíba, 4189","sg_subprefeitura":"PE","nm_subprefeitura":"Penha","cd_lote_servico":"4","tx_status_ponto_revitalizado":"Revitalizado","dt_atualizacao":"2021-12-08Z","tx_data_referencia":"1º quadrimestre 2021","dc_complemento_endereco":null}},{"type":"Feature","id":"ponto_revitalizado.21","geometry":{"type":"Point","coordinates":[346089.176,7399782.9955]},"geometry_name":"ge_ponto","properties":{"cd_identificador_ponto_revitalizado":21,"nm_endereco":"Avenida Cangaiba, 5006","sg_subprefeitura":"PE","nm_subprefeitura":"Penha","cd_lote_servico":"4","tx_status_ponto_revitalizado":"Revitalizado","dt_atualizacao":"2021-12-08Z","tx_data_referencia":"1º quadrimestre 2021","dc_complemento_endereco":null}},{"type":"Feature","id":"ponto_revitalizado.22","geometry":{"type":"Point","coordinates":[342177.0645,7398825.5347]},"geometry_name":"ge_ponto","properties":{"cd_identificador_ponto_revitalizado":22,"nm_endereco":"Avenida Cangaiba, 576","sg_subprefeitura":"PE","nm_subprefeitura":"Penha","cd_lote_servico":"4","tx_status_ponto_revitalizado":"Revitalizado","dt_atualizacao":"2021-12-08Z","tx_data_referencia":"1º quadrimestre 2021","dc_complemento_endereco":null}},{"type":"Feature","id":"ponto_revitalizado.23","geometry":{"type":"Point","coordinates":[346313.0431,7399851.7905]},"geometry_name":"ge_ponto","properties":{"cd_identificador_ponto_revitalizado":23,"nm_endereco":"Avenida Danfer, 177","sg_subprefeitura":"PE","nm_subprefeitura":"Penha","cd_lote_servico":"4","tx_status_ponto_revitalizado":"Revitalizado","dt_atualizacao":"2021-12-08Z","tx_data_referencia":"1º quadrimestre 2021","dc_complemento_endereco":null}},{"type":"Feature","id":"ponto_revitalizado.24","geometry":{"type":"Point","coordinates":[346557.4007,7399885.3578]},"geometry_name":"ge_ponto","properties":{"cd_identificador_ponto_revitalizado":24,"nm_endereco":"Avenida Danfer, 427","sg_subprefeitura":"PE","nm_subprefeitura":"Penha","cd_lote_servico":"4","tx_status_ponto_revitalizado":"Revitalizado","dt_atualizacao":"2021-12-08Z","tx_data_referencia":"1º quadrimestre 2021","dc_complemento_endereco":null}},{"type":"Feature","id":"ponto_revitalizado.25","geometry":{"type":"Point","coordinates":[346592.1104,7399886.8284]},"geometry_name":"ge_ponto","properties":{"cd_identificador_ponto_revitalizado":25,"nm_endereco":"Avenida Danfer, 463","sg_subprefeitura":"PE","nm_subprefeitura":"Penha","cd_lote_servico":"4","tx_status_ponto_revitalizado":"Revitalizado","dt_atualizacao":"2021-12-08Z","tx_data_referencia":"1º quadrimestre 2021","dc_complemento_endereco":null}},{"type":"Feature","id":"ponto_revitalizado.26","geometry":{"type":"Point","coordinates":[341719.0215,7398627.0092]},"geometry_name":"ge_ponto","properties":{"cd_identificador_ponto_revitalizado":26,"nm_endereco":"Avenida Governador Carvalho Pinto & Avenida Gabriela Mistral","sg_subprefeitura":"PE","nm_subprefeitura":"Penha","cd_lote_servico":"4","tx_status_ponto_revitalizado":"Revitalizado","dt_atualizacao":"2021-12-08Z","tx_data_referencia":"1º quadrimestre 2021","dc_complemento_endereco":null}},{"type":"Feature","id":"ponto_revitalizado.27","geometry":{"type":"Point","coordinates":[342291.902,7398688.3363]},"geometry_name":"ge_ponto","properties":{"cd_identificador_ponto_revitalizado":27,"nm_endereco":"Avenida Governador Carvalho Pinto & Praça Rotary Penha","sg_subprefeitura":"PE","nm_subprefeitura":"Penha","cd_lote_servico":"4","tx_status_ponto_revitalizado":"Eliminado","dt_atualizacao":"2021-12-08Z","tx_data_referencia":"1º quadrimestre 2021","dc_complemento_endereco":null}},{"type":"Feature","id":"ponto_revitalizado.28","geometry":{"type":"Point","coordinates":[342956.157,7398743.0893]},"geometry_name":"ge_ponto","properties":{"cd_identificador_ponto_revitalizado":28,"nm_endereco":"Avenida Governador Carvalho Pinto & Rua Manuel José Viana","sg_subprefeitura":"PE","nm_subprefeitura":"Penha","cd_lote_servico":"4","tx_status_ponto_revitalizado":"Revitalizado","dt_atualizacao":"2021-12-08Z","tx_data_referencia":"1º quadrimestre 2021","dc_complemento_endereco":null}},{"type":"Feature","id":"ponto_revitalizado.29","geometry":{"type":"Point","coordinates":[342080.9019,7398717.4062]},"geometry_name":"ge_ponto","properties":{"cd_identificador_ponto_revitalizado":29,"nm_endereco":"Avenida Governador Carvalho Pinto & Rua Paratiji (Canteiro Central)","sg_subprefeitura":"PE","nm_subprefeitura":"Penha","cd_lote_servico":"4","tx_status_ponto_revitalizado":"Revitalizado","dt_atualizacao":"2021-12-08Z","tx_data_referencia":"1º quadrimestre 2021","dc_complemento_endereco":null}},{"type":"Feature","id":"ponto_revitalizado.30","geometry":{"type":"Point","coordinates":[345659.3741,7394958.9289]},"geometry_name":"ge_ponto","properties":{"cd_identificador_ponto_revitalizado":30,"nm_endereco":"Avenida Mendonça Drumond, 62","sg_subprefeitura":"PE","nm_subprefeitura":"Penha","cd_lote_servico":"4","tx_status_ponto_revitalizado":"Revitalizado","dt_atualizacao":"2021-12-08Z","tx_data_referencia":"1º quadrimestre 2021","dc_complemento_endereco":null}},{"type":"Feature","id":"ponto_revitalizado.31","geometry":{"type":"Point","coordinates":[348596.7824,7395476.7787]},"geometry_name":"ge_ponto","properties":{"cd_identificador_ponto_revitalizado":31,"nm_endereco":"Avenida Padre Sena Freitas, 86","sg_subprefeitura":"PE","nm_subprefeitura":"Penha","cd_lote_servico":"4","tx_status_ponto_revitalizado":"Revitalizado","dt_atualizacao":"2021-12-08Z","tx_data_referencia":"1º quadrimestre 2021","dc_complemento_endereco":null}},{"type":"Feature","id":"ponto_revitalizado.32","geometry":{"type":"Point","coordinates":[347140.6516,7396334.0967]},"geometry_name":"ge_ponto","properties":{"cd_identificador_ponto_revitalizado":32,"nm_endereco":"Avenida Paraguaçu Paulista, 120","sg_subprefeitura":"PE","nm_subprefeitura":"Penha","cd_lote_servico":"4","tx_status_ponto_revitalizado":"Eliminado","dt_atualizacao":"2021-12-08Z","tx_data_referencia":"1º quadrimestre 2021","dc_complemento_endereco":null}},{"type":"Feature","id":"ponto_revitalizado.33","geometry":{"type":"Point","coordinates":[347253.3422,7396298.3945]},"geometry_name":"ge_ponto","properties":{"cd_identificador_ponto_revitalizado":33,"nm_endereco":"Avenida Paraguaçu Paulista, 236","sg_subprefeitura":"PE","nm_subprefeitura":"Penha","cd_lote_servico":"4","tx_status_ponto_revitalizado":"Eliminado","dt_atualizacao":"2021-12-08Z","tx_data_referencia":"1º quadrimestre 2021","dc_complemento_endereco":null}},{"type":"Feature","id":"ponto_revitalizado.34","geometry":{"type":"Point","coordinates":[347523.5222,7396219.4805]},"geometry_name":"ge_ponto","properties":{"cd_identificador_ponto_revitalizado":34,"nm_endereco":"Avenida Paraguaçu Paulista, 510","sg_subprefeitura":"PE","nm_subprefeitura":"Penha","cd_lote_servico":"4","tx_status_ponto_revitalizado":"Eliminado","dt_atualizacao":"2021-12-08Z","tx_data_referencia":"1º quadrimestre 2021","dc_complemento_endereco":null}},{"type":"Feature","id":"ponto_revitalizado.35","geometry":{"type":"Point","coordinates":[344379.7254,7398172.4232]},"geometry_name":"ge_ponto","properties":{"cd_identificador_ponto_revitalizado":35,"nm_endereco":"Avenida São Miguel & Rua Pixurim","sg_subprefeitura":"PE","nm_subprefeitura":"Penha","cd_lote_servico":"4","tx_status_ponto_revitalizado":"Revitalizado","dt_atualizacao":"2021-12-08Z","tx_data_referencia":"1º quadrimestre 2021","dc_complemento_endereco":null}},{"type":"Feature","id":"ponto_revitalizado.36","geometry":{"type":"Point","coordinates":[321212.9827,7391158.1945]},"geometry_name":"ge_ponto","properties":{"cd_identificador_ponto_revitalizado":36,"nm_endereco":"Avenida Abilio Pereira de Almeida, 45","sg_subprefeitura":"BT","nm_subprefeitura":"Butantã","cd_lote_servico":"5","tx_status_ponto_revitalizado":"Revitalizado","dt_atualizacao":"2021-12-08Z","tx_data_referencia":"1º quadrimestre 2021","dc_complemento_endereco":null}},{"type":"Feature","id":"ponto_revitalizado.37","geometry":{"type":"Point","coordinates":[333926.633,7387165.3952]},"geometry_name":"ge_ponto","properties":{"cd_identificador_ponto_revitalizado":37,"nm_endereco":"Avenida Abraão de Moraes & Rua Artur Thiré","sg_subprefeitura":"VM","nm_subprefeitura":"Vila Mariana","cd_lote_servico":"3","tx_status_ponto_revitalizado":"Revitalizado","dt_atualizacao":"2021-12-08Z","tx_data_referencia":"1º quadrimestre 2021","dc_complemento_endereco":null}},{"type":"Feature","id":"ponto_revitalizado.38","geometry":{"type":"Point","coordinates":[333929.647,7388110.9302]},"geometry_name":"ge_ponto","properties":{"cd_identificador_ponto_revitalizado":38,"nm_endereco":"Avenida Abraão Moraes & Avenida Itaboraí","sg_subprefeitura":"VM","nm_subprefeitura":"Vila Mariana","cd_lote_servico":"3","tx_status_ponto_revitalizado":"Revitalizado","dt_atualizacao":"2021-12-08Z","tx_data_referencia":"1º quadrimestre 2021","dc_complemento_endereco":null}},{"type":"Feature","id":"ponto_revitalizado.39","geometry":{"type":"Point","coordinates":[333935.5427,7387198.5011]},"geometry_name":"ge_ponto","properties":{"cd_identificador_ponto_revitalizado":39,"nm_endereco":"Avenida Abrão de Moraes, 1500","sg_subprefeitura":"VM","nm_subprefeitura":"Vila Mariana","cd_lote_servico":"3","tx_status_ponto_revitalizado":"Revitalizado","dt_atualizacao":"2021-12-08Z","tx_data_referencia":"1º quadrimestre 2021","dc_complemento_endereco":null}},{"type":"Feature","id":"ponto_revitalizado.40","geometry":{"type":"Point","coordinates":[349512.819,7392282.2779]},"geometry_name":"ge_ponto","properties":{"cd_identificador_ponto_revitalizado":40,"nm_endereco":"Avenida Afonso de Sampaio e Sousa & Rua Estevão Dias Vergara","sg_subprefeitura":"IQ","nm_subprefeitura":"Itaquera","cd_lote_servico":"1","tx_status_ponto_revitalizado":"Revitalizado","dt_atualizacao":"2021-12-08Z","tx_data_referencia":"1º quadrimestre 2021","dc_complemento_endereco":null}},{"type":"Feature","id":"ponto_revitalizado.41","geometry":{"type":"Point","coordinates":[349304.7825,7398311.7145]},"geometry_name":"ge_ponto","properties":{"cd_identificador_ponto_revitalizado":41,"nm_endereco":"Avenida Águia de Haia, 3373","sg_subprefeitura":"EM","nm_subprefeitura":"Ermelino Matarazzo","cd_lote_servico":"1","tx_status_ponto_revitalizado":"Revitalizado","dt_atualizacao":"2021-12-08Z","tx_data_referencia":"1º quadrimestre 2021","dc_complemento_endereco":null}},{"type":"Feature","id":"ponto_revitalizado.42","geometry":{"type":"Point","coordinates":[344863.5518,7391962.2336]},"geometry_name":"ge_ponto","properties":{"cd_identificador_ponto_revitalizado":42,"nm_endereco":"Avenida Aguiar da Beira","sg_subprefeitura":"AF","nm_subprefeitura":"Aricanduva","cd_lote_servico":"3","tx_status_ponto_revitalizado":"Revitalizado","dt_atualizacao":"2021-12-08Z","tx_data_referencia":"1º quadrimestre 2021","dc_complemento_endereco":null}},{"type":"Feature","id":"ponto_revitalizado.43","geometry":{"type":"Point","coordinates":[344975.1816,7392572.7475]},"geometry_name":"ge_ponto","properties":{"cd_identificador_ponto_revitalizado":43,"nm_endereco":"Avenida Aguiar da Beira, 112","sg_subprefeitura":"AF","nm_subprefeitura":"Aricanduva","cd_lote_servico":"3","tx_status_ponto_revitalizado":"Revitalizado","dt_atualizacao":"2021-12-08Z","tx_data_referencia":"1º quadrimestre 2021","dc_complemento_endereco":null}},{"type":"Feature","id":"ponto_revitalizado.44","geometry":{"type":"Point","coordinates":[344504.0442,7391260.8166]},"geometry_name":"ge_ponto","properties":{"cd_identificador_ponto_revitalizado":44,"nm_endereco":"Avenida Aguiar da Beira, 35","sg_subprefeitura":"AF","nm_subprefeitura":"Aricanduva","cd_lote_servico":"3","tx_status_ponto_revitalizado":"Revitalizado","dt_atualizacao":"2021-12-08Z","tx_data_referencia":"1º quadrimestre 2021","dc_complemento_endereco":null}},{"type":"Feature","id":"ponto_revitalizado.45","geometry":{"type":"Point","coordinates":[344702.1125,7391602.2523]},"geometry_name":"ge_ponto","properties":{"cd_identificador_ponto_revitalizado":45,"nm_endereco":"Avenida Aguiar da Beira, 55","sg_subprefeitura":"AF","nm_subprefeitura":"Aricanduva","cd_lote_servico":"3","tx_status_ponto_revitalizado":"Revitalizado","dt_atualizacao":"2021-12-08Z","tx_data_referencia":"1º quadrimestre 2021","dc_complemento_endereco":null}},{"type":"Feature","id":"ponto_revitalizado.46","geometry":{"type":"Point","coordinates":[330857.4024,7384142.6156]},"geometry_name":"ge_ponto","properties":{"cd_identificador_ponto_revitalizado":46,"nm_endereco":"Avenida Alba, 977","sg_subprefeitura":"JA","nm_subprefeitura":"Jabaquara","cd_lote_servico":"3","tx_status_ponto_revitalizado":"Revitalizado","dt_atualizacao":"2021-12-08Z","tx_data_referencia":"1º quadrimestre 2021","dc_complemento_endereco":null}},{"type":"Feature","id":"ponto_revitalizado.47","geometry":{"type":"Point","coordinates":[322724.7954,7398236.587]},"geometry_name":"ge_ponto","properties":{"cd_identificador_ponto_revitalizado":47,"nm_endereco":"Avenida Alexandre Colares, 32","sg_subprefeitura":"LA","nm_subprefeitura":"Lapa","cd_lote_servico":"5","tx_status_ponto_revitalizado":"Revitalizado","dt_atualizacao":"2021-12-08Z","tx_data_referencia":"1º quadrimestre 2021","dc_complemento_endereco":null}},{"type":"Feature","id":"ponto_revitalizado.48","geometry":{"type":"Point","coordinates":[333334.0887,7381344.9349]},"geometry_name":"ge_ponto","properties":{"cd_identificador_ponto_revitalizado":48,"nm_endereco":"Avenida Ana Maria, 154","sg_subprefeitura":"JA","nm_subprefeitura":"Jabaquara","cd_lote_servico":"3","tx_status_ponto_revitalizado":"Revitalizado","dt_atualizacao":"2021-12-08Z","tx_data_referencia":"1º quadrimestre 2021","dc_complemento_endereco":null}},{"type":"Feature","id":"ponto_revitalizado.49","geometry":{"type":"Point","coordinates":[351023.3803,7397294.6117]},"geometry_name":"ge_ponto","properties":{"cd_identificador_ponto_revitalizado":49,"nm_endereco":"Avenida André Cavalcanti (Tubos)","sg_subprefeitura":"IQ","nm_subprefeitura":"Itaquera","cd_lote_servico":"1","tx_status_ponto_revitalizado":"Revitalizado","dt_atualizacao":"2021-12-08Z","tx_data_referencia":"1º quadrimestre 2021","dc_complemento_endereco":null}},{"type":"Feature","id":"ponto_revitalizado.50","geometry":{"type":"Point","coordinates":[350744.8153,7397124.5536]},"geometry_name":"ge_ponto","properties":{"cd_identificador_ponto_revitalizado":50,"nm_endereco":"Avenida André Cavalcanti, 749 (Muro da Escola)","sg_subprefeitura":"IQ","nm_subprefeitura":"Itaquera","cd_lote_servico":"1","tx_status_ponto_revitalizado":"Revitalizado","dt_atualizacao":"2021-12-08Z","tx_data_referencia":"1º quadrimestre 2021","dc_complemento_endereco":null}},{"type":"Feature","id":"ponto_revitalizado.51","geometry":{"type":"Point","coordinates":[332751.7907,7379395.3907]},"geometry_name":"ge_ponto","properties":{"cd_identificador_ponto_revitalizado":51,"nm_endereco":"Avenida Angelo Cristianini & Rua Décio de Queiroz Telles","sg_subprefeitura":"AD","nm_subprefeitura":"Cidade Ademar","cd_lote_servico":"3","tx_status_ponto_revitalizado":"Revitalizado","dt_atualizacao":"2021-12-08Z","tx_data_referencia":"1º quadrimestre 2021","dc_complemento_endereco":null}},{"type":"Feature","id":"ponto_revitalizado.52","geometry":{"type":"Point","coordinates":[332975.9684,7379511.8241]},"geometry_name":"ge_ponto","properties":{"cd_identificador_ponto_revitalizado":52,"nm_endereco":"Avenida Angelo Cristianini & Rua Maria Balades Correia","sg_subprefeitura":"AD","nm_subprefeitura":"Cidade Ademar","cd_lote_servico":"3","tx_status_ponto_revitalizado":"Revitalizado","dt_atualizacao":"2021-12-08Z","tx_data_referencia":"1º quadrimestre 2021","dc_complemento_endereco":null}},{"type":"Feature","id":"ponto_revitalizado.53","geometry":{"type":"Point","coordinates":[339806.3667,7402239.555]},"geometry_name":"ge_ponto","properties":{"cd_identificador_ponto_revitalizado":53,"nm_endereco":"Avenida Antenor Navarro & Rua Francisco Alves Bezerra","sg_subprefeitura":"MG","nm_subprefeitura":"Vila Maria-Vila Guilherme","cd_lote_servico":"4","tx_status_ponto_revitalizado":"Revitalizado","dt_atualizacao":"2021-12-08Z","tx_data_referencia":"1º quadrimestre 2021","dc_complemento_endereco":null}},{"type":"Feature","id":"ponto_revitalizado.54","geometry":{"type":"Point","coordinates":[347210.6867,7396100.2692]},"geometry_name":"ge_ponto","properties":{"cd_identificador_ponto_revitalizado":54,"nm_endereco":"Avenida Antônio Estevão de Carvalho & Rua Fernandes Pereira","sg_subprefeitura":"PE","nm_subprefeitura":"Penha","cd_lote_servico":"4","tx_status_ponto_revitalizado":"Revitalizado","dt_atualizacao":"2021-12-08Z","tx_data_referencia":"1º quadrimestre 2021","dc_complemento_endereco":null}},{"type":"Feature","id":"ponto_revitalizado.55","geometry":{"type":"Point","coordinates":[329598.0115,7390722.5524]},"geometry_name":"ge_ponto","properties":{"cd_identificador_ponto_revitalizado":55,"nm_endereco":"Avenida Antonio Joaquim Moura Andrade, 670","sg_subprefeitura":"VM","nm_subprefeitura":"Vila Mariana","cd_lote_servico":"3","tx_status_ponto_revitalizado":"Revitalizado","dt_atualizacao":"2021-12-08Z","tx_data_referencia":"1º quadrimestre 2021","dc_complemento_endereco":null}},{"type":"Feature","id":"ponto_revitalizado.56","geometry":{"type":"Point","coordinates":[348682.5401,7390683.074]},"geometry_name":"ge_ponto","properties":{"cd_identificador_ponto_revitalizado":56,"nm_endereco":"Avenida Aricanduva","sg_subprefeitura":"SM","nm_subprefeitura":"São Mateus","cd_lote_servico":"1","tx_status_ponto_revitalizado":"Revitalizado","dt_atualizacao":"2021-12-08Z","tx_data_referencia":"1º quadrimestre 2021","dc_complemento_endereco":null}},{"type":"Feature","id":"ponto_revitalizado.57","geometry":{"type":"Point","coordinates":[332872.4051,7391439.7407]},"geometry_name":"ge_ponto","properties":{"cd_identificador_ponto_revitalizado":57,"nm_endereco":"Avenida Armando Ferrentini & Rua Artur Sabóia","sg_subprefeitura":"VM","nm_subprefeitura":"Vila Mariana","cd_lote_servico":"3","tx_status_ponto_revitalizado":"Revitalizado","dt_atualizacao":"2021-12-08Z","tx_data_referencia":"1º quadrimestre 2021","dc_complemento_endereco":null}},{"type":"Feature","id":"ponto_revitalizado.58","geometry":{"type":"Point","coordinates":[333038.3438,7391792.1715]},"geometry_name":"ge_ponto","properties":{"cd_identificador_ponto_revitalizado":58,"nm_endereco":"Avenida Armando Ferrentini, 560","sg_subprefeitura":"VM","nm_subprefeitura":"Vila Mariana","cd_lote_servico":"3","tx_status_ponto_revitalizado":"Revitalizado","dt_atualizacao":"2021-12-08Z","tx_data_referencia":"1º quadrimestre 2021","dc_complemento_endereco":null}},{"type":"Feature","id":"ponto_revitalizado.59","geometry":{"type":"Point","coordinates":[346714.6608,7391414.0801]},"geometry_name":"ge_ponto","properties":{"cd_identificador_ponto_revitalizado":59,"nm_endereco":"Avenida Arraias do Araguaia","sg_subprefeitura":"AF","nm_subprefeitura":"Aricanduva","cd_lote_servico":"3","tx_status_ponto_revitalizado":"Revitalizado","dt_atualizacao":"2021-12-08Z","tx_data_referencia":"1º quadrimestre 2021","dc_complemento_endereco":null}},{"type":"Feature","id":"ponto_revitalizado.60","geometry":{"type":"Point","coordinates":[346237.239,7390369.0442]},"geometry_name":"ge_ponto","properties":{"cd_identificador_ponto_revitalizado":60,"nm_endereco":"Avenida Arraias do Araguaia","sg_subprefeitura":"AF","nm_subprefeitura":"Aricanduva","cd_lote_servico":"3","tx_status_ponto_revitalizado":"Revitalizado","dt_atualizacao":"2021-12-08Z","tx_data_referencia":"1º quadrimestre 2021","dc_complemento_endereco":null}},{"type":"Feature","id":"ponto_revitalizado.61","geometry":{"type":"Point","coordinates":[346323.9288,7390540.2846]},"geometry_name":"ge_ponto","properties":{"cd_identificador_ponto_revitalizado":61,"nm_endereco":"Avenida Arraias do Araguaia","sg_subprefeitura":"AF","nm_subprefeitura":"Aricanduva","cd_lote_servico":"3","tx_status_ponto_revitalizado":"Revitalizado","dt_atualizacao":"2021-12-08Z","tx_data_referencia":"1º quadrimestre 2021","dc_complemento_endereco":null}},{"type":"Feature","id":"ponto_revitalizado.62","geometry":{"type":"Point","coordinates":[346646.7099,7391284.7908]},"geometry_name":"ge_ponto","properties":{"cd_identificador_ponto_revitalizado":62,"nm_endereco":"Avenida Arraias do Araguaia","sg_subprefeitura":"AF","nm_subprefeitura":"Aricanduva","cd_lote_servico":"3","tx_status_ponto_revitalizado":"Revitalizado","dt_atualizacao":"2021-12-08Z","tx_data_referencia":"1º quadrimestre 2021","dc_complemento_endereco":null}},{"type":"Feature","id":"ponto_revitalizado.63","geometry":{"type":"Point","coordinates":[343925.8203,7400309.4333]},"geometry_name":"ge_ponto","properties":{"cd_identificador_ponto_revitalizado":63,"nm_endereco":"Avenida Assis Ribeiro, 2638","sg_subprefeitura":"PE","nm_subprefeitura":"Penha","cd_lote_servico":"4","tx_status_ponto_revitalizado":"Revitalizado","dt_atualizacao":"2021-12-08Z","tx_data_referencia":"1º quadrimestre 2021","dc_complemento_endereco":null}},{"type":"Feature","id":"ponto_revitalizado.64","geometry":{"type":"Point","coordinates":[358672.3877,7399948.4166]},"geometry_name":"ge_ponto","properties":{"cd_identificador_ponto_revitalizado":64,"nm_endereco":"Avenida Bandeira dos Cataguases, 52","sg_subprefeitura":"IT","nm_subprefeitura":"Itaim Paulista","cd_lote_servico":"1","tx_status_ponto_revitalizado":"Revitalizado","dt_atualizacao":"2021-12-08Z","tx_data_referencia":"1º quadrimestre 2021","dc_complemento_endereco":null}},{"type":"Feature","id":"ponto_revitalizado.65","geometry":{"type":"Point","coordinates":[332941.9313,7382867.2998]},"geometry_name":"ge_ponto","properties":{"cd_identificador_ponto_revitalizado":65,"nm_endereco":"Avenida Barro Branco & Rua das Jóias","sg_subprefeitura":"JA","nm_subprefeitura":"Jabaquara","cd_lote_servico":"3","tx_status_ponto_revitalizado":"Revitalizado","dt_atualizacao":"2021-12-08Z","tx_data_referencia":"1º quadrimestre 2021","dc_complemento_endereco":null}},{"type":"Feature","id":"ponto_revitalizado.66","geometry":{"type":"Point","coordinates":[351561.3464,7388121.2008]},"geometry_name":"ge_ponto","properties":{"cd_identificador_ponto_revitalizado":66,"nm_endereco":"Avenida Bassano Del Grappa, 229","sg_subprefeitura":"SM","nm_subprefeitura":"São Mateus","cd_lote_servico":"1","tx_status_ponto_revitalizado":"Revitalizado","dt_atualizacao":"2021-12-08Z","tx_data_referencia":"1º quadrimestre 2021","dc_complemento_endereco":null}},{"type":"Feature","id":"ponto_revitalizado.67","geometry":{"type":"Point","coordinates":[332101.8629,7393229.1037]},"geometry_name":"ge_ponto","properties":{"cd_identificador_ponto_revitalizado":67,"nm_endereco":"Avenida Brigadeiro Luis Antônio & Rua Santa Madalena","sg_subprefeitura":"SE","nm_subprefeitura":"Sé","cd_lote_servico":"2","tx_status_ponto_revitalizado":"Revitalizado","dt_atualizacao":"2021-12-08Z","tx_data_referencia":"1º quadrimestre 2021","dc_complemento_endereco":null}},{"type":"Feature","id":"ponto_revitalizado.68","geometry":{"type":"Point","coordinates":[345845.4673,7398143.7271]},"geometry_name":"ge_ponto","properties":{"cd_identificador_ponto_revitalizado":68,"nm_endereco":"Avenida Calim Eid","sg_subprefeitura":"PE","nm_subprefeitura":"Penha","cd_lote_servico":"4","tx_status_ponto_revitalizado":"Revitalizado","dt_atualizacao":"2021-12-08Z","tx_data_referencia":"1º quadrimestre 2021","dc_complemento_endereco":null}},{"type":"Feature","id":"ponto_revitalizado.69","geometry":{"type":"Point","coordinates":[317936.6647,7383375.781]},"geometry_name":"ge_ponto","properties":{"cd_identificador_ponto_revitalizado":69,"nm_endereco":"Avenida Cantos do Amanhecer, 38","sg_subprefeitura":"CL","nm_subprefeitura":"Campo Limpo","cd_lote_servico":"6","tx_status_ponto_revitalizado":"Revitalizado","dt_atualizacao":"2021-12-08Z","tx_data_referencia":"1º quadrimestre 2021","dc_complemento_endereco":null}},{"type":"Feature","id":"ponto_revitalizado.70","geometry":{"type":"Point","coordinates":[344360.1873,7390459.3565]},"geometry_name":"ge_ponto","properties":{"cd_identificador_ponto_revitalizado":70,"nm_endereco":"Avenida Capitão Mor Pero de Gois, 280","sg_subprefeitura":"SB","nm_subprefeitura":"Sapopemba","cd_lote_servico":"1","tx_status_ponto_revitalizado":"Eliminado","dt_atualizacao":"2021-12-08Z","tx_data_referencia":"1º quadrimestre 2021","dc_complemento_endereco":null}},{"type":"Feature","id":"ponto_revitalizado.71","geometry":{"type":"Point","coordinates":[337633.4023,7388796.1871]},"geometry_name":"ge_ponto","properties":{"cd_identificador_ponto_revitalizado":71,"nm_endereco":"Avenida Carioca, 99","sg_subprefeitura":"IP","nm_subprefeitura":"Ipiranga","cd_lote_servico":"3","tx_status_ponto_revitalizado":"Revitalizado","dt_atualizacao":"2021-12-08Z","tx_data_referencia":"1º quadrimestre 2021","dc_complemento_endereco":null}},{"type":"Feature","id":"ponto_revitalizado.72","geometry":{"type":"Point","coordinates":[321155.6636,7383860.8163]},"geometry_name":"ge_ponto","properties":{"cd_identificador_ponto_revitalizado":72,"nm_endereco":"Avenida Carlos Caldeira Filho","sg_subprefeitura":"CL","nm_subprefeitura":"Campo Limpo","cd_lote_servico":"6","tx_status_ponto_revitalizado":"Revitalizado","dt_atualizacao":"2021-12-08Z","tx_data_referencia":"1º quadrimestre 2021","dc_complemento_endereco":null}},{"type":"Feature","id":"ponto_revitalizado.73","geometry":{"type":"Point","coordinates":[318555.6924,7383696.0785]},"geometry_name":"ge_ponto","properties":{"cd_identificador_ponto_revitalizado":73,"nm_endereco":"Avenida Carlos Lacerda","sg_subprefeitura":"CL","nm_subprefeitura":"Campo Limpo","cd_lote_servico":"6","tx_status_ponto_revitalizado":"Revitalizado","dt_atualizacao":"2021-12-08Z","tx_data_referencia":"1º quadrimestre 2021","dc_complemento_endereco":null}},{"type":"Feature","id":"ponto_revitalizado.74","geometry":{"type":"Point","coordinates":[332361.4316,7397834.9786]},"geometry_name":"ge_ponto","properties":{"cd_identificador_ponto_revitalizado":74,"nm_endereco":"Avenida Presidente Castelo Branco & Rua Newton Prado","sg_subprefeitura":"SE","nm_subprefeitura":"Sé","cd_lote_servico":"2","tx_status_ponto_revitalizado":"Revitalizado","dt_atualizacao":"2021-12-08Z","tx_data_referencia":"1º quadrimestre 2021","dc_complemento_endereco":null}},{"type":"Feature","id":"ponto_revitalizado.75","geometry":{"type":"Point","coordinates":[325006.4588,7384818.4671]},"geometry_name":"ge_ponto","properties":{"cd_identificador_ponto_revitalizado":75,"nm_endereco":"Avenida Cecília Lottenberg","sg_subprefeitura":"SA","nm_subprefeitura":"Santo Amaro","cd_lote_servico":"6","tx_status_ponto_revitalizado":"Revitalizado","dt_atualizacao":"2021-12-08Z","tx_data_referencia":"1º quadrimestre 2021","dc_complemento_endereco":null}},{"type":"Feature","id":"ponto_revitalizado.76","geometry":{"type":"Point","coordinates":[336750.3896,7395998.6727]},"geometry_name":"ge_ponto","properties":{"cd_identificador_ponto_revitalizado":76,"nm_endereco":"Avenida Celso Garcia, 1361","sg_subprefeitura":"MO","nm_subprefeitura":"Mooca","cd_lote_servico":"2","tx_status_ponto_revitalizado":"Revitalizado","dt_atualizacao":"2021-12-08Z","tx_data_referencia":"1º quadrimestre 2021","dc_complemento_endereco":null}},{"type":"Feature","id":"ponto_revitalizado.77","geometry":{"type":"Point","coordinates":[343989.1283,7391878.0608]},"geometry_name":"ge_ponto","properties":{"cd_identificador_ponto_revitalizado":77,"nm_endereco":"Avenida Cipriano Rodrigues","sg_subprefeitura":"AF","nm_subprefeitura":"Aricanduva","cd_lote_servico":"3","tx_status_ponto_revitalizado":"Revitalizado","dt_atualizacao":"2021-12-08Z","tx_data_referencia":"1º quadrimestre 2021","dc_complemento_endereco":null}},{"type":"Feature","id":"ponto_revitalizado.78","geometry":{"type":"Point","coordinates":[344130.3301,7391837.1511]},"geometry_name":"ge_ponto","properties":{"cd_identificador_ponto_revitalizado":78,"nm_endereco":"Avenida Cipriano Rodrigues & Rua Mercedes Miguel","sg_subprefeitura":"AF","nm_subprefeitura":"Aricanduva","cd_lote_servico":"3","tx_status_ponto_revitalizado":"Revitalizado","dt_atualizacao":"2021-12-08Z","tx_data_referencia":"1º quadrimestre 2021","dc_complemento_endereco":null}},{"type":"Feature","id":"ponto_revitalizado.79","geometry":{"type":"Point","coordinates":[344299.7873,7391750.1381]},"geometry_name":"ge_ponto","properties":{"cd_identificador_ponto_revitalizado":79,"nm_endereco":"Avenida Cipriano Rodrigues, 468","sg_subprefeitura":"AF","nm_subprefeitura":"Aricanduva","cd_lote_servico":"3","tx_status_ponto_revitalizado":"Revitalizado","dt_atualizacao":"2021-12-08Z","tx_data_referencia":"1º quadrimestre 2021","dc_complemento_endereco":null}},{"type":"Feature","id":"ponto_revitalizado.80","geometry":{"type":"Point","coordinates":[348963.368,7388143.7113]},"geometry_name":"ge_ponto","properties":{"cd_identificador_ponto_revitalizado":80,"nm_endereco":"Avenida Cláudio Augusto Fernandes, 610","sg_subprefeitura":"SM","nm_subprefeitura":"São Mateus","cd_lote_servico":"1","tx_status_ponto_revitalizado":"Revitalizado","dt_atualizacao":"2021-12-08Z","tx_data_referencia":"1º quadrimestre 2021","dc_complemento_endereco":null}},{"type":"Feature","id":"ponto_revitalizado.81","geometry":{"type":"Point","coordinates":[339580.16,7401701.1736]},"geometry_name":"ge_ponto","properties":{"cd_identificador_ponto_revitalizado":81,"nm_endereco":"Avenida Combate da Lagoa Branca & Rua Tenente Sotomano","sg_subprefeitura":"MG","nm_subprefeitura":"Vila Maria-Vila Guilherme","cd_lote_servico":"4","tx_status_ponto_revitalizado":"Eliminado","dt_atualizacao":"2021-12-08Z","tx_data_referencia":"1º quadrimestre 2021","dc_complemento_endereco":null}},{"type":"Feature","id":"ponto_revitalizado.82","geometry":{"type":"Point","coordinates":[337801.0933,7400364.3675]},"geometry_name":"ge_ponto","properties":{"cd_identificador_ponto_revitalizado":82,"nm_endereco":"Avenida Conceição & Rua Andre da Fonseca","sg_subprefeitura":"MG","nm_subprefeitura":"Vila Maria-Vila Guilherme","cd_lote_servico":"4","tx_status_ponto_revitalizado":"Revitalizado","dt_atualizacao":"2021-12-08Z","tx_data_referencia":"1º quadrimestre 2021","dc_complemento_endereco":null}},{"type":"Feature","id":"ponto_revitalizado.83","geometry":{"type":"Point","coordinates":[338970.654,7400731.5386]},"geometry_name":"ge_ponto","properties":{"cd_identificador_ponto_revitalizado":83,"nm_endereco":"Avenida Conceição, 4232","sg_subprefeitura":"MG","nm_subprefeitura":"Vila Maria-Vila Guilherme","cd_lote_servico":"4","tx_status_ponto_revitalizado":"Eliminado","dt_atualizacao":"2021-12-08Z","tx_data_referencia":"1º quadrimestre 2021","dc_complemento_endereco":null}},{"type":"Feature","id":"ponto_revitalizado.84","geometry":{"type":"Point","coordinates":[339383.2736,7400324.2982]},"geometry_name":"ge_ponto","properties":{"cd_identificador_ponto_revitalizado":84,"nm_endereco":"Avenida Conceição, 4807","sg_subprefeitura":"MG","nm_subprefeitura":"Vila Maria-Vila Guilherme","cd_lote_servico":"4","tx_status_ponto_revitalizado":"Revitalizado","dt_atualizacao":"2021-12-08Z","tx_data_referencia":"1º quadrimestre 2021","dc_complemento_endereco":null}},{"type":"Feature","id":"ponto_revitalizado.85","geometry":{"type":"Point","coordinates":[359618.2728,7401710.6063]},"geometry_name":"ge_ponto","properties":{"cd_identificador_ponto_revitalizado":85,"nm_endereco":"Avenida Córrego Três Pontes, 64","sg_subprefeitura":"IT","nm_subprefeitura":"Itaim Paulista","cd_lote_servico":"1","tx_status_ponto_revitalizado":"Revitalizado","dt_atualizacao":"2021-12-08Z","tx_data_referencia":"1º quadrimestre 2021","dc_complemento_endereco":null}},{"type":"Feature","id":"ponto_revitalizado.86","geometry":{"type":"Point","coordinates":[332637.0041,7380444.581]},"geometry_name":"ge_ponto","properties":{"cd_identificador_ponto_revitalizado":86,"nm_endereco":"Avenida Cupecê & Rua Rubens Luccats","sg_subprefeitura":"AD","nm_subprefeitura":"Cidade Ademar","cd_lote_servico":"3","tx_status_ponto_revitalizado":"Revitalizado","dt_atualizacao":"2021-12-08Z","tx_data_referencia":"1º quadrimestre 2021","dc_complemento_endereco":null}},{"type":"Feature","id":"ponto_revitalizado.87","geometry":{"type":"Point","coordinates":[344546.0234,7390903.3281]},"geometry_name":"ge_ponto","properties":{"cd_identificador_ponto_revitalizado":87,"nm_endereco":"Avenida da Barreira Grande, 1172","sg_subprefeitura":"SB","nm_subprefeitura":"Sapopemba","cd_lote_servico":"1","tx_status_ponto_revitalizado":"Revitalizado","dt_atualizacao":"2021-12-08Z","tx_data_referencia":"1º quadrimestre 2021","dc_complemento_endereco":null}},{"type":"Feature","id":"ponto_revitalizado.88","geometry":{"type":"Point","coordinates":[346047.4636,7390411.0115]},"geometry_name":"ge_ponto","properties":{"cd_identificador_ponto_revitalizado":88,"nm_endereco":"Avenida da Barreira Grande, 2970","sg_subprefeitura":"AF","nm_subprefeitura":"Aricanduva","cd_lote_servico":"3","tx_status_ponto_revitalizado":"Eliminado","dt_atualizacao":"2021-12-08Z","tx_data_referencia":"1º quadrimestre 2021","dc_complemento_endereco":null}},{"type":"Feature","id":"ponto_revitalizado.89","geometry":{"type":"Point","coordinates":[346183.4543,7390378.3343]},"geometry_name":"ge_ponto","properties":{"cd_identificador_ponto_revitalizado":89,"nm_endereco":"Avenida da Barreira Grande, 3115","sg_subprefeitura":"AF","nm_subprefeitura":"Aricanduva","cd_lote_servico":"3","tx_status_ponto_revitalizado":"Eliminado","dt_atualizacao":"2021-12-08Z","tx_data_referencia":"1º quadrimestre 2021","dc_complemento_endereco":null}},{"type":"Feature","id":"ponto_revitalizado.90","geometry":{"type":"Point","coordinates":[346570.4211,7390209.9723]},"geometry_name":"ge_ponto","properties":{"cd_identificador_ponto_revitalizado":90,"nm_endereco":"Avenida da Barreira Grande, 3541","sg_subprefeitura":"SM","nm_subprefeitura":"São Mateus","cd_lote_servico":"1","tx_status_ponto_revitalizado":"Revitalizado","dt_atualizacao":"2021-12-08Z","tx_data_referencia":"1º quadrimestre 2021","dc_complemento_endereco":null}},{"type":"Feature","id":"ponto_revitalizado.91","geometry":{"type":"Point","coordinates":[346924.1835,7390170.4935]},"geometry_name":"ge_ponto","properties":{"cd_identificador_ponto_revitalizado":91,"nm_endereco":"Avenida da Barreira Grande, 3917","sg_subprefeitura":"SM","nm_subprefeitura":"São Mateus","cd_lote_servico":"1","tx_status_ponto_revitalizado":"Revitalizado","dt_atualizacao":"2021-12-08Z","tx_data_referencia":"1º quadrimestre 2021","dc_complemento_endereco":null}},{"type":"Feature","id":"ponto_revitalizado.92","geometry":{"type":"Point","coordinates":[327425.4093,7378168.0735]},"geometry_name":"ge_ponto","properties":{"cd_identificador_ponto_revitalizado":92,"nm_endereco":"Avenida da Estação & Rua Manuel de Teffé","sg_subprefeitura":"CS","nm_subprefeitura":"Capela Do Socorro","cd_lote_servico":"6","tx_status_ponto_revitalizado":"Revitalizado","dt_atualizacao":"2021-12-08Z","tx_data_referencia":"1º quadrimestre 2021","dc_complemento_endereco":null}},{"type":"Feature","id":"ponto_revitalizado.93","geometry":{"type":"Point","coordinates":[355317.8242,7399501.5351]},"geometry_name":"ge_ponto","properties":{"cd_identificador_ponto_revitalizado":93,"nm_endereco":"Avenida Dama Entre Verdes, 100","sg_subprefeitura":"IT","nm_subprefeitura":"Itaim Paulista","cd_lote_servico":"1","tx_status_ponto_revitalizado":"Revitalizado","dt_atualizacao":"2021-12-08Z","tx_data_referencia":"1º quadrimestre 2021","dc_complemento_endereco":null}},{"type":"Feature","id":"ponto_revitalizado.94","geometry":{"type":"Point","coordinates":[326925.0134,7394798.7527]},"geometry_name":"ge_ponto","properties":{"cd_identificador_ponto_revitalizado":94,"nm_endereco":"Avenida das Corujas","sg_subprefeitura":"PI","nm_subprefeitura":"Pinheiros","cd_lote_servico":"5","tx_status_ponto_revitalizado":"Revitalizado","dt_atualizacao":"2021-12-08Z","tx_data_referencia":"1º quadrimestre 2021","dc_complemento_endereco":null}},{"type":"Feature","id":"ponto_revitalizado.95","geometry":{"type":"Point","coordinates":[338873.9341,7398806.434]},"geometry_name":"ge_ponto","properties":{"cd_identificador_ponto_revitalizado":95,"nm_endereco":"Avenida das Gueixas & Rua Sublimação","sg_subprefeitura":"MG","nm_subprefeitura":"Vila Maria-Vila Guilherme","cd_lote_servico":"4","tx_status_ponto_revitalizado":"Revitalizado","dt_atualizacao":"2021-12-08Z","tx_data_referencia":"1º quadrimestre 2021","dc_complemento_endereco":null}},{"type":"Feature","id":"ponto_revitalizado.96","geometry":{"type":"Point","coordinates":[352442.313,7397366.6699]},"geometry_name":"ge_ponto","properties":{"cd_identificador_ponto_revitalizado":96,"nm_endereco":"Avenida David Domingues Ferreira, 1360","sg_subprefeitura":"IQ","nm_subprefeitura":"Itaquera","cd_lote_servico":"1","tx_status_ponto_revitalizado":"Revitalizado","dt_atualizacao":"2021-12-08Z","tx_data_referencia":"1º quadrimestre 2021","dc_complemento_endereco":null}},{"type":"Feature","id":"ponto_revitalizado.97","geometry":{"type":"Point","coordinates":[342776.3135,7392971.6582]},"geometry_name":"ge_ponto","properties":{"cd_identificador_ponto_revitalizado":97,"nm_endereco":"Avenida Dedo de Deus","sg_subprefeitura":"AF","nm_subprefeitura":"Aricanduva","cd_lote_servico":"3","tx_status_ponto_revitalizado":"Revitalizado","dt_atualizacao":"2021-12-08Z","tx_data_referencia":"1º quadrimestre 2021","dc_complemento_endereco":null}},{"type":"Feature","id":"ponto_revitalizado.98","geometry":{"type":"Point","coordinates":[342819.4348,7393024.8378]},"geometry_name":"ge_ponto","properties":{"cd_identificador_ponto_revitalizado":98,"nm_endereco":"Avenida Dedo de Deus","sg_subprefeitura":"AF","nm_subprefeitura":"Aricanduva","cd_lote_servico":"3","tx_status_ponto_revitalizado":"Revitalizado","dt_atualizacao":"2021-12-08Z","tx_data_referencia":"1º quadrimestre 2021","dc_complemento_endereco":null}},{"type":"Feature","id":"ponto_revitalizado.99","geometry":{"type":"Point","coordinates":[329227.2988,7402481.2519]},"geometry_name":"ge_ponto","properties":{"cd_identificador_ponto_revitalizado":99,"nm_endereco":"Avenida Deputado Emilio Carlos","sg_subprefeitura":"CV","nm_subprefeitura":"Casa Verde","cd_lote_servico":"4","tx_status_ponto_revitalizado":"Revitalizado","dt_atualizacao":"2021-12-08Z","tx_data_referencia":"1º quadrimestre 2021","dc_complemento_endereco":null}},{"type":"Feature","id":"ponto_revitalizado.100","geometry":{"type":"Point","coordinates":[329010.0304,7401829.9263]},"geometry_name":"ge_ponto","properties":{"cd_identificador_ponto_revitalizado":100,"nm_endereco":"Avenida Deputado Emilio Carlos, 2600","sg_subprefeitura":"CV","nm_subprefeitura":"Casa Verde","cd_lote_servico":"4","tx_status_ponto_revitalizado":"Revitalizado","dt_atualizacao":"2021-12-08Z","tx_data_referencia":"1º quadrimestre 2021","dc_complemento_endereco":null}},{"type":"Feature","id":"ponto_revitalizado.101","geometry":{"type":"Point","coordinates":[339105.4785,7398516.3783]},"geometry_name":"ge_ponto","properties":{"cd_identificador_ponto_revitalizado":101,"nm_endereco":"Avenida do Berimbau","sg_subprefeitura":"MG","nm_subprefeitura":"Vila Maria-Vila Guilherme","cd_lote_servico":"4","tx_status_ponto_revitalizado":"Revitalizado","dt_atualizacao":"2021-12-08Z","tx_data_referencia":"1º quadrimestre 2021","dc_complemento_endereco":null}},{"type":"Feature","id":"ponto_revitalizado.102","geometry":{"type":"Point","coordinates":[344598.6654,7387789.6691]},"geometry_name":"ge_ponto","properties":{"cd_identificador_ponto_revitalizado":102,"nm_endereco":"Avenida do Oratório & Rua Glauber Rocha","sg_subprefeitura":"SB","nm_subprefeitura":"Sapopemba","cd_lote_servico":"1","tx_status_ponto_revitalizado":"Eliminado","dt_atualizacao":"2021-12-08Z","tx_data_referencia":"1º quadrimestre 2021","dc_complemento_endereco":null}},{"type":"Feature","id":"ponto_revitalizado.103","geometry":{"type":"Point","coordinates":[344630.659,7387736.851]},"geometry_name":"ge_ponto","properties":{"cd_identificador_ponto_revitalizado":103,"nm_endereco":"Avenida do Oratório, 6566","sg_subprefeitura":"SB","nm_subprefeitura":"Sapopemba","cd_lote_servico":"1","tx_status_ponto_revitalizado":"Eliminado","dt_atualizacao":"2021-12-08Z","tx_data_referencia":"1º quadrimestre 2021","dc_complemento_endereco":null}},{"type":"Feature","id":"ponto_revitalizado.104","geometry":{"type":"Point","coordinates":[340060.4005,7401313.2587]},"geometry_name":"ge_ponto","properties":{"cd_identificador_ponto_revitalizado":104,"nm_endereco":"Avenida do Poeta","sg_subprefeitura":"MG","nm_subprefeitura":"Vila Maria-Vila Guilherme","cd_lote_servico":"4","tx_status_ponto_revitalizado":"Revitalizado","dt_atualizacao":"2021-12-08Z","tx_data_referencia":"1º quadrimestre 2021","dc_complemento_endereco":null}},{"type":"Feature","id":"ponto_revitalizado.105","geometry":{"type":"Point","coordinates":[331041.7473,7404276.1698]},"geometry_name":"ge_ponto","properties":{"cd_identificador_ponto_revitalizado":105,"nm_endereco":"Avenida Dona Mariana Caligiori Ronchetti","sg_subprefeitura":"CV","nm_subprefeitura":"Casa Verde","cd_lote_servico":"4","tx_status_ponto_revitalizado":"Revitalizado","dt_atualizacao":"2021-12-08Z","tx_data_referencia":"1º quadrimestre 2021","dc_complemento_endereco":null}},{"type":"Feature","id":"ponto_revitalizado.106","geometry":{"type":"Point","coordinates":[331178.8575,7386727.8236]},"geometry_name":"ge_ponto","properties":{"cd_identificador_ponto_revitalizado":106,"nm_endereco":"Avenida dos Badeirantes, 4800","sg_subprefeitura":"VM","nm_subprefeitura":"Vila Mariana","cd_lote_servico":"3","tx_status_ponto_revitalizado":"Revitalizado","dt_atualizacao":"2021-12-08Z","tx_data_referencia":"1º quadrimestre 2021","dc_complemento_endereco":null}},{"type":"Feature","id":"ponto_revitalizado.107","geometry":{"type":"Point","coordinates":[318329.9534,7374101.4973]},"geometry_name":"ge_ponto","properties":{"cd_identificador_ponto_revitalizado":107,"nm_endereco":"Avenida dos Funcionarios Publicos, 146","sg_subprefeitura":"MB","nm_subprefeitura":"M'Boi Mirim","cd_lote_servico":"6","tx_status_ponto_revitalizado":"Revitalizado","dt_atualizacao":"2021-12-08Z","tx_data_referencia":"1º quadrimestre 2021","dc_complemento_endereco":null}},{"type":"Feature","id":"ponto_revitalizado.108","geometry":{"type":"Point","coordinates":[318144.7892,7374214.4825]},"geometry_name":"ge_ponto","properties":{"cd_identificador_ponto_revitalizado":108,"nm_endereco":"Avenida dos Funcionarios Publicos, 50","sg_subprefeitura":"MB","nm_subprefeitura":"M'Boi Mirim","cd_lote_servico":"6","tx_status_ponto_revitalizado":"Revitalizado","dt_atualizacao":"2021-12-08Z","tx_data_referencia":"1º quadrimestre 2021","dc_complemento_endereco":null}},{"type":"Feature","id":"ponto_revitalizado.109","geometry":{"type":"Point","coordinates":[347316.8457,7392219.7478]},"geometry_name":"ge_ponto","properties":{"cd_identificador_ponto_revitalizado":109,"nm_endereco":"Avenida dos Latinos, 1009","sg_subprefeitura":"IQ","nm_subprefeitura":"Itaquera","cd_lote_servico":"1","tx_status_ponto_revitalizado":"Revitalizado","dt_atualizacao":"2021-12-08Z","tx_data_referencia":"1º quadrimestre 2021","dc_complemento_endereco":null}},{"type":"Feature","id":"ponto_revitalizado.110","geometry":{"type":"Point","coordinates":[344981.4093,7391870.0137]},"geometry_name":"ge_ponto","properties":{"cd_identificador_ponto_revitalizado":110,"nm_endereco":"Avenida dos Nacionalistas, 142","sg_subprefeitura":"AF","nm_subprefeitura":"Aricanduva","cd_lote_servico":"3","tx_status_ponto_revitalizado":"Revitalizado","dt_atualizacao":"2021-12-08Z","tx_data_referencia":"1º quadrimestre 2021","dc_complemento_endereco":null}},{"type":"Feature","id":"ponto_revitalizado.111","geometry":{"type":"Point","coordinates":[344883.6113,7391870.748]},"geometry_name":"ge_ponto","properties":{"cd_identificador_ponto_revitalizado":111,"nm_endereco":"Avenida dos Nacionalistas, 30","sg_subprefeitura":"AF","nm_subprefeitura":"Aricanduva","cd_lote_servico":"3","tx_status_ponto_revitalizado":"Revitalizado","dt_atualizacao":"2021-12-08Z","tx_data_referencia":"1º quadrimestre 2021","dc_complemento_endereco":null}},{"type":"Feature","id":"ponto_revitalizado.112","geometry":{"type":"Point","coordinates":[325852.2379,7393874.2758]},"geometry_name":"ge_ponto","properties":{"cd_identificador_ponto_revitalizado":112,"nm_endereco":"Avenida dos Semaneiros","sg_subprefeitura":"PI","nm_subprefeitura":"Pinheiros","cd_lote_servico":"5","tx_status_ponto_revitalizado":"Revitalizado","dt_atualizacao":"2021-12-08Z","tx_data_referencia":"1º quadrimestre 2021","dc_complemento_endereco":null}},{"type":"Feature","id":"ponto_revitalizado.113","geometry":{"type":"Point","coordinates":[338026.4981,7402494.794]},"geometry_name":"ge_ponto","properties":{"cd_identificador_ponto_revitalizado":113,"nm_endereco":"Avenida Doutor Abilio Sampaio","sg_subprefeitura":"MG","nm_subprefeitura":"Vila Maria-Vila Guilherme","cd_lote_servico":"4","tx_status_ponto_revitalizado":"Eliminado","dt_atualizacao":"2021-12-08Z","tx_data_referencia":"1º quadrimestre 2021","dc_complemento_endereco":null}},{"type":"Feature","id":"ponto_revitalizado.114","geometry":{"type":"Point","coordinates":[338395.5937,7400397.5088]},"geometry_name":"ge_ponto","properties":{"cd_identificador_ponto_revitalizado":114,"nm_endereco":"Avenida Doutor Benedito Estevam dos Santos & Rua Santa Fé do Sul","sg_subprefeitura":"MG","nm_subprefeitura":"Vila Maria-Vila Guilherme","cd_lote_servico":"4","tx_status_ponto_revitalizado":"Revitalizado","dt_atualizacao":"2021-12-08Z","tx_data_referencia":"1º quadrimestre 2021","dc_complemento_endereco":null}},{"type":"Feature","id":"ponto_revitalizado.115","geometry":{"type":"Point","coordinates":[338279.9797,7400294.7884]},"geometry_name":"ge_ponto","properties":{"cd_identificador_ponto_revitalizado":115,"nm_endereco":"Avenida Doutor Benedito Estevam dos Santos, 637","sg_subprefeitura":"MG","nm_subprefeitura":"Vila Maria-Vila Guilherme","cd_lote_servico":"4","tx_status_ponto_revitalizado":"Revitalizado","dt_atualizacao":"2021-12-08Z","tx_data_referencia":"1º quadrimestre 2021","dc_complemento_endereco":null}},{"type":"Feature","id":"ponto_revitalizado.116","geometry":{"type":"Point","coordinates":[338189.2162,7390030.5854]},"geometry_name":"ge_ponto","properties":{"cd_identificador_ponto_revitalizado":116,"nm_endereco":"Avenida Doutor Francisco Mesquita, 975","sg_subprefeitura":"VP","nm_subprefeitura":"Vila Prudente","cd_lote_servico":"3","tx_status_ponto_revitalizado":"Revitalizado","dt_atualizacao":"2021-12-08Z","tx_data_referencia":"1º quadrimestre 2021","dc_complemento_endereco":null}},{"type":"Feature","id":"ponto_revitalizado.117","geometry":{"type":"Point","coordinates":[338729.7502,7389329.9766]},"geometry_name":"ge_ponto","properties":{"cd_identificador_ponto_revitalizado":117,"nm_endereco":"Avenida Doutor Francisco Mesquita, 1836","sg_subprefeitura":"VP","nm_subprefeitura":"Vila Prudente","cd_lote_servico":"3","tx_status_ponto_revitalizado":"Revitalizado","dt_atualizacao":"2021-12-08Z","tx_data_referencia":"1º quadrimestre 2021","dc_complemento_endereco":null}},{"type":"Feature","id":"ponto_revitalizado.118","geometry":{"type":"Point","coordinates":[339988.2583,7388643.5527]},"geometry_name":"ge_ponto","properties":{"cd_identificador_ponto_revitalizado":118,"nm_endereco":"Avenida Doutor Francisco Mesquita & Rua Doutor Vicente Giacaglini","sg_subprefeitura":"VP","nm_subprefeitura":"Vila Prudente","cd_lote_servico":"3","tx_status_ponto_revitalizado":"Revitalizado","dt_atualizacao":"2021-12-08Z","tx_data_referencia":"1º quadrimestre 2021","dc_complemento_endereco":null}},{"type":"Feature","id":"ponto_revitalizado.119","geometry":{"type":"Point","coordinates":[339159.8628,7389133.7096]},"geometry_name":"ge_ponto","properties":{"cd_identificador_ponto_revitalizado":119,"nm_endereco":"Avenida Doutor Francisco Mesquita & Rua Ipueiras","sg_subprefeitura":"VP","nm_subprefeitura":"Vila Prudente","cd_lote_servico":"3","tx_status_ponto_revitalizado":"Revitalizado","dt_atualizacao":"2021-12-08Z","tx_data_referencia":"1º quadrimestre 2021","dc_complemento_endereco":null}},{"type":"Feature","id":"ponto_revitalizado.120","geometry":{"type":"Point","coordinates":[350458.0652,7394388.031]},"geometry_name":"ge_ponto","properties":{"cd_identificador_ponto_revitalizado":120,"nm_endereco":"Avenida Doutor Francisco Munhoz Filho, 335","sg_subprefeitura":"IQ","nm_subprefeitura":"Itaquera","cd_lote_servico":"1","tx_status_ponto_revitalizado":"Revitalizado","dt_atualizacao":"2021-12-08Z","tx_data_referencia":"1º quadrimestre 2021","dc_complemento_endereco":null}},{"type":"Feature","id":"ponto_revitalizado.121","geometry":{"type":"Point","coordinates":[356447.2854,7392663.9806]},"geometry_name":"ge_ponto","properties":{"cd_identificador_ponto_revitalizado":121,"nm_endereco":"Avenida Doutor Guilherme de Abreu Sodré","sg_subprefeitura":"CT","nm_subprefeitura":"Cidade Tiradentes","cd_lote_servico":"1","tx_status_ponto_revitalizado":"Eliminado","dt_atualizacao":"2021-12-08Z","tx_data_referencia":"1º quadrimestre 2021","dc_complemento_endereco":null}},{"type":"Feature","id":"ponto_revitalizado.122","geometry":{"type":"Point","coordinates":[356158.2353,7393003.1089]},"geometry_name":"ge_ponto","properties":{"cd_identificador_ponto_revitalizado":122,"nm_endereco":"Avenida Doutor Guilherme de Abreu Sodré, 360","sg_subprefeitura":"CT","nm_subprefeitura":"Cidade Tiradentes","cd_lote_servico":"1","tx_status_ponto_revitalizado":"Revitalizado","dt_atualizacao":"2021-12-08Z","tx_data_referencia":"1º quadrimestre 2021","dc_complemento_endereco":null}},{"type":"Feature","id":"ponto_revitalizado.123","geometry":{"type":"Point","coordinates":[356189.7503,7393140.8489]},"geometry_name":"ge_ponto","properties":{"cd_identificador_ponto_revitalizado":123,"nm_endereco":"Avenida Doutor Guilherme de Abreu Sodré, 88","sg_subprefeitura":"CT","nm_subprefeitura":"Cidade Tiradentes","cd_lote_servico":"1","tx_status_ponto_revitalizado":"Revitalizado","dt_atualizacao":"2021-12-08Z","tx_data_referencia":"1º quadrimestre 2021","dc_complemento_endereco":null}},{"type":"Feature","id":"ponto_revitalizado.124","geometry":{"type":"Point","coordinates":[334553.8664,7389728.477]},"geometry_name":"ge_ponto","properties":{"cd_identificador_ponto_revitalizado":124,"nm_endereco":"Avenida Doutor Ricardo Jafet, 1750","sg_subprefeitura":"VM","nm_subprefeitura":"Vila Mariana","cd_lote_servico":"3","tx_status_ponto_revitalizado":"Revitalizado","dt_atualizacao":"2021-12-08Z","tx_data_referencia":"1º quadrimestre 2021","dc_complemento_endereco":null}},{"type":"Feature","id":"ponto_revitalizado.125","geometry":{"type":"Point","coordinates":[326876.3099,7375898.8542]},"geometry_name":"ge_ponto","properties":{"cd_identificador_ponto_revitalizado":125,"nm_endereco":"Avenida Doutor Sebastião de Medeiros, 32","sg_subprefeitura":"CS","nm_subprefeitura":"Capela Do Socorro","cd_lote_servico":"6","tx_status_ponto_revitalizado":"Revitalizado","dt_atualizacao":"2021-12-08Z","tx_data_referencia":"1º quadrimestre 2021","dc_complemento_endereco":null}},{"type":"Feature","id":"ponto_revitalizado.126","geometry":{"type":"Point","coordinates":[320014.592,7410293.9899]},"geometry_name":"ge_ponto","properties":{"cd_identificador_ponto_revitalizado":126,"nm_endereco":"Avenida Doutor Sylvio de Campos, 652","sg_subprefeitura":"PR","nm_subprefeitura":"Perus-Anhanguera","cd_lote_servico":"5","tx_status_ponto_revitalizado":"Revitalizado","dt_atualizacao":"2021-12-08Z","tx_data_referencia":"1º quadrimestre 2021","dc_complemento_endereco":null}},{"type":"Feature","id":"ponto_revitalizado.127","geometry":{"type":"Point","coordinates":[321944.1069,7395763.9605]},"geometry_name":"ge_ponto","properties":{"cd_identificador_ponto_revitalizado":127,"nm_endereco":"Avenida Dracena, 11","sg_subprefeitura":"LA","nm_subprefeitura":"Lapa","cd_lote_servico":"5","tx_status_ponto_revitalizado":"Revitalizado","dt_atualizacao":"2021-12-08Z","tx_data_referencia":"1º quadrimestre 2021","dc_complemento_endereco":null}},{"type":"Feature","id":"ponto_revitalizado.128","geometry":{"type":"Point","coordinates":[337451.8838,7400888.9994]},"geometry_name":"ge_ponto","properties":{"cd_identificador_ponto_revitalizado":128,"nm_endereco":"Avenida Ede & Rua Silva Guimaraes","sg_subprefeitura":"MG","nm_subprefeitura":"Vila Maria-Vila Guilherme","cd_lote_servico":"4","tx_status_ponto_revitalizado":"Eliminado","dt_atualizacao":"2021-12-08Z","tx_data_referencia":"1º quadrimestre 2021","dc_complemento_endereco":null}},{"type":"Feature","id":"ponto_revitalizado.129","geometry":{"type":"Point","coordinates":[337367.7531,7400756.718]},"geometry_name":"ge_ponto","properties":{"cd_identificador_ponto_revitalizado":129,"nm_endereco":"Avenida Ede, 450","sg_subprefeitura":"MG","nm_subprefeitura":"Vila Maria-Vila Guilherme","cd_lote_servico":"4","tx_status_ponto_revitalizado":"Eliminado","dt_atualizacao":"2021-12-08Z","tx_data_referencia":"1º quadrimestre 2021","dc_complemento_endereco":null}},{"type":"Feature","id":"ponto_revitalizado.130","geometry":{"type":"Point","coordinates":[344253.7397,7389951.2196]},"geometry_name":"ge_ponto","properties":{"cd_identificador_ponto_revitalizado":130,"nm_endereco":"Avenida Egídio Martins, 100","sg_subprefeitura":"SB","nm_subprefeitura":"Sapopemba","cd_lote_servico":"1","tx_status_ponto_revitalizado":"Eliminado","dt_atualizacao":"2021-12-08Z","tx_data_referencia":"1º quadrimestre 2021","dc_complemento_endereco":null}},{"type":"Feature","id":"ponto_revitalizado.131","geometry":{"type":"Point","coordinates":[344296.7589,7390262.4359]},"geometry_name":"ge_ponto","properties":{"cd_identificador_ponto_revitalizado":131,"nm_endereco":"Avenida Egídio Martins, 404","sg_subprefeitura":"SB","nm_subprefeitura":"Sapopemba","cd_lote_servico":"1","tx_status_ponto_revitalizado":"Eliminado","dt_atualizacao":"2021-12-08Z","tx_data_referencia":"1º quadrimestre 2021","dc_complemento_endereco":null}},{"type":"Feature","id":"ponto_revitalizado.132","geometry":{"type":"Point","coordinates":[325949.12,7402716.5457]},"geometry_name":"ge_ponto","properties":{"cd_identificador_ponto_revitalizado":132,"nm_endereco":"Avenida Elisio Teixeira Leite & Avenida Fuad Lutfalla","sg_subprefeitura":"FB","nm_subprefeitura":"Freguesia Do Ó","cd_lote_servico":"4","tx_status_ponto_revitalizado":"Revitalizado","dt_atualizacao":"2021-12-08Z","tx_data_referencia":"1º quadrimestre 2021","dc_complemento_endereco":null}},{"type":"Feature","id":"ponto_revitalizado.133","geometry":{"type":"Point","coordinates":[333840.7689,7386112.038]},"geometry_name":"ge_ponto","properties":{"cd_identificador_ponto_revitalizado":133,"nm_endereco":"Avenida Embaixador Álvaro Lins & Avenida Miguel Estéfano","sg_subprefeitura":"IP","nm_subprefeitura":"Ipiranga","cd_lote_servico":"3","tx_status_ponto_revitalizado":"Revitalizado","dt_atualizacao":"2021-12-08Z","tx_data_referencia":"1º quadrimestre 2021","dc_complemento_endereco":null}},{"type":"Feature","id":"ponto_revitalizado.134","geometry":{"type":"Point","coordinates":[326996.2548,7380642.9572]},"geometry_name":"ge_ponto","properties":{"cd_identificador_ponto_revitalizado":134,"nm_endereco":"Avenida Engenheiro Eusebio Stevaux","sg_subprefeitura":"SA","nm_subprefeitura":"Santo Amaro","cd_lote_servico":"6","tx_status_ponto_revitalizado":"Revitalizado","dt_atualizacao":"2021-12-08Z","tx_data_referencia":"1º quadrimestre 2021","dc_complemento_endereco":null}},{"type":"Feature","id":"ponto_revitalizado.135","geometry":{"type":"Point","coordinates":[343970.0009,7390629.5104]},"geometry_name":"ge_ponto","properties":{"cd_identificador_ponto_revitalizado":135,"nm_endereco":"Avenida Engenheiro Feijó Bitencourt, 321","sg_subprefeitura":"SB","nm_subprefeitura":"Sapopemba","cd_lote_servico":"1","tx_status_ponto_revitalizado":"Revitalizado","dt_atualizacao":"2021-12-08Z","tx_data_referencia":"1º quadrimestre 2021","dc_complemento_endereco":null}},{"type":"Feature","id":"ponto_revitalizado.136","geometry":{"type":"Point","coordinates":[331986.198,7383441.6419]},"geometry_name":"ge_ponto","properties":{"cd_identificador_ponto_revitalizado":136,"nm_endereco":"Avenida Engenheiro George Cobisier, 1651","sg_subprefeitura":"JA","nm_subprefeitura":"Jabaquara","cd_lote_servico":"3","tx_status_ponto_revitalizado":"Revitalizado","dt_atualizacao":"2021-12-08Z","tx_data_referencia":"1º quadrimestre 2021","dc_complemento_endereco":null}},{"type":"Feature","id":"ponto_revitalizado.137","geometry":{"type":"Point","coordinates":[318366.785,7391733.8305]},"geometry_name":"ge_ponto","properties":{"cd_identificador_ponto_revitalizado":137,"nm_endereco":"Avenida Engenheiro Queiroz Teles, 1391","sg_subprefeitura":"BT","nm_subprefeitura":"Butantã","cd_lote_servico":"5","tx_status_ponto_revitalizado":"Revitalizado","dt_atualizacao":"2021-12-08Z","tx_data_referencia":"1º quadrimestre 2021","dc_complemento_endereco":null}},{"type":"Feature","id":"ponto_revitalizado.138","geometry":{"type":"Point","coordinates":[351349.4518,7398086.9682]},"geometry_name":"ge_ponto","properties":{"cd_identificador_ponto_revitalizado":138,"nm_endereco":"Avenida Ernesto Souza Cruz, 2368","sg_subprefeitura":"IQ","nm_subprefeitura":"Itaquera","cd_lote_servico":"1","tx_status_ponto_revitalizado":"Revitalizado","dt_atualizacao":"2021-12-08Z","tx_data_referencia":"1º quadrimestre 2021","dc_complemento_endereco":null}},{"type":"Feature","id":"ponto_revitalizado.139","geometry":{"type":"Point","coordinates":[331091.0544,7383878.6279]},"geometry_name":"ge_ponto","properties":{"cd_identificador_ponto_revitalizado":139,"nm_endereco":"Avenida Estevão Mendonça, 68","sg_subprefeitura":"JA","nm_subprefeitura":"Jabaquara","cd_lote_servico":"3","tx_status_ponto_revitalizado":"Revitalizado","dt_atualizacao":"2021-12-08Z","tx_data_referencia":"1º quadrimestre 2021","dc_complemento_endereco":null}},{"type":"Feature","id":"ponto_revitalizado.140","geometry":{"type":"Point","coordinates":[333266.0899,7383006.5789]},"geometry_name":"ge_ponto","properties":{"cd_identificador_ponto_revitalizado":140,"nm_endereco":"Avenida Eulália, 236","sg_subprefeitura":"JA","nm_subprefeitura":"Jabaquara","cd_lote_servico":"3","tx_status_ponto_revitalizado":"Revitalizado","dt_atualizacao":"2021-12-08Z","tx_data_referencia":"1º quadrimestre 2021","dc_complemento_endereco":null}},{"type":"Feature","id":"ponto_revitalizado.141","geometry":{"type":"Point","coordinates":[317098.8792,7406474.076]},"geometry_name":"ge_ponto","properties":{"cd_identificador_ponto_revitalizado":141,"nm_endereco":"Avenida Felippo Sturba, 391","sg_subprefeitura":"PR","nm_subprefeitura":"Perus-Anhanguera","cd_lote_servico":"5","tx_status_ponto_revitalizado":"Revitalizado","dt_atualizacao":"2021-12-08Z","tx_data_referencia":"1º quadrimestre 2021","dc_complemento_endereco":null}},{"type":"Feature","id":"ponto_revitalizado.142","geometry":{"type":"Point","coordinates":[321817.8863,7382667.1792]},"geometry_name":"ge_ponto","properties":{"cd_identificador_ponto_revitalizado":142,"nm_endereco":"Avenida Fim de Semana, 401","sg_subprefeitura":"MB","nm_subprefeitura":"M'Boi Mirim","cd_lote_servico":"6","tx_status_ponto_revitalizado":"Revitalizado","dt_atualizacao":"2021-12-08Z","tx_data_referencia":"1º quadrimestre 2021","dc_complemento_endereco":null}},{"type":"Feature","id":"ponto_revitalizado.143","geometry":{"type":"Point","coordinates":[321828.0261,7382505.5927]},"geometry_name":"ge_ponto","properties":{"cd_identificador_ponto_revitalizado":143,"nm_endereco":"Avenida Fim de Semana, 620","sg_subprefeitura":"MB","nm_subprefeitura":"M'Boi Mirim","cd_lote_servico":"6","tx_status_ponto_revitalizado":"Revitalizado","dt_atualizacao":"2021-12-08Z","tx_data_referencia":"1º quadrimestre 2021","dc_complemento_endereco":null}},{"type":"Feature","id":"ponto_revitalizado.144","geometry":{"type":"Point","coordinates":[349573.1604,7388871.6256]},"geometry_name":"ge_ponto","properties":{"cd_identificador_ponto_revitalizado":144,"nm_endereco":"Avenida Francisco de Santa Maria, 738A","sg_subprefeitura":"SM","nm_subprefeitura":"São Mateus","cd_lote_servico":"1","tx_status_ponto_revitalizado":"Eliminado","dt_atualizacao":"2021-12-08Z","tx_data_referencia":"1º quadrimestre 2021","dc_complemento_endereco":null}},{"type":"Feature","id":"ponto_revitalizado.145","geometry":{"type":"Point","coordinates":[330263.5005,7404922.3044]},"geometry_name":"ge_ponto","properties":{"cd_identificador_ponto_revitalizado":145,"nm_endereco":"Avenida Francisco Machado da Silva, 145","sg_subprefeitura":"CV","nm_subprefeitura":"Casa Verde","cd_lote_servico":"4","tx_status_ponto_revitalizado":"Revitalizado","dt_atualizacao":"2021-12-08Z","tx_data_referencia":"1º quadrimestre 2021","dc_complemento_endereco":null}},{"type":"Feature","id":"ponto_revitalizado.146","geometry":{"type":"Point","coordinates":[350404.6399,7393442.7279]},"geometry_name":"ge_ponto","properties":{"cd_identificador_ponto_revitalizado":146,"nm_endereco":"Avenida Francisco Tranchesi, 2","sg_subprefeitura":"IQ","nm_subprefeitura":"Itaquera","cd_lote_servico":"1","tx_status_ponto_revitalizado":"Revitalizado","dt_atualizacao":"2021-12-08Z","tx_data_referencia":"1º quadrimestre 2021","dc_complemento_endereco":null}},{"type":"Feature","id":"ponto_revitalizado.147","geometry":{"type":"Point","coordinates":[340048.3098,7400960.6153]},"geometry_name":"ge_ponto","properties":{"cd_identificador_ponto_revitalizado":147,"nm_endereco":"Avenida Franz Liszt","sg_subprefeitura":"MG","nm_subprefeitura":"Vila Maria-Vila Guilherme","cd_lote_servico":"4","tx_status_ponto_revitalizado":"Revitalizado","dt_atualizacao":"2021-12-08Z","tx_data_referencia":"1º quadrimestre 2021","dc_complemento_endereco":null}},{"type":"Feature","id":"ponto_revitalizado.148","geometry":{"type":"Point","coordinates":[325927.2698,7402741.3175]},"geometry_name":"ge_ponto","properties":{"cd_identificador_ponto_revitalizado":148,"nm_endereco":"Avenida Fuad Lutfalla & Avenida Elisio Teixeira Leite","sg_subprefeitura":"FB","nm_subprefeitura":"Freguesia Do Ó","cd_lote_servico":"4","tx_status_ponto_revitalizado":"Revitalizado","dt_atualizacao":"2021-12-08Z","tx_data_referencia":"1º quadrimestre 2021","dc_complemento_endereco":null}},{"type":"Feature","id":"ponto_revitalizado.149","geometry":{"type":"Point","coordinates":[349946.1319,7389232.5061]},"geometry_name":"ge_ponto","properties":{"cd_identificador_ponto_revitalizado":149,"nm_endereco":"Avenida Furtado de Mendonça, 280","sg_subprefeitura":"SM","nm_subprefeitura":"São Mateus","cd_lote_servico":"1","tx_status_ponto_revitalizado":"Revitalizado","dt_atualizacao":"2021-12-08Z","tx_data_referencia":"1º quadrimestre 2021","dc_complemento_endereco":null}},{"type":"Feature","id":"ponto_revitalizado.150","geometry":{"type":"Point","coordinates":[317786.0679,7389337.244]},"geometry_name":"ge_ponto","properties":{"cd_identificador_ponto_revitalizado":150,"nm_endereco":"Avenida General Asdrubal da Cunha, 1411","sg_subprefeitura":"BT","nm_subprefeitura":"Butantã","cd_lote_servico":"5","tx_status_ponto_revitalizado":"Revitalizado","dt_atualizacao":"2021-12-08Z","tx_data_referencia":"1º quadrimestre 2021","dc_complemento_endereco":null}},{"type":"Feature","id":"ponto_revitalizado.151","geometry":{"type":"Point","coordinates":[329870.3895,7403416.6098]},"geometry_name":"ge_ponto","properties":{"cd_identificador_ponto_revitalizado":151,"nm_endereco":"Avenida General Penha Brasil & Avenida Parada Pinto","sg_subprefeitura":"CV","nm_subprefeitura":"Casa Verde","cd_lote_servico":"4","tx_status_ponto_revitalizado":"Revitalizado","dt_atualizacao":"2021-12-08Z","tx_data_referencia":"1º quadrimestre 2021","dc_complemento_endereco":null}},{"type":"Feature","id":"ponto_revitalizado.152","geometry":{"type":"Point","coordinates":[322095.1508,7380034.1321]},"geometry_name":"ge_ponto","properties":{"cd_identificador_ponto_revitalizado":152,"nm_endereco":"Avenida George Anselmi, 02","sg_subprefeitura":"MB","nm_subprefeitura":"M'Boi Mirim","cd_lote_servico":"6","tx_status_ponto_revitalizado":"Revitalizado","dt_atualizacao":"2021-12-08Z","tx_data_referencia":"1º quadrimestre 2021","dc_complemento_endereco":null}},{"type":"Feature","id":"ponto_revitalizado.153","geometry":{"type":"Point","coordinates":[351889.3897,7388054.7656]},"geometry_name":"ge_ponto","properties":{"cd_identificador_ponto_revitalizado":153,"nm_endereco":"Avenida Gonçalves da Costa, 57","sg_subprefeitura":"SM","nm_subprefeitura":"São Mateus","cd_lote_servico":"1","tx_status_ponto_revitalizado":"Revitalizado","dt_atualizacao":"2021-12-08Z","tx_data_referencia":"1º quadrimestre 2021","dc_complemento_endereco":null}},{"type":"Feature","id":"ponto_revitalizado.154","geometry":{"type":"Point","coordinates":[328275.311,7376424.958]},"geometry_name":"ge_ponto","properties":{"cd_identificador_ponto_revitalizado":154,"nm_endereco":"Avenida Gregório Bezerra, 08","sg_subprefeitura":"CS","nm_subprefeitura":"Capela Do Socorro","cd_lote_servico":"6","tx_status_ponto_revitalizado":"Revitalizado","dt_atualizacao":"2021-12-08Z","tx_data_referencia":"1º quadrimestre 2021","dc_complemento_endereco":null}},{"type":"Feature","id":"ponto_revitalizado.155","geometry":{"type":"Point","coordinates":[346654.4609,7392579.3833]},"geometry_name":"ge_ponto","properties":{"cd_identificador_ponto_revitalizado":155,"nm_endereco":"Avenida Gualtar","sg_subprefeitura":"IQ","nm_subprefeitura":"Itaquera","cd_lote_servico":"1","tx_status_ponto_revitalizado":"Revitalizado","dt_atualizacao":"2021-12-08Z","tx_data_referencia":"1º quadrimestre 2021","dc_complemento_endereco":null}},{"type":"Feature","id":"ponto_revitalizado.156","geometry":{"type":"Point","coordinates":[328333.077,7403600.9606]},"geometry_name":"ge_ponto","properties":{"cd_identificador_ponto_revitalizado":156,"nm_endereco":"Avenida Guilherme de Almeida & Rua Mirangaoba","sg_subprefeitura":"FB","nm_subprefeitura":"Freguesia Do Ó","cd_lote_servico":"4","tx_status_ponto_revitalizado":"Eliminado","dt_atualizacao":"2021-12-08Z","tx_data_referencia":"1º quadrimestre 2021","dc_complemento_endereco":null}},{"type":"Feature","id":"ponto_revitalizado.157","geometry":{"type":"Point","coordinates":[338117.3833,7402071.6274]},"geometry_name":"ge_ponto","properties":{"cd_identificador_ponto_revitalizado":157,"nm_endereco":"Avenida Gustavo Adolfo, 1486","sg_subprefeitura":"MG","nm_subprefeitura":"Vila Maria-Vila Guilherme","cd_lote_servico":"4","tx_status_ponto_revitalizado":"Revitalizado","dt_atualizacao":"2021-12-08Z","tx_data_referencia":"1º quadrimestre 2021","dc_complemento_endereco":null}},{"type":"Feature","id":"ponto_revitalizado.158","geometry":{"type":"Point","coordinates":[338714.2556,7401523.3457]},"geometry_name":"ge_ponto","properties":{"cd_identificador_ponto_revitalizado":158,"nm_endereco":"Avenida Gustavo Adolfo, 2320","sg_subprefeitura":"MG","nm_subprefeitura":"Vila Maria-Vila Guilherme","cd_lote_servico":"4","tx_status_ponto_revitalizado":"Revitalizado","dt_atualizacao":"2021-12-08Z","tx_data_referencia":"1º quadrimestre 2021","dc_complemento_endereco":null}},{"type":"Feature","id":"ponto_revitalizado.159","geometry":{"type":"Point","coordinates":[338867.7193,7401371.0906]},"geometry_name":"ge_ponto","properties":{"cd_identificador_ponto_revitalizado":159,"nm_endereco":"Avenida Gustavo Adolfo, 2536","sg_subprefeitura":"MG","nm_subprefeitura":"Vila Maria-Vila Guilherme","cd_lote_servico":"4","tx_status_ponto_revitalizado":"Eliminado","dt_atualizacao":"2021-12-08Z","tx_data_referencia":"1º quadrimestre 2021","dc_complemento_endereco":null}},{"type":"Feature","id":"ponto_revitalizado.160","geometry":{"type":"Point","coordinates":[324423.3852,7387167.1816]},"geometry_name":"ge_ponto","properties":{"cd_identificador_ponto_revitalizado":160,"nm_endereco":"Avenida Hebe Camargo, 23","sg_subprefeitura":"CL","nm_subprefeitura":"Campo Limpo","cd_lote_servico":"6","tx_status_ponto_revitalizado":"Revitalizado","dt_atualizacao":"2021-12-08Z","tx_data_referencia":"1º quadrimestre 2021","dc_complemento_endereco":null}},{"type":"Feature","id":"ponto_revitalizado.161","geometry":{"type":"Point","coordinates":[336473.8671,7392820.1342]},"geometry_name":"ge_ponto","properties":{"cd_identificador_ponto_revitalizado":161,"nm_endereco":"Avenida Henry Ford, 44","sg_subprefeitura":"MO","nm_subprefeitura":"Mooca","cd_lote_servico":"2","tx_status_ponto_revitalizado":"Revitalizado","dt_atualizacao":"2021-12-08Z","tx_data_referencia":"1º quadrimestre 2021","dc_complemento_endereco":null}},{"type":"Feature","id":"ponto_revitalizado.162","geometry":{"type":"Point","coordinates":[326326.6217,7405715.6152]},"geometry_name":"ge_ponto","properties":{"cd_identificador_ponto_revitalizado":162,"nm_endereco":"Avenida Hugo Italo Merigo & Rua Dardo Rocha","sg_subprefeitura":"FB","nm_subprefeitura":"Freguesia Do Ó","cd_lote_servico":"4","tx_status_ponto_revitalizado":"Eliminado","dt_atualizacao":"2021-12-08Z","tx_data_referencia":"1º quadrimestre 2021","dc_complemento_endereco":null}},{"type":"Feature","id":"ponto_revitalizado.163","geometry":{"type":"Point","coordinates":[326929.1021,7403875.8828]},"geometry_name":"ge_ponto","properties":{"cd_identificador_ponto_revitalizado":163,"nm_endereco":"Avenida Humberto Gomes Maia & Estrada Lazaro Amancio De Barros","sg_subprefeitura":"FB","nm_subprefeitura":"Freguesia Do Ó","cd_lote_servico":"4","tx_status_ponto_revitalizado":"Eliminado","dt_atualizacao":"2021-12-08Z","tx_data_referencia":"1º quadrimestre 2021","dc_complemento_endereco":null}},{"type":"Feature","id":"ponto_revitalizado.164","geometry":{"type":"Point","coordinates":[330940.3388,7402177.3454]},"geometry_name":"ge_ponto","properties":{"cd_identificador_ponto_revitalizado":164,"nm_endereco":"Avenida Imirim","sg_subprefeitura":"CV","nm_subprefeitura":"Casa Verde","cd_lote_servico":"4","tx_status_ponto_revitalizado":"Revitalizado","dt_atualizacao":"2021-12-08Z","tx_data_referencia":"1º quadrimestre 2021","dc_complemento_endereco":null}},{"type":"Feature","id":"ponto_revitalizado.165","geometry":{"type":"Point","coordinates":[351445.848,7398661.4831]},"geometry_name":"ge_ponto","properties":{"cd_identificador_ponto_revitalizado":165,"nm_endereco":"Avenida Imperador & Rua Musgo de Flor","sg_subprefeitura":"IQ","nm_subprefeitura":"Itaquera","cd_lote_servico":"1","tx_status_ponto_revitalizado":"Revitalizado","dt_atualizacao":"2021-12-08Z","tx_data_referencia":"1º quadrimestre 2021","dc_complemento_endereco":null}},{"type":"Feature","id":"ponto_revitalizado.166","geometry":{"type":"Point","coordinates":[358357.3898,7391461.0638]},"geometry_name":"ge_ponto","properties":{"cd_identificador_ponto_revitalizado":166,"nm_endereco":"Rua Inácio Monteiro, 1260","sg_subprefeitura":"CT","nm_subprefeitura":"Cidade Tiradentes","cd_lote_servico":"1","tx_status_ponto_revitalizado":"Revitalizado","dt_atualizacao":"2021-12-08Z","tx_data_referencia":"1º quadrimestre 2021","dc_complemento_endereco":null}},{"type":"Feature","id":"ponto_revitalizado.167","geometry":{"type":"Point","coordinates":[329209.7704,7404138.1455]},"geometry_name":"ge_ponto","properties":{"cd_identificador_ponto_revitalizado":167,"nm_endereco":"Avenida Inajar de Souza","sg_subprefeitura":"CV","nm_subprefeitura":"Casa Verde","cd_lote_servico":"4","tx_status_ponto_revitalizado":"Revitalizado","dt_atualizacao":"2021-12-08Z","tx_data_referencia":"1º quadrimestre 2021","dc_complemento_endereco":null}},{"type":"Feature","id":"ponto_revitalizado.168","geometry":{"type":"Point","coordinates":[328001.777,7401356.8535]},"geometry_name":"ge_ponto","properties":{"cd_identificador_ponto_revitalizado":168,"nm_endereco":"Avenida Inajar de Souza, 1925","sg_subprefeitura":"FB","nm_subprefeitura":"Freguesia Do Ó","cd_lote_servico":"4","tx_status_ponto_revitalizado":"Revitalizado","dt_atualizacao":"2021-12-08Z","tx_data_referencia":"1º quadrimestre 2021","dc_complemento_endereco":null}},{"type":"Feature","id":"ponto_revitalizado.169","geometry":{"type":"Point","coordinates":[329381.7667,7403817.8509]},"geometry_name":"ge_ponto","properties":{"cd_identificador_ponto_revitalizado":169,"nm_endereco":"Avenida Inajar de Souza, 5185","sg_subprefeitura":"FB","nm_subprefeitura":"Freguesia Do Ó","cd_lote_servico":"4","tx_status_ponto_revitalizado":"Revitalizado","dt_atualizacao":"2021-12-08Z","tx_data_referencia":"1º quadrimestre 2021","dc_complemento_endereco":null}},{"type":"Feature","id":"ponto_revitalizado.170","geometry":{"type":"Point","coordinates":[329221.7998,7404078.9214]},"geometry_name":"ge_ponto","properties":{"cd_identificador_ponto_revitalizado":170,"nm_endereco":"Avenida Inajar de Souza, 5665","sg_subprefeitura":"FB","nm_subprefeitura":"Freguesia Do Ó","cd_lote_servico":"4","tx_status_ponto_revitalizado":"Revitalizado","dt_atualizacao":"2021-12-08Z","tx_data_referencia":"1º quadrimestre 2021","dc_complemento_endereco":null}},{"type":"Feature","id":"ponto_revitalizado.171","geometry":{"type":"Point","coordinates":[345060.5897,7391353.1114]},"geometry_name":"ge_ponto","properties":{"cd_identificador_ponto_revitalizado":171,"nm_endereco":"Avenida Inconfidência Mineira","sg_subprefeitura":"AF","nm_subprefeitura":"Aricanduva","cd_lote_servico":"3","tx_status_ponto_revitalizado":"Revitalizado","dt_atualizacao":"2021-12-08Z","tx_data_referencia":"1º quadrimestre 2021","dc_complemento_endereco":null}},{"type":"Feature","id":"ponto_revitalizado.172","geometry":{"type":"Point","coordinates":[334063.5832,7388143.5756]},"geometry_name":"ge_ponto","properties":{"cd_identificador_ponto_revitalizado":172,"nm_endereco":"Avenida Itaboraí","sg_subprefeitura":"IP","nm_subprefeitura":"Cidade Ademar","cd_lote_servico":"3","tx_status_ponto_revitalizado":"Revitalizado","dt_atualizacao":"2021-12-08Z","tx_data_referencia":"1º quadrimestre 2021","dc_complemento_endereco":null}},{"type":"Feature","id":"ponto_revitalizado.173","geometry":{"type":"Point","coordinates":[346367.0627,7394925.5101]},"geometry_name":"ge_ponto","properties":{"cd_identificador_ponto_revitalizado":173,"nm_endereco":"Avenida Itaquera, 2435","sg_subprefeitura":"IQ","nm_subprefeitura":"Itaquera","cd_lote_servico":"1","tx_status_ponto_revitalizado":"Revitalizado","dt_atualizacao":"2021-12-08Z","tx_data_referencia":"1º quadrimestre 2021","dc_complemento_endereco":null}},{"type":"Feature","id":"ponto_revitalizado.174","geometry":{"type":"Point","coordinates":[350233.1793,7394635.1262]},"geometry_name":"ge_ponto","properties":{"cd_identificador_ponto_revitalizado":174,"nm_endereco":"Avenida Itaquera, 6333","sg_subprefeitura":"IQ","nm_subprefeitura":"Itaquera","cd_lote_servico":"1","tx_status_ponto_revitalizado":"Revitalizado","dt_atualizacao":"2021-12-08Z","tx_data_referencia":"1º quadrimestre 2021","dc_complemento_endereco":null}},{"type":"Feature","id":"ponto_revitalizado.175","geometry":{"type":"Point","coordinates":[332710.2935,7386719.8871]},"geometry_name":"ge_ponto","properties":{"cd_identificador_ponto_revitalizado":175,"nm_endereco":"Avenida Jabaquara, 1973","sg_subprefeitura":"VM","nm_subprefeitura":"Vila Mariana","cd_lote_servico":"3","tx_status_ponto_revitalizado":"Revitalizado","dt_atualizacao":"2021-12-08Z","tx_data_referencia":"1º quadrimestre 2021","dc_complemento_endereco":null}},{"type":"Feature","id":"ponto_revitalizado.176","geometry":{"type":"Point","coordinates":[324059.229,7369553.834]},"geometry_name":"ge_ponto","properties":{"cd_identificador_ponto_revitalizado":176,"nm_endereco":"Avenida Jaceguava, 303","sg_subprefeitura":"PA","nm_subprefeitura":"Parelheiros","cd_lote_servico":"6","tx_status_ponto_revitalizado":"Revitalizado","dt_atualizacao":"2021-12-08Z","tx_data_referencia":"1º quadrimestre 2021","dc_complemento_endereco":null}},{"type":"Feature","id":"ponto_revitalizado.177","geometry":{"type":"Point","coordinates":[351317.0635,7397937.6902]},"geometry_name":"ge_ponto","properties":{"cd_identificador_ponto_revitalizado":177,"nm_endereco":"Avenida Jacu-Pêssego Nova Trabalhadores (CEU Azul da Cor do Mar)","sg_subprefeitura":"IQ","nm_subprefeitura":"Itaquera","cd_lote_servico":"1","tx_status_ponto_revitalizado":"Revitalizado","dt_atualizacao":"2021-12-08Z","tx_data_referencia":"1º quadrimestre 2021","dc_complemento_endereco":null}},{"type":"Feature","id":"ponto_revitalizado.178","geometry":{"type":"Point","coordinates":[338708.0262,7401997.2823]},"geometry_name":"ge_ponto","properties":{"cd_identificador_ponto_revitalizado":178,"nm_endereco":"Avenida Jardim Japão, 705","sg_subprefeitura":"MG","nm_subprefeitura":"Vila Maria-Vila Guilherme","cd_lote_servico":"4","tx_status_ponto_revitalizado":"Eliminado","dt_atualizacao":"2021-12-08Z","tx_data_referencia":"1º quadrimestre 2021","dc_complemento_endereco":null}},{"type":"Feature","id":"ponto_revitalizado.179","geometry":{"type":"Point","coordinates":[329366.4125,7381374.3698]},"geometry_name":"ge_ponto","properties":{"cd_identificador_ponto_revitalizado":179,"nm_endereco":"Avenida João Batista Vitoriano","sg_subprefeitura":"SA","nm_subprefeitura":"Santo Amaro","cd_lote_servico":"6","tx_status_ponto_revitalizado":"Revitalizado","dt_atualizacao":"2021-12-08Z","tx_data_referencia":"1º quadrimestre 2021","dc_complemento_endereco":null}},{"type":"Feature","id":"ponto_revitalizado.180","geometry":{"type":"Point","coordinates":[329364.863,7402124.7843]},"geometry_name":"ge_ponto","properties":{"cd_identificador_ponto_revitalizado":180,"nm_endereco":"Avenida João dos Santos Abreu","sg_subprefeitura":"CV","nm_subprefeitura":"Casa Verde","cd_lote_servico":"4","tx_status_ponto_revitalizado":"Revitalizado","dt_atualizacao":"2021-12-08Z","tx_data_referencia":"1º quadrimestre 2021","dc_complemento_endereco":null}},{"type":"Feature","id":"ponto_revitalizado.181","geometry":{"type":"Point","coordinates":[329362.5953,7380777.9004]},"geometry_name":"ge_ponto","properties":{"cd_identificador_ponto_revitalizado":181,"nm_endereco":"Avenida João Peixoto Viegas","sg_subprefeitura":"SA","nm_subprefeitura":"Santo Amaro","cd_lote_servico":"6","tx_status_ponto_revitalizado":"Revitalizado","dt_atualizacao":"2021-12-08Z","tx_data_referencia":"1º quadrimestre 2021","dc_complemento_endereco":null}},{"type":"Feature","id":"ponto_revitalizado.182","geometry":{"type":"Point","coordinates":[339850.3956,7401443.6448]},"geometry_name":"ge_ponto","properties":{"cd_identificador_ponto_revitalizado":182,"nm_endereco":"Avenida João Simão de Castro","sg_subprefeitura":"MG","nm_subprefeitura":"Vila Maria-Vila Guilherme","cd_lote_servico":"4","tx_status_ponto_revitalizado":"Revitalizado","dt_atualizacao":"2021-12-08Z","tx_data_referencia":"1º quadrimestre 2021","dc_complemento_endereco":null}},{"type":"Feature","id":"ponto_revitalizado.183","geometry":{"type":"Point","coordinates":[317636.0769,7389013.7177]},"geometry_name":"ge_ponto","properties":{"cd_identificador_ponto_revitalizado":183,"nm_endereco":"Avenida Joaquim de Santana, 274","sg_subprefeitura":"BT","nm_subprefeitura":"Butantã","cd_lote_servico":"5","tx_status_ponto_revitalizado":"Revitalizado","dt_atualizacao":"2021-12-08Z","tx_data_referencia":"1º quadrimestre 2021","dc_complemento_endereco":null}},{"type":"Feature","id":"ponto_revitalizado.184","geometry":{"type":"Point","coordinates":[329136.2343,7385908.5846]},"geometry_name":"ge_ponto","properties":{"cd_identificador_ponto_revitalizado":184,"nm_endereco":"Avenida Jornalista Roberto Marinho & Rua República do Iraque","sg_subprefeitura":"SA","nm_subprefeitura":"Santo Amaro","cd_lote_servico":"6","tx_status_ponto_revitalizado":"Revitalizado","dt_atualizacao":"2021-12-08Z","tx_data_referencia":"1º quadrimestre 2021","dc_complemento_endereco":null}},{"type":"Feature","id":"ponto_revitalizado.185","geometry":{"type":"Point","coordinates":[329253.0993,7385862.9933]},"geometry_name":"ge_ponto","properties":{"cd_identificador_ponto_revitalizado":185,"nm_endereco":"Avenida Jornalista Roberto Marinho & Rua Vicente Leporace","sg_subprefeitura":"SA","nm_subprefeitura":"Santo Amaro","cd_lote_servico":"6","tx_status_ponto_revitalizado":"Revitalizado","dt_atualizacao":"2021-12-08Z","tx_data_referencia":"1º quadrimestre 2021","dc_complemento_endereco":null}},{"type":"Feature","id":"ponto_revitalizado.186","geometry":{"type":"Point","coordinates":[329071.9425,7386004.6318]},"geometry_name":"ge_ponto","properties":{"cd_identificador_ponto_revitalizado":186,"nm_endereco":"Avenida Jornalista Roberto Marinho & Rua Zacarias de Góis","sg_subprefeitura":"SA","nm_subprefeitura":"Santo Amaro","cd_lote_servico":"6","tx_status_ponto_revitalizado":"Revitalizado","dt_atualizacao":"2021-12-08Z","tx_data_referencia":"1º quadrimestre 2021","dc_complemento_endereco":null}},{"type":"Feature","id":"ponto_revitalizado.187","geometry":{"type":"Point","coordinates":[327780.0802,7403484.0656]},"geometry_name":"ge_ponto","properties":{"cd_identificador_ponto_revitalizado":187,"nm_endereco":"Avenida José da Natividade Saldanha & Rua Paulo Garcia Aquiline","sg_subprefeitura":"FB","nm_subprefeitura":"Freguesia Do Ó","cd_lote_servico":"4","tx_status_ponto_revitalizado":"Eliminado","dt_atualizacao":"2021-12-08Z","tx_data_referencia":"1º quadrimestre 2021","dc_complemento_endereco":null}},{"type":"Feature","id":"ponto_revitalizado.188","geometry":{"type":"Point","coordinates":[330197.3976,7399798.6459]},"geometry_name":"ge_ponto","properties":{"cd_identificador_ponto_revitalizado":188,"nm_endereco":"Avenida José de Brito de Freitas","sg_subprefeitura":"CV","nm_subprefeitura":"Casa Verde","cd_lote_servico":"4","tx_status_ponto_revitalizado":"Revitalizado","dt_atualizacao":"2021-12-08Z","tx_data_referencia":"1º quadrimestre 2021","dc_complemento_endereco":null}},{"type":"Feature","id":"ponto_revitalizado.189","geometry":{"type":"Point","coordinates":[356756.7865,7393236.6685]},"geometry_name":"ge_ponto","properties":{"cd_identificador_ponto_revitalizado":189,"nm_endereco":"Avenida José Higino Neves, 1075","sg_subprefeitura":"G","nm_subprefeitura":"Guaianases","cd_lote_servico":"1","tx_status_ponto_revitalizado":"Eliminado","dt_atualizacao":"2021-12-08Z","tx_data_referencia":"1º quadrimestre 2021","dc_complemento_endereco":null}},{"type":"Feature","id":"ponto_revitalizado.190","geometry":{"type":"Point","coordinates":[332343.2936,7387095.6704]},"geometry_name":"ge_ponto","properties":{"cd_identificador_ponto_revitalizado":190,"nm_endereco":"Avenida José Maria Whitaker, 2100","sg_subprefeitura":"VM","nm_subprefeitura":"Vila Mariana","cd_lote_servico":"3","tx_status_ponto_revitalizado":"Revitalizado","dt_atualizacao":"2021-12-08Z","tx_data_referencia":"1º quadrimestre 2021","dc_complemento_endereco":null}},{"type":"Feature","id":"ponto_revitalizado.191","geometry":{"type":"Point","coordinates":[354799.0571,7395974.6098]},"geometry_name":"ge_ponto","properties":{"cd_identificador_ponto_revitalizado":191,"nm_endereco":"Avenida José Pinheiro Borges (Via Paralela)","sg_subprefeitura":"GU","nm_subprefeitura":"Guaianases","cd_lote_servico":"1","tx_status_ponto_revitalizado":"Revitalizado","dt_atualizacao":"2021-12-08Z","tx_data_referencia":"1º quadrimestre 2021","dc_complemento_endereco":null}},{"type":"Feature","id":"ponto_revitalizado.192","geometry":{"type":"Point","coordinates":[338602.1843,7402946.3436]},"geometry_name":"ge_ponto","properties":{"cd_identificador_ponto_revitalizado":192,"nm_endereco":"Avenida Júlio Buono, 3311","sg_subprefeitura":"MG","nm_subprefeitura":"Vila Maria-Vila Guilherme","cd_lote_servico":"4","tx_status_ponto_revitalizado":"Revitalizado","dt_atualizacao":"2021-12-08Z","tx_data_referencia":"1º quadrimestre 2021","dc_complemento_endereco":null}},{"type":"Feature","id":"ponto_revitalizado.193","geometry":{"type":"Point","coordinates":[338969.3152,7403097.6695]},"geometry_name":"ge_ponto","properties":{"cd_identificador_ponto_revitalizado":193,"nm_endereco":"Avenida Júlio Buono, 3706","sg_subprefeitura":"MG","nm_subprefeitura":"Vila Maria-Vila Guilherme","cd_lote_servico":"4","tx_status_ponto_revitalizado":"Revitalizado","dt_atualizacao":"2021-12-08Z","tx_data_referencia":"1º quadrimestre 2021","dc_complemento_endereco":null}},{"type":"Feature","id":"ponto_revitalizado.194","geometry":{"type":"Point","coordinates":[338994.6212,7403118.9892]},"geometry_name":"ge_ponto","properties":{"cd_identificador_ponto_revitalizado":194,"nm_endereco":"Avenida Júlio Buono, 3739","sg_subprefeitura":"MG","nm_subprefeitura":"Vila Maria-Vila Guilherme","cd_lote_servico":"4","tx_status_ponto_revitalizado":"Revitalizado","dt_atualizacao":"2021-12-08Z","tx_data_referencia":"1º quadrimestre 2021","dc_complemento_endereco":null}},{"type":"Feature","id":"ponto_revitalizado.195","geometry":{"type":"Point","coordinates":[339058.6338,7403150.7004]},"geometry_name":"ge_ponto","properties":{"cd_identificador_ponto_revitalizado":195,"nm_endereco":"Avenida Júlio Buono, 3820","sg_subprefeitura":"MG","nm_subprefeitura":"Vila Maria-Vila Guilherme","cd_lote_servico":"4","tx_status_ponto_revitalizado":"Revitalizado","dt_atualizacao":"2021-12-08Z","tx_data_referencia":"1º quadrimestre 2021","dc_complemento_endereco":null}},{"type":"Feature","id":"ponto_revitalizado.196","geometry":{"type":"Point","coordinates":[331713.7203,7385797.464]},"geometry_name":"ge_ponto","properties":{"cd_identificador_ponto_revitalizado":196,"nm_endereco":"Avenida Jurandir, 86","sg_subprefeitura":"VM","nm_subprefeitura":"Vila Mariana","cd_lote_servico":"3","tx_status_ponto_revitalizado":"Revitalizado","dt_atualizacao":"2021-12-08Z","tx_data_referencia":"1º quadrimestre 2021","dc_complemento_endereco":null}},{"type":"Feature","id":"ponto_revitalizado.197","geometry":{"type":"Point","coordinates":[330195.3609,7404275.7165]},"geometry_name":"ge_ponto","properties":{"cd_identificador_ponto_revitalizado":197,"nm_endereco":"Rua Koshun Takara","sg_subprefeitura":"CV","nm_subprefeitura":"Casa Verde","cd_lote_servico":"4","tx_status_ponto_revitalizado":"Revitalizado","dt_atualizacao":"2021-12-08Z","tx_data_referencia":"1º quadrimestre 2021","dc_complemento_endereco":null}},{"type":"Feature","id":"ponto_revitalizado.198","geometry":{"type":"Point","coordinates":[334386.4281,7392974.9506]},"geometry_name":"ge_ponto","properties":{"cd_identificador_ponto_revitalizado":198,"nm_endereco":"Avenida Lacerda Franco & Rua Alves Ribeiro","sg_subprefeitura":"SE","nm_subprefeitura":"Sé","cd_lote_servico":"2","tx_status_ponto_revitalizado":"Revitalizado","dt_atualizacao":"2021-12-08Z","tx_data_referencia":"1º quadrimestre 2021","dc_complemento_endereco":null}},{"type":"Feature","id":"ponto_revitalizado.199","geometry":{"type":"Point","coordinates":[357946.8417,7399910.0675]},"geometry_name":"ge_ponto","properties":{"cd_identificador_ponto_revitalizado":199,"nm_endereco":"Avenida Lago Xaraís, 590","sg_subprefeitura":"IT","nm_subprefeitura":"Itaim Paulista","cd_lote_servico":"1","tx_status_ponto_revitalizado":"Revitalizado","dt_atualizacao":"2021-12-08Z","tx_data_referencia":"1º quadrimestre 2021","dc_complemento_endereco":null}},{"type":"Feature","id":"ponto_revitalizado.200","geometry":{"type":"Point","coordinates":[359597.1665,7400532.6982]},"geometry_name":"ge_ponto","properties":{"cd_identificador_ponto_revitalizado":200,"nm_endereco":"Avenida Lagoa Encantada, 102","sg_subprefeitura":"IT","nm_subprefeitura":"Itaim Paulista","cd_lote_servico":"1","tx_status_ponto_revitalizado":"Eliminado","dt_atualizacao":"2021-12-08Z","tx_data_referencia":"1º quadrimestre 2021","dc_complemento_endereco":null}},{"type":"Feature","id":"ponto_revitalizado.201","geometry":{"type":"Point","coordinates":[356840.7748,7388895.6563]},"geometry_name":"ge_ponto","properties":{"cd_identificador_ponto_revitalizado":201,"nm_endereco":"Avenida Leandro, 464","sg_subprefeitura":"CT","nm_subprefeitura":"Cidade Tiradentes","cd_lote_servico":"1","tx_status_ponto_revitalizado":"Revitalizado","dt_atualizacao":"2021-12-08Z","tx_data_referencia":"1º quadrimestre 2021","dc_complemento_endereco":null}},{"type":"Feature","id":"ponto_revitalizado.202","geometry":{"type":"Point","coordinates":[334481.1964,7392674.8881]},"geometry_name":"ge_ponto","properties":{"cd_identificador_ponto_revitalizado":202,"nm_endereco":"Avenida Lins de Vasconcelos & Rua Herminio Lemos","sg_subprefeitura":"SE","nm_subprefeitura":"Sé","cd_lote_servico":"2","tx_status_ponto_revitalizado":"Revitalizado","dt_atualizacao":"2021-12-08Z","tx_data_referencia":"1º quadrimestre 2021","dc_complemento_endereco":null}},{"type":"Feature","id":"ponto_revitalizado.203","geometry":{"type":"Point","coordinates":[341427.4165,7391825.905]},"geometry_name":"ge_ponto","properties":{"cd_identificador_ponto_revitalizado":203,"nm_endereco":"Avenida Luiz Ferreira da Silva, 1080","sg_subprefeitura":"AF","nm_subprefeitura":"Aricanduva","cd_lote_servico":"3","tx_status_ponto_revitalizado":"Revitalizado","dt_atualizacao":"2021-12-08Z","tx_data_referencia":"1º quadrimestre 2021","dc_complemento_endereco":null}},{"type":"Feature","id":"ponto_revitalizado.204","geometry":{"type":"Point","coordinates":[341864.9354,7391721.3367]},"geometry_name":"ge_ponto","properties":{"cd_identificador_ponto_revitalizado":204,"nm_endereco":"Avenida Luiz Ferreira da Silva, 4222","sg_subprefeitura":"AF","nm_subprefeitura":"Aricanduva","cd_lote_servico":"3","tx_status_ponto_revitalizado":"Revitalizado","dt_atualizacao":"2021-12-08Z","tx_data_referencia":"1º quadrimestre 2021","dc_complemento_endereco":null}},{"type":"Feature","id":"ponto_revitalizado.205","geometry":{"type":"Point","coordinates":[326454.384,7404907.9477]},"geometry_name":"ge_ponto","properties":{"cd_identificador_ponto_revitalizado":205,"nm_endereco":"Avenida Manoel Bolivar","sg_subprefeitura":"FB","nm_subprefeitura":"Freguesia Do Ó","cd_lote_servico":"4","tx_status_ponto_revitalizado":"Eliminado","dt_atualizacao":"2021-12-08Z","tx_data_referencia":"1º quadrimestre 2021","dc_complemento_endereco":null}},{"type":"Feature","id":"ponto_revitalizado.206","geometry":{"type":"Point","coordinates":[348611.5537,7392786.7179]},"geometry_name":"ge_ponto","properties":{"cd_identificador_ponto_revitalizado":206,"nm_endereco":"Avenida Mar Vermelho","sg_subprefeitura":"IQ","nm_subprefeitura":"Itaquera","cd_lote_servico":"1","tx_status_ponto_revitalizado":"Eliminado","dt_atualizacao":"2021-12-08Z","tx_data_referencia":"1º quadrimestre 2021","dc_complemento_endereco":null}},{"type":"Feature","id":"ponto_revitalizado.207","geometry":{"type":"Point","coordinates":[348630.922,7388514.5865]},"geometry_name":"ge_ponto","properties":{"cd_identificador_ponto_revitalizado":207,"nm_endereco":"Avenida Maria Cursi & Rua Maria Luísa do Val Penteado","sg_subprefeitura":"SM","nm_subprefeitura":"São Mateus","cd_lote_servico":"1","tx_status_ponto_revitalizado":"Revitalizado","dt_atualizacao":"2021-12-08Z","tx_data_referencia":"1º quadrimestre 2021","dc_complemento_endereco":null}},{"type":"Feature","id":"ponto_revitalizado.208","geometry":{"type":"Point","coordinates":[349513.5523,7393252.4079]},"geometry_name":"ge_ponto","properties":{"cd_identificador_ponto_revitalizado":208,"nm_endereco":"Avenida Maria Luiza Americano, 2062","sg_subprefeitura":"IQ","nm_subprefeitura":"Itaquera","cd_lote_servico":"1","tx_status_ponto_revitalizado":"Eliminado","dt_atualizacao":"2021-12-08Z","tx_data_referencia":"1º quadrimestre 2021","dc_complemento_endereco":null}},{"type":"Feature","id":"ponto_revitalizado.209","geometry":{"type":"Point","coordinates":[325441.4212,7383296.9896]},"geometry_name":"ge_ponto","properties":{"cd_identificador_ponto_revitalizado":209,"nm_endereco":"Avenida Mário Lopes Leão, 600","sg_subprefeitura":"SA","nm_subprefeitura":"Santo Amaro","cd_lote_servico":"6","tx_status_ponto_revitalizado":"Revitalizado","dt_atualizacao":"2021-12-08Z","tx_data_referencia":"1º quadrimestre 2021","dc_complemento_endereco":null}},{"type":"Feature","id":"ponto_revitalizado.210","geometry":{"type":"Point","coordinates":[333780.6425,7395615.0607]},"geometry_name":"ge_ponto","properties":{"cd_identificador_ponto_revitalizado":210,"nm_endereco":"Avenida Mercúrio, 994","sg_subprefeitura":"SE","nm_subprefeitura":"Sé","cd_lote_servico":"2","tx_status_ponto_revitalizado":"Revitalizado","dt_atualizacao":"2021-12-08Z","tx_data_referencia":"1º quadrimestre 2021","dc_complemento_endereco":null}},{"type":"Feature","id":"ponto_revitalizado.211","geometry":{"type":"Point","coordinates":[338781.8652,7388400.2477]},"geometry_name":"ge_ponto","properties":{"cd_identificador_ponto_revitalizado":211,"nm_endereco":"Avenida Michel Saliba, 35","sg_subprefeitura":"IP","nm_subprefeitura":"Ipiranga","cd_lote_servico":"3","tx_status_ponto_revitalizado":"Revitalizado","dt_atualizacao":"2021-12-08Z","tx_data_referencia":"1º quadrimestre 2021","dc_complemento_endereco":null}},{"type":"Feature","id":"ponto_revitalizado.212","geometry":{"type":"Point","coordinates":[326673.5489,7402795.5547]},"geometry_name":"ge_ponto","properties":{"cd_identificador_ponto_revitalizado":212,"nm_endereco":"Avenida Michihisa Murata, 215","sg_subprefeitura":"FB","nm_subprefeitura":"Freguesia Do Ó","cd_lote_servico":"4","tx_status_ponto_revitalizado":"Revitalizado","dt_atualizacao":"2021-12-08Z","tx_data_referencia":"1º quadrimestre 2021","dc_complemento_endereco":null}},{"type":"Feature","id":"ponto_revitalizado.213","geometry":{"type":"Point","coordinates":[330461.9516,7387176.2616]},"geometry_name":"ge_ponto","properties":{"cd_identificador_ponto_revitalizado":213,"nm_endereco":"Avenida Moreira Guimarães (Acesso da Avenida dos Bandeirantes)","sg_subprefeitura":"VM","nm_subprefeitura":"Vila Mariana","cd_lote_servico":"3","tx_status_ponto_revitalizado":"Revitalizado","dt_atualizacao":"2021-12-08Z","tx_data_referencia":"1º quadrimestre 2021","dc_complemento_endereco":null}},{"type":"Feature","id":"ponto_revitalizado.214","geometry":{"type":"Point","coordinates":[337060.8414,7397638.5783]},"geometry_name":"ge_ponto","properties":{"cd_identificador_ponto_revitalizado":214,"nm_endereco":"Avenida Nadir Dias de Figueiredo","sg_subprefeitura":"MG","nm_subprefeitura":"Vila Maria-Vila Guilherme","cd_lote_servico":"4","tx_status_ponto_revitalizado":"Revitalizado","dt_atualizacao":"2021-12-08Z","tx_data_referencia":"1º quadrimestre 2021","dc_complemento_endereco":null}},{"type":"Feature","id":"ponto_revitalizado.215","geometry":{"type":"Point","coordinates":[356340.2789,7391171.6853]},"geometry_name":"ge_ponto","properties":{"cd_identificador_ponto_revitalizado":215,"nm_endereco":"Avenida Naylor de Oliveira, 1","sg_subprefeitura":"CT","nm_subprefeitura":"Cidade Tiradentes","cd_lote_servico":"1","tx_status_ponto_revitalizado":"Revitalizado","dt_atualizacao":"2021-12-08Z","tx_data_referencia":"1º quadrimestre 2021","dc_complemento_endereco":null}},{"type":"Feature","id":"ponto_revitalizado.216","geometry":{"type":"Point","coordinates":[335807.495,7388800.1272]},"geometry_name":"ge_ponto","properties":{"cd_identificador_ponto_revitalizado":216,"nm_endereco":"Avenida Nazaré, 2130","sg_subprefeitura":"IP","nm_subprefeitura":"Ipiranga","cd_lote_servico":"3","tx_status_ponto_revitalizado":"Revitalizado","dt_atualizacao":"2021-12-08Z","tx_data_referencia":"1º quadrimestre 2021","dc_complemento_endereco":null}},{"type":"Feature","id":"ponto_revitalizado.217","geometry":{"type":"Point","coordinates":[328547.2004,7379794.6458]},"geometry_name":"ge_ponto","properties":{"cd_identificador_ponto_revitalizado":217,"nm_endereco":"Avenida Nossa Senhora do Sabará","sg_subprefeitura":"SA","nm_subprefeitura":"Santo Amaro","cd_lote_servico":"6","tx_status_ponto_revitalizado":"Revitalizado","dt_atualizacao":"2021-12-08Z","tx_data_referencia":"1º quadrimestre 2021","dc_complemento_endereco":null}},{"type":"Feature","id":"ponto_revitalizado.218","geometry":{"type":"Point","coordinates":[320463.2026,7378259.8273]},"geometry_name":"ge_ponto","properties":{"cd_identificador_ponto_revitalizado":218,"nm_endereco":"Avenida Nova Arcadia, 10","sg_subprefeitura":"MB","nm_subprefeitura":"M'Boi Mirim","cd_lote_servico":"6","tx_status_ponto_revitalizado":"Revitalizado","dt_atualizacao":"2021-12-08Z","tx_data_referencia":"1º quadrimestre 2021","dc_complemento_endereco":null}},{"type":"Feature","id":"ponto_revitalizado.219","geometry":{"type":"Point","coordinates":[325255.2564,7373590.3572]},"geometry_name":"ge_ponto","properties":{"cd_identificador_ponto_revitalizado":219,"nm_endereco":"Avenida Orfeo Paravente, 988","sg_subprefeitura":"CS","nm_subprefeitura":"Capela Do Socorro","cd_lote_servico":"6","tx_status_ponto_revitalizado":"Revitalizado","dt_atualizacao":"2021-12-08Z","tx_data_referencia":"1º quadrimestre 2021","dc_complemento_endereco":null}},{"type":"Feature","id":"ponto_revitalizado.220","geometry":{"type":"Point","coordinates":[327495.1439,7399216.1024]},"geometry_name":"ge_ponto","properties":{"cd_identificador_ponto_revitalizado":220,"nm_endereco":"Avenida Otaviano Alves de Lima & Avenida Inajar de Souza","sg_subprefeitura":"FB","nm_subprefeitura":"Freguesia Do Ó","cd_lote_servico":"4","tx_status_ponto_revitalizado":"Revitalizado","dt_atualizacao":"2021-12-08Z","tx_data_referencia":"1º quadrimestre 2021","dc_complemento_endereco":null}},{"type":"Feature","id":"ponto_revitalizado.221","geometry":{"type":"Point","coordinates":[330414.84,7396516.7588]},"geometry_name":"ge_ponto","properties":{"cd_identificador_ponto_revitalizado":221,"nm_endereco":"Avenida Pacaembu, 719","sg_subprefeitura":"SE","nm_subprefeitura":"Sé","cd_lote_servico":"2","tx_status_ponto_revitalizado":"Revitalizado","dt_atualizacao":"2021-12-08Z","tx_data_referencia":"1º quadrimestre 2021","dc_complemento_endereco":null}},{"type":"Feature","id":"ponto_revitalizado.222","geometry":{"type":"Point","coordinates":[351912.1334,7398570.5198]},"geometry_name":"ge_ponto","properties":{"cd_identificador_ponto_revitalizado":222,"nm_endereco":"Avenida Padre Gregório Mafra, 1335","sg_subprefeitura":"IQ","nm_subprefeitura":"Itaquera","cd_lote_servico":"1","tx_status_ponto_revitalizado":"Revitalizado","dt_atualizacao":"2021-12-08Z","tx_data_referencia":"1º quadrimestre 2021","dc_complemento_endereco":null}},{"type":"Feature","id":"ponto_revitalizado.223","geometry":{"type":"Point","coordinates":[325224.4512,7383004.1993]},"geometry_name":"ge_ponto","properties":{"cd_identificador_ponto_revitalizado":223,"nm_endereco":"Avenida Padre José Maria","sg_subprefeitura":"SA","nm_subprefeitura":"Santo Amaro","cd_lote_servico":"6","tx_status_ponto_revitalizado":"Revitalizado","dt_atualizacao":"2021-12-08Z","tx_data_referencia":"1º quadrimestre 2021","dc_complemento_endereco":null}},{"type":"Feature","id":"ponto_revitalizado.224","geometry":{"type":"Point","coordinates":[346218.4059,7391450.3958]},"geometry_name":"ge_ponto","properties":{"cd_identificador_ponto_revitalizado":224,"nm_endereco":"Avenida Pastor Cícero Canuto de Lima, 571","sg_subprefeitura":"AF","nm_subprefeitura":"Aricanduva","cd_lote_servico":"3","tx_status_ponto_revitalizado":"Revitalizado","dt_atualizacao":"2021-12-08Z","tx_data_referencia":"1º quadrimestre 2021","dc_complemento_endereco":null}},{"type":"Feature","id":"ponto_revitalizado.225","geometry":{"type":"Point","coordinates":[326067.4887,7399849.706]},"geometry_name":"ge_ponto","properties":{"cd_identificador_ponto_revitalizado":225,"nm_endereco":"Avenida Paula Ferreira, 348","sg_subprefeitura":"FB","nm_subprefeitura":"Freguesia Do Ó","cd_lote_servico":"4","tx_status_ponto_revitalizado":"Eliminado","dt_atualizacao":"2021-12-08Z","tx_data_referencia":"1º quadrimestre 2021","dc_complemento_endereco":null}},{"type":"Feature","id":"ponto_revitalizado.226","geometry":{"type":"Point","coordinates":[325081.3362,7370311.0845]},"geometry_name":"ge_ponto","properties":{"cd_identificador_ponto_revitalizado":226,"nm_endereco":"Avenida Paulo Guilguer Reimberg, 1","sg_subprefeitura":"PA","nm_subprefeitura":"Parelheiros","cd_lote_servico":"6","tx_status_ponto_revitalizado":"Revitalizado","dt_atualizacao":"2021-12-08Z","tx_data_referencia":"1º quadrimestre 2021","dc_complemento_endereco":null}},{"type":"Feature","id":"ponto_revitalizado.227","geometry":{"type":"Point","coordinates":[325221.9621,7370255.9623]},"geometry_name":"ge_ponto","properties":{"cd_identificador_ponto_revitalizado":227,"nm_endereco":"Avenida Paulo Guilguer Reimberg & Rua Roberto do Reno","sg_subprefeitura":"PA","nm_subprefeitura":"Parelheiros","cd_lote_servico":"6","tx_status_ponto_revitalizado":"Revitalizado","dt_atualizacao":"2021-12-08Z","tx_data_referencia":"1º quadrimestre 2021","dc_complemento_endereco":null}},{"type":"Feature","id":"ponto_revitalizado.228","geometry":{"type":"Point","coordinates":[326697.6135,7373912.4746]},"geometry_name":"ge_ponto","properties":{"cd_identificador_ponto_revitalizado":228,"nm_endereco":"Avenida Piero Di Lorenzo, 234","sg_subprefeitura":"CS","nm_subprefeitura":"Capela Do Socorro","cd_lote_servico":"6","tx_status_ponto_revitalizado":"Revitalizado","dt_atualizacao":"2021-12-08Z","tx_data_referencia":"1º quadrimestre 2021","dc_complemento_endereco":null}},{"type":"Feature","id":"ponto_revitalizado.229","geometry":{"type":"Point","coordinates":[326705.1241,7373855.6342]},"geometry_name":"ge_ponto","properties":{"cd_identificador_ponto_revitalizado":229,"nm_endereco":"Avenida Piero Di Lorenzo, 298","sg_subprefeitura":"CS","nm_subprefeitura":"Capela Do Socorro","cd_lote_servico":"6","tx_status_ponto_revitalizado":"Revitalizado","dt_atualizacao":"2021-12-08Z","tx_data_referencia":"1º quadrimestre 2021","dc_complemento_endereco":null}},{"type":"Feature","id":"ponto_revitalizado.230","geometry":{"type":"Point","coordinates":[326754.2419,7373089.8784]},"geometry_name":"ge_ponto","properties":{"cd_identificador_ponto_revitalizado":230,"nm_endereco":"Avenida Prefeito Paulo Lauro, 686","sg_subprefeitura":"CS","nm_subprefeitura":"Capela Do Socorro","cd_lote_servico":"6","tx_status_ponto_revitalizado":"Revitalizado","dt_atualizacao":"2021-12-08Z","tx_data_referencia":"1º quadrimestre 2021","dc_complemento_endereco":null}},{"type":"Feature","id":"ponto_revitalizado.231","geometry":{"type":"Point","coordinates":[328996.2112,7375419.7024]},"geometry_name":"ge_ponto","properties":{"cd_identificador_ponto_revitalizado":231,"nm_endereco":"Avenida Presidente João Goulart, 2516","sg_subprefeitura":"CS","nm_subprefeitura":"Capela Do Socorro","cd_lote_servico":"6","tx_status_ponto_revitalizado":"Revitalizado","dt_atualizacao":"2021-12-08Z","tx_data_referencia":"1º quadrimestre 2021","dc_complemento_endereco":null}},{"type":"Feature","id":"ponto_revitalizado.232","geometry":{"type":"Point","coordinates":[328461.9048,7375348.6036]},"geometry_name":"ge_ponto","properties":{"cd_identificador_ponto_revitalizado":232,"nm_endereco":"Avenida Presidente João Gourlart, 1913","sg_subprefeitura":"CS","nm_subprefeitura":"Capela Do Socorro","cd_lote_servico":"6","tx_status_ponto_revitalizado":"Revitalizado","dt_atualizacao":"2021-12-08Z","tx_data_referencia":"1º quadrimestre 2021","dc_complemento_endereco":null}},{"type":"Feature","id":"ponto_revitalizado.233","geometry":{"type":"Point","coordinates":[338797.2819,7388390.4505]},"geometry_name":"ge_ponto","properties":{"cd_identificador_ponto_revitalizado":233,"nm_endereco":"Avenida Presidente Wilson & Rua Attilio Bartalini","sg_subprefeitura":"IP","nm_subprefeitura":"Ipiranga","cd_lote_servico":"3","tx_status_ponto_revitalizado":"Revitalizado","dt_atualizacao":"2021-12-08Z","tx_data_referencia":"1º quadrimestre 2021","dc_complemento_endereco":null}},{"type":"Feature","id":"ponto_revitalizado.234","geometry":{"type":"Point","coordinates":[345422.4543,7387592.3197]},"geometry_name":"ge_ponto","properties":{"cd_identificador_ponto_revitalizado":234,"nm_endereco":"Avenida Primavera de Caiena, 668 (viela)","sg_subprefeitura":"SB","nm_subprefeitura":"Sapopemba","cd_lote_servico":"1","tx_status_ponto_revitalizado":"Eliminado","dt_atualizacao":"2021-12-08Z","tx_data_referencia":"1º quadrimestre 2021","dc_complemento_endereco":null}},{"type":"Feature","id":"ponto_revitalizado.235","geometry":{"type":"Point","coordinates":[324871.5594,7369425.2326]},"geometry_name":"ge_ponto","properties":{"cd_identificador_ponto_revitalizado":235,"nm_endereco":"Avenida Professor Hermógenes de Freitas Leitão Filho","sg_subprefeitura":"PA","nm_subprefeitura":"Parelheiros","cd_lote_servico":"6","tx_status_ponto_revitalizado":"Revitalizado","dt_atualizacao":"2021-12-08Z","tx_data_referencia":"1º quadrimestre 2021","dc_complemento_endereco":null}},{"type":"Feature","id":"ponto_revitalizado.236","geometry":{"type":"Point","coordinates":[354371.5018,7394944.0074]},"geometry_name":"ge_ponto","properties":{"cd_identificador_ponto_revitalizado":236,"nm_endereco":"Avenida Professor João Batista Conti","sg_subprefeitura":"IQ","nm_subprefeitura":"Itaquera","cd_lote_servico":"1","tx_status_ponto_revitalizado":"Revitalizado","dt_atualizacao":"2021-12-08Z","tx_data_referencia":"1º quadrimestre 2021","dc_complemento_endereco":null}},{"type":"Feature","id":"ponto_revitalizado.237","geometry":{"type":"Point","coordinates":[354282.4199,7394918.8682]},"geometry_name":"ge_ponto","properties":{"cd_identificador_ponto_revitalizado":237,"nm_endereco":"Avenida Professor João Batista Conti, 2","sg_subprefeitura":"IQ","nm_subprefeitura":"Itaquera","cd_lote_servico":"1","tx_status_ponto_revitalizado":"Revitalizado","dt_atualizacao":"2021-12-08Z","tx_data_referencia":"1º quadrimestre 2021","dc_complemento_endereco":null}},{"type":"Feature","id":"ponto_revitalizado.238","geometry":{"type":"Point","coordinates":[342573.7351,7390151.6012]},"geometry_name":"ge_ponto","properties":{"cd_identificador_ponto_revitalizado":238,"nm_endereco":"Avenida Professor Luiz Ignácio Anhaia Mello, 5600 (Muro Escadão)","sg_subprefeitura":"VP","nm_subprefeitura":"Vila Prudente","cd_lote_servico":"3","tx_status_ponto_revitalizado":"Revitalizado","dt_atualizacao":"2021-12-08Z","tx_data_referencia":"1º quadrimestre 2021","dc_complemento_endereco":null}},{"type":"Feature","id":"ponto_revitalizado.239","geometry":{"type":"Point","coordinates":[318350.156,7391519.3003]},"geometry_name":"ge_ponto","properties":{"cd_identificador_ponto_revitalizado":239,"nm_endereco":"Avenida Queiros Teles","sg_subprefeitura":"BT","nm_subprefeitura":"Butantã","cd_lote_servico":"5","tx_status_ponto_revitalizado":"Revitalizado","dt_atualizacao":"2021-12-08Z","tx_data_referencia":"1º quadrimestre 2021","dc_complemento_endereco":null}},{"type":"Feature","id":"ponto_revitalizado.240","geometry":{"type":"Point","coordinates":[324619.2176,7399445.5853]},"geometry_name":"ge_ponto","properties":{"cd_identificador_ponto_revitalizado":240,"nm_endereco":"Avenida Raimundo Pereira de Magalhães, 1640","sg_subprefeitura":"PJ","nm_subprefeitura":"Pirituba-Jaragua","cd_lote_servico":"5","tx_status_ponto_revitalizado":"Revitalizado","dt_atualizacao":"2021-12-08Z","tx_data_referencia":"1º quadrimestre 2021","dc_complemento_endereco":null}},{"type":"Feature","id":"ponto_revitalizado.241","geometry":{"type":"Point","coordinates":[324203.1813,7404035.5695]},"geometry_name":"ge_ponto","properties":{"cd_identificador_ponto_revitalizado":241,"nm_endereco":"Avenida Raimundo Pereira de Magalhães, 8335","sg_subprefeitura":"PJ","nm_subprefeitura":"Pirituba-Jaragua","cd_lote_servico":"5","tx_status_ponto_revitalizado":"Revitalizado","dt_atualizacao":"2021-12-08Z","tx_data_referencia":"1º quadrimestre 2021","dc_complemento_endereco":null}},{"type":"Feature","id":"ponto_revitalizado.242","geometry":{"type":"Point","coordinates":[338601.8308,7402783.3176]},"geometry_name":"ge_ponto","properties":{"cd_identificador_ponto_revitalizado":242,"nm_endereco":"Avenida Ramiz Galvão & Avenida Sanatório","sg_subprefeitura":"MG","nm_subprefeitura":"Vila Maria-Vila Guilherme","cd_lote_servico":"4","tx_status_ponto_revitalizado":"Eliminado","dt_atualizacao":"2021-12-08Z","tx_data_referencia":"1º quadrimestre 2021","dc_complemento_endereco":null}},{"type":"Feature","id":"ponto_revitalizado.243","geometry":{"type":"Point","coordinates":[347513.6232,7389601.8883]},"geometry_name":"ge_ponto","properties":{"cd_identificador_ponto_revitalizado":243,"nm_endereco":"Avenida Riacho dos Machados","sg_subprefeitura":"SM","nm_subprefeitura":"São Mateus","cd_lote_servico":"1","tx_status_ponto_revitalizado":"Revitalizado","dt_atualizacao":"2021-12-08Z","tx_data_referencia":"1º quadrimestre 2021","dc_complemento_endereco":null}},{"type":"Feature","id":"ponto_revitalizado.244","geometry":{"type":"Point","coordinates":[351373.6052,7398836.9427]},"geometry_name":"ge_ponto","properties":{"cd_identificador_ponto_revitalizado":244,"nm_endereco":"Avenida Ribeirão Jacu","sg_subprefeitura":"MP","nm_subprefeitura":"São Miguel Paulista","cd_lote_servico":"1","tx_status_ponto_revitalizado":"Revitalizado","dt_atualizacao":"2021-12-08Z","tx_data_referencia":"1º quadrimestre 2021","dc_complemento_endereco":null}},{"type":"Feature","id":"ponto_revitalizado.245","geometry":{"type":"Point","coordinates":[349496.765,7386997.6932]},"geometry_name":"ge_ponto","properties":{"cd_identificador_ponto_revitalizado":245,"nm_endereco":"Avenida Roberto Pires Maciel, 10","sg_subprefeitura":"SM","nm_subprefeitura":"São Mateus","cd_lote_servico":"1","tx_status_ponto_revitalizado":"Eliminado","dt_atualizacao":"2021-12-08Z","tx_data_referencia":"1º quadrimestre 2021","dc_complemento_endereco":null}},{"type":"Feature","id":"ponto_revitalizado.246","geometry":{"type":"Point","coordinates":[349245.0478,7386901.0702]},"geometry_name":"ge_ponto","properties":{"cd_identificador_ponto_revitalizado":246,"nm_endereco":"Avenida Roberto Pires Maciel, 26","sg_subprefeitura":"SM","nm_subprefeitura":"São Mateus","cd_lote_servico":"1","tx_status_ponto_revitalizado":"Revitalizado","dt_atualizacao":"2021-12-08Z","tx_data_referencia":"1º quadrimestre 2021","dc_complemento_endereco":null}},{"type":"Feature","id":"ponto_revitalizado.247","geometry":{"type":"Point","coordinates":[331523.4646,7397561.443]},"geometry_name":"ge_ponto","properties":{"cd_identificador_ponto_revitalizado":247,"nm_endereco":"Avenida Rudge, 506","sg_subprefeitura":"SE","nm_subprefeitura":"Sé","cd_lote_servico":"2","tx_status_ponto_revitalizado":"Revitalizado","dt_atualizacao":"2021-12-08Z","tx_data_referencia":"1º quadrimestre 2021","dc_complemento_endereco":null}},{"type":"Feature","id":"ponto_revitalizado.248","geometry":{"type":"Point","coordinates":[327488.5953,7381000.4605]},"geometry_name":"ge_ponto","properties":{"cd_identificador_ponto_revitalizado":248,"nm_endereco":"Avenida Salim Antônio Curiati","sg_subprefeitura":"SA","nm_subprefeitura":"Santo Amaro","cd_lote_servico":"6","tx_status_ponto_revitalizado":"Revitalizado","dt_atualizacao":"2021-12-08Z","tx_data_referencia":"1º quadrimestre 2021","dc_complemento_endereco":null}},{"type":"Feature","id":"ponto_revitalizado.249","geometry":{"type":"Point","coordinates":[332253.8713,7380188.4207]},"geometry_name":"ge_ponto","properties":{"cd_identificador_ponto_revitalizado":249,"nm_endereco":"Avenida Santo Afonso, 623","sg_subprefeitura":"AD","nm_subprefeitura":"Cidade Ademar","cd_lote_servico":"3","tx_status_ponto_revitalizado":"Revitalizado","dt_atualizacao":"2021-12-08Z","tx_data_referencia":"1º quadrimestre 2021","dc_complemento_endereco":null}},{"type":"Feature","id":"ponto_revitalizado.250","geometry":{"type":"Point","coordinates":[332424.1177,7395569.6919]},"geometry_name":"ge_ponto","properties":{"cd_identificador_ponto_revitalizado":250,"nm_endereco":"Avenida São João, 816","sg_subprefeitura":"SE","nm_subprefeitura":"Sé","cd_lote_servico":"2","tx_status_ponto_revitalizado":"Eliminado","dt_atualizacao":"2021-12-08Z","tx_data_referencia":"1º quadrimestre 2021","dc_complemento_endereco":null}},{"type":"Feature","id":"ponto_revitalizado.251","geometry":{"type":"Point","coordinates":[342449.6294,7391570.6107]},"geometry_name":"ge_ponto","properties":{"cd_identificador_ponto_revitalizado":251,"nm_endereco":"Avenida Sapopemba & Rua Alva","sg_subprefeitura":"VP","nm_subprefeitura":"Vila Prudente","cd_lote_servico":"3","tx_status_ponto_revitalizado":"Eliminado","dt_atualizacao":"2021-12-08Z","tx_data_referencia":"1º quadrimestre 2021","dc_complemento_endereco":null}},{"type":"Feature","id":"ponto_revitalizado.252","geometry":{"type":"Point","coordinates":[348677.0786,7388053.579]},"geometry_name":"ge_ponto","properties":{"cd_identificador_ponto_revitalizado":252,"nm_endereco":"Avenida Sapopemba, 12913","sg_subprefeitura":"SM","nm_subprefeitura":"São Mateus","cd_lote_servico":"1","tx_status_ponto_revitalizado":"Revitalizado","dt_atualizacao":"2021-12-08Z","tx_data_referencia":"1º quadrimestre 2021","dc_complemento_endereco":null}},{"type":"Feature","id":"ponto_revitalizado.253","geometry":{"type":"Point","coordinates":[350129.6995,7387456.9366]},"geometry_name":"ge_ponto","properties":{"cd_identificador_ponto_revitalizado":253,"nm_endereco":"Avenida Sapopemba, 14566","sg_subprefeitura":"SM","nm_subprefeitura":"São Mateus","cd_lote_servico":"1","tx_status_ponto_revitalizado":"Revitalizado","dt_atualizacao":"2021-12-08Z","tx_data_referencia":"1º quadrimestre 2021","dc_complemento_endereco":null}},{"type":"Feature","id":"ponto_revitalizado.254","geometry":{"type":"Point","coordinates":[350871.803,7386982.1062]},"geometry_name":"ge_ponto","properties":{"cd_identificador_ponto_revitalizado":254,"nm_endereco":"Avenida Sapopemba, 16384","sg_subprefeitura":"SM","nm_subprefeitura":"São Mateus","cd_lote_servico":"1","tx_status_ponto_revitalizado":"Revitalizado","dt_atualizacao":"2021-12-08Z","tx_data_referencia":"1º quadrimestre 2021","dc_complemento_endereco":null}},{"type":"Feature","id":"ponto_revitalizado.255","geometry":{"type":"Point","coordinates":[341891.0355,7391724.2771]},"geometry_name":"ge_ponto","properties":{"cd_identificador_ponto_revitalizado":255,"nm_endereco":"Avenida Sapopemba, 4250","sg_subprefeitura":"AF","nm_subprefeitura":"Aricanduva","cd_lote_servico":"3","tx_status_ponto_revitalizado":"Revitalizado","dt_atualizacao":"2021-12-08Z","tx_data_referencia":"1º quadrimestre 2021","dc_complemento_endereco":null}},{"type":"Feature","id":"ponto_revitalizado.256","geometry":{"type":"Point","coordinates":[342521.6454,7391575.2631]},"geometry_name":"ge_ponto","properties":{"cd_identificador_ponto_revitalizado":256,"nm_endereco":"Avenida Sapopemba, 4881","sg_subprefeitura":"AF","nm_subprefeitura":"Aricanduva","cd_lote_servico":"3","tx_status_ponto_revitalizado":"Revitalizado","dt_atualizacao":"2021-12-08Z","tx_data_referencia":"1º quadrimestre 2021","dc_complemento_endereco":null}},{"type":"Feature","id":"ponto_revitalizado.257","geometry":{"type":"Point","coordinates":[341543.9837,7390894.6647]},"geometry_name":"ge_ponto","properties":{"cd_identificador_ponto_revitalizado":257,"nm_endereco":"Avenida Secondino & Rua Domingos da Silva Bueno","sg_subprefeitura":"VP","nm_subprefeitura":"Vila Prudente","cd_lote_servico":"3","tx_status_ponto_revitalizado":"Revitalizado","dt_atualizacao":"2021-12-08Z","tx_data_referencia":"1º quadrimestre 2021","dc_complemento_endereco":null}},{"type":"Feature","id":"ponto_revitalizado.258","geometry":{"type":"Point","coordinates":[341191.3013,7391056.2942]},"geometry_name":"ge_ponto","properties":{"cd_identificador_ponto_revitalizado":258,"nm_endereco":"Avenida Secondino & Travessa Barbosa Burnes","sg_subprefeitura":"VP","nm_subprefeitura":"Vila Prudente","cd_lote_servico":"3","tx_status_ponto_revitalizado":"Revitalizado","dt_atualizacao":"2021-12-08Z","tx_data_referencia":"1º quadrimestre 2021","dc_complemento_endereco":null}},{"type":"Feature","id":"ponto_revitalizado.259","geometry":{"type":"Point","coordinates":[341086.8665,7391066.898]},"geometry_name":"ge_ponto","properties":{"cd_identificador_ponto_revitalizado":259,"nm_endereco":"Avenida Secondino, 250","sg_subprefeitura":"VP","nm_subprefeitura":"Vila Prudente","cd_lote_servico":"3","tx_status_ponto_revitalizado":"Revitalizado","dt_atualizacao":"2021-12-08Z","tx_data_referencia":"1º quadrimestre 2021","dc_complemento_endereco":null}},{"type":"Feature","id":"ponto_revitalizado.260","geometry":{"type":"Point","coordinates":[341128.7479,7391064.031]},"geometry_name":"ge_ponto","properties":{"cd_identificador_ponto_revitalizado":260,"nm_endereco":"Avenida Secondino, 258","sg_subprefeitura":"VP","nm_subprefeitura":"Vila Prudente","cd_lote_servico":"3","tx_status_ponto_revitalizado":"Revitalizado","dt_atualizacao":"2021-12-08Z","tx_data_referencia":"1º quadrimestre 2021","dc_complemento_endereco":null}},{"type":"Feature","id":"ponto_revitalizado.261","geometry":{"type":"Point","coordinates":[325627.2661,7393757.7376]},"geometry_name":"ge_ponto","properties":{"cd_identificador_ponto_revitalizado":261,"nm_endereco":"Avenida Semaneiros & Rua Barajuba","sg_subprefeitura":"PI","nm_subprefeitura":"Pinheiros","cd_lote_servico":"5","tx_status_ponto_revitalizado":"Revitalizado","dt_atualizacao":"2021-12-08Z","tx_data_referencia":"1º quadrimestre 2021","dc_complemento_endereco":null}},{"type":"Feature","id":"ponto_revitalizado.262","geometry":{"type":"Point","coordinates":[355770.5799,7393040.1539]},"geometry_name":"ge_ponto","properties":{"cd_identificador_ponto_revitalizado":262,"nm_endereco":"Avenida Souza Ramos","sg_subprefeitura":"CT","nm_subprefeitura":"Cidade Tiradentes","cd_lote_servico":"1","tx_status_ponto_revitalizado":"Revitalizado","dt_atualizacao":"2021-12-08Z","tx_data_referencia":"1º quadrimestre 2021","dc_complemento_endereco":null}},{"type":"Feature","id":"ponto_revitalizado.263","geometry":{"type":"Point","coordinates":[339572.672,7398407.7602]},"geometry_name":"ge_ponto","properties":{"cd_identificador_ponto_revitalizado":263,"nm_endereco":"Avenida Tenente Amaro Felicissimo da Silveira, 1010","sg_subprefeitura":"MG","nm_subprefeitura":"Vila Maria-Vila Guilherme","cd_lote_servico":"4","tx_status_ponto_revitalizado":"Revitalizado","dt_atualizacao":"2021-12-08Z","tx_data_referencia":"1º quadrimestre 2021","dc_complemento_endereco":null}},{"type":"Feature","id":"ponto_revitalizado.264","geometry":{"type":"Point","coordinates":[335882.3113,7392333.7305]},"geometry_name":"ge_ponto","properties":{"cd_identificador_ponto_revitalizado":264,"nm_endereco":"Avenida Teresa Cristina & Rua Doutor Ricardo Daunt","sg_subprefeitura":"IP","nm_subprefeitura":"Ipiranga","cd_lote_servico":"3","tx_status_ponto_revitalizado":"Revitalizado","dt_atualizacao":"2021-12-08Z","tx_data_referencia":"1º quadrimestre 2021","dc_complemento_endereco":null}},{"type":"Feature","id":"ponto_revitalizado.265","geometry":{"type":"Point","coordinates":[322971.6695,7384079.8206]},"geometry_name":"ge_ponto","properties":{"cd_identificador_ponto_revitalizado":265,"nm_endereco":"Avenida Tomás de Sousa, 1104","sg_subprefeitura":"MB","nm_subprefeitura":"M'Boi Mirim","cd_lote_servico":"6","tx_status_ponto_revitalizado":"Revitalizado","dt_atualizacao":"2021-12-08Z","tx_data_referencia":"1º quadrimestre 2021","dc_complemento_endereco":null}},{"type":"Feature","id":"ponto_revitalizado.266","geometry":{"type":"Point","coordinates":[322940.8734,7383977.5473]},"geometry_name":"ge_ponto","properties":{"cd_identificador_ponto_revitalizado":266,"nm_endereco":"Avenida Tomás de Sousa, 986","sg_subprefeitura":"MB","nm_subprefeitura":"M'Boi Mirim","cd_lote_servico":"6","tx_status_ponto_revitalizado":"Revitalizado","dt_atualizacao":"2021-12-08Z","tx_data_referencia":"1º quadrimestre 2021","dc_complemento_endereco":null}},{"type":"Feature","id":"ponto_revitalizado.267","geometry":{"type":"Point","coordinates":[343301.3828,7393301.3421]},"geometry_name":"ge_ponto","properties":{"cd_identificador_ponto_revitalizado":267,"nm_endereco":"Avenida Trumain, 131","sg_subprefeitura":"AF","nm_subprefeitura":"Aricanduva","cd_lote_servico":"3","tx_status_ponto_revitalizado":"Revitalizado","dt_atualizacao":"2021-12-08Z","tx_data_referencia":"1º quadrimestre 2021","dc_complemento_endereco":null}},{"type":"Feature","id":"ponto_revitalizado.268","geometry":{"type":"Point","coordinates":[343214.6235,7392947.5701]},"geometry_name":"ge_ponto","properties":{"cd_identificador_ponto_revitalizado":268,"nm_endereco":"Avenida Trumain, 526","sg_subprefeitura":"AF","nm_subprefeitura":"Aricanduva","cd_lote_servico":"3","tx_status_ponto_revitalizado":"Revitalizado","dt_atualizacao":"2021-12-08Z","tx_data_referencia":"1º quadrimestre 2021","dc_complemento_endereco":null}},{"type":"Feature","id":"ponto_revitalizado.269","geometry":{"type":"Point","coordinates":[343235.9954,7392829.9637]},"geometry_name":"ge_ponto","properties":{"cd_identificador_ponto_revitalizado":269,"nm_endereco":"Avenida Trumain, 647","sg_subprefeitura":"AF","nm_subprefeitura":"Aricanduva","cd_lote_servico":"3","tx_status_ponto_revitalizado":"Revitalizado","dt_atualizacao":"2021-12-08Z","tx_data_referencia":"1º quadrimestre 2021","dc_complemento_endereco":null}},{"type":"Feature","id":"ponto_revitalizado.270","geometry":{"type":"Point","coordinates":[330451.8131,7384713.719]},"geometry_name":"ge_ponto","properties":{"cd_identificador_ponto_revitalizado":270,"nm_endereco":"Avenida Túlio Teodoro de Campos, 155","sg_subprefeitura":"JA","nm_subprefeitura":"Jabaquara","cd_lote_servico":"3","tx_status_ponto_revitalizado":"Revitalizado","dt_atualizacao":"2021-12-08Z","tx_data_referencia":"1º quadrimestre 2021","dc_complemento_endereco":null}},{"type":"Feature","id":"ponto_revitalizado.271","geometry":{"type":"Point","coordinates":[342499.4971,7392020.2322]},"geometry_name":"ge_ponto","properties":{"cd_identificador_ponto_revitalizado":271,"nm_endereco":"Avenida Vereador Abel Ferreira, 4011","sg_subprefeitura":"AF","nm_subprefeitura":"Aricanduva","cd_lote_servico":"3","tx_status_ponto_revitalizado":"Revitalizado","dt_atualizacao":"2021-12-08Z","tx_data_referencia":"1º quadrimestre 2021","dc_complemento_endereco":null}},{"type":"Feature","id":"ponto_revitalizado.272","geometry":{"type":"Point","coordinates":[335806.3005,7404262.6246]},"geometry_name":"ge_ponto","properties":{"cd_identificador_ponto_revitalizado":272,"nm_endereco":"Avenida Vereador Angelo Bortolo, 220","sg_subprefeitura":"ST","nm_subprefeitura":"Santana-Tucuruvi","cd_lote_servico":"4","tx_status_ponto_revitalizado":"Revitalizado","dt_atualizacao":"2021-12-08Z","tx_data_referencia":"1º quadrimestre 2021","dc_complemento_endereco":null}},{"type":"Feature","id":"ponto_revitalizado.273","geometry":{"type":"Point","coordinates":[345354.3529,7392935.9146]},"geometry_name":"ge_ponto","properties":{"cd_identificador_ponto_revitalizado":273,"nm_endereco":"Avenida Vereador Emilio Meneghini","sg_subprefeitura":"AF","nm_subprefeitura":"Aricanduva","cd_lote_servico":"3","tx_status_ponto_revitalizado":"Revitalizado","dt_atualizacao":"2021-12-08Z","tx_data_referencia":"1º quadrimestre 2021","dc_complemento_endereco":null}},{"type":"Feature","id":"ponto_revitalizado.274","geometry":{"type":"Point","coordinates":[341464.6477,7391226.272]},"geometry_name":"ge_ponto","properties":{"cd_identificador_ponto_revitalizado":274,"nm_endereco":"Avenida Vila Ema, 2398","sg_subprefeitura":"VP","nm_subprefeitura":"Vila Prudente","cd_lote_servico":"3","tx_status_ponto_revitalizado":"Revitalizado","dt_atualizacao":"2021-12-08Z","tx_data_referencia":"1º quadrimestre 2021","dc_complemento_endereco":null}},{"type":"Feature","id":"ponto_revitalizado.275","geometry":{"type":"Point","coordinates":[330967.1803,7380436.0135]},"geometry_name":"ge_ponto","properties":{"cd_identificador_ponto_revitalizado":275,"nm_endereco":"Avenida Yervant Kissajikian, 2474","sg_subprefeitura":"AD","nm_subprefeitura":"Cidade Ademar","cd_lote_servico":"3","tx_status_ponto_revitalizado":"Revitalizado","dt_atualizacao":"2021-12-08Z","tx_data_referencia":"1º quadrimestre 2021","dc_complemento_endereco":null}},{"type":"Feature","id":"ponto_revitalizado.276","geometry":{"type":"Point","coordinates":[324375.6951,7383232.0081]},"geometry_name":"ge_ponto","properties":{"cd_identificador_ponto_revitalizado":276,"nm_endereco":"Baixo da Ponte Transamérica","sg_subprefeitura":"SA","nm_subprefeitura":"Santo Amaro","cd_lote_servico":"6","tx_status_ponto_revitalizado":"Revitalizado","dt_atualizacao":"2021-12-08Z","tx_data_referencia":"1º quadrimestre 2021","dc_complemento_endereco":null}},{"type":"Feature","id":"ponto_revitalizado.277","geometry":{"type":"Point","coordinates":[329527.9946,7372175.2243]},"geometry_name":"ge_ponto","properties":{"cd_identificador_ponto_revitalizado":277,"nm_endereco":"Estrada Canal de Cocaia, 2457","sg_subprefeitura":"CS","nm_subprefeitura":"Capela Do Socorro","cd_lote_servico":"6","tx_status_ponto_revitalizado":"Revitalizado","dt_atualizacao":"2021-12-08Z","tx_data_referencia":"1º quadrimestre 2021","dc_complemento_endereco":null}},{"type":"Feature","id":"ponto_revitalizado.278","geometry":{"type":"Point","coordinates":[319512.417,7376763.4955]},"geometry_name":"ge_ponto","properties":{"cd_identificador_ponto_revitalizado":278,"nm_endereco":"Estrada da Baronesa","sg_subprefeitura":"MB","nm_subprefeitura":"M'Boi Mirim","cd_lote_servico":"6","tx_status_ponto_revitalizado":"Revitalizado","dt_atualizacao":"2021-12-08Z","tx_data_referencia":"1º quadrimestre 2021","dc_complemento_endereco":null}},{"type":"Feature","id":"ponto_revitalizado.279","geometry":{"type":"Point","coordinates":[324496.5882,7363419.6391]},"geometry_name":"ge_ponto","properties":{"cd_identificador_ponto_revitalizado":279,"nm_endereco":"Estrada da Colônia & Rua José da Cunha","sg_subprefeitura":"PA","nm_subprefeitura":"Parelheiros","cd_lote_servico":"6","tx_status_ponto_revitalizado":"Revitalizado","dt_atualizacao":"2021-12-08Z","tx_data_referencia":"1º quadrimestre 2021","dc_complemento_endereco":null}},{"type":"Feature","id":"ponto_revitalizado.280","geometry":{"type":"Point","coordinates":[324065.9515,7363749.8967]},"geometry_name":"ge_ponto","properties":{"cd_identificador_ponto_revitalizado":280,"nm_endereco":"Estrada da Colonia & Rua Nacip Haydan","sg_subprefeitura":"PA","nm_subprefeitura":"Parelheiros","cd_lote_servico":"6","tx_status_ponto_revitalizado":"Revitalizado","dt_atualizacao":"2021-12-08Z","tx_data_referencia":"1º quadrimestre 2021","dc_complemento_endereco":null}},{"type":"Feature","id":"ponto_revitalizado.281","geometry":{"type":"Point","coordinates":[321511.2188,7380220.0336]},"geometry_name":"ge_ponto","properties":{"cd_identificador_ponto_revitalizado":281,"nm_endereco":"Estrada da Riviera, 331","sg_subprefeitura":"MB","nm_subprefeitura":"M'Boi Mirim","cd_lote_servico":"6","tx_status_ponto_revitalizado":"Revitalizado","dt_atualizacao":"2021-12-08Z","tx_data_referencia":"1º quadrimestre 2021","dc_complemento_endereco":null}},{"type":"Feature","id":"ponto_revitalizado.282","geometry":{"type":"Point","coordinates":[337140.2357,7388111.3435]},"geometry_name":"ge_ponto","properties":{"cd_identificador_ponto_revitalizado":282,"nm_endereco":"Estrada das Lágrimas & Rua Cônego Xavier","sg_subprefeitura":"IP","nm_subprefeitura":"Ipiranga","cd_lote_servico":"3","tx_status_ponto_revitalizado":"Revitalizado","dt_atualizacao":"2021-12-08Z","tx_data_referencia":"1º quadrimestre 2021","dc_complemento_endereco":null}},{"type":"Feature","id":"ponto_revitalizado.283","geometry":{"type":"Point","coordinates":[337444.8309,7387345.5715]},"geometry_name":"ge_ponto","properties":{"cd_identificador_ponto_revitalizado":283,"nm_endereco":"Estrada das Lágrimas & Rua Indaiaçu","sg_subprefeitura":"IP","nm_subprefeitura":"Ipiranga","cd_lote_servico":"3","tx_status_ponto_revitalizado":"Revitalizado","dt_atualizacao":"2021-12-08Z","tx_data_referencia":"1º quadrimestre 2021","dc_complemento_endereco":null}},{"type":"Feature","id":"ponto_revitalizado.284","geometry":{"type":"Point","coordinates":[337980.8241,7385891.9438]},"geometry_name":"ge_ponto","properties":{"cd_identificador_ponto_revitalizado":284,"nm_endereco":"Estrada das Lágrimas & Rua Pelegrino Varani","sg_subprefeitura":"IP","nm_subprefeitura":"Ipiranga","cd_lote_servico":"3","tx_status_ponto_revitalizado":"Revitalizado","dt_atualizacao":"2021-12-08Z","tx_data_referencia":"1º quadrimestre 2021","dc_complemento_endereco":null}},{"type":"Feature","id":"ponto_revitalizado.285","geometry":{"type":"Point","coordinates":[337373.2603,7387595.7366]},"geometry_name":"ge_ponto","properties":{"cd_identificador_ponto_revitalizado":285,"nm_endereco":"Estrada das Lágrimas, 1450","sg_subprefeitura":"IP","nm_subprefeitura":"Ipiranga","cd_lote_servico":"3","tx_status_ponto_revitalizado":"Eliminado","dt_atualizacao":"2021-12-08Z","tx_data_referencia":"1º quadrimestre 2021","dc_complemento_endereco":null}},{"type":"Feature","id":"ponto_revitalizado.286","geometry":{"type":"Point","coordinates":[319841.1023,7382379.2378]},"geometry_name":"ge_ponto","properties":{"cd_identificador_ponto_revitalizado":286,"nm_endereco":"Estrada de Itapecerica, 3916","sg_subprefeitura":"CL","nm_subprefeitura":"Campo Limpo","cd_lote_servico":"6","tx_status_ponto_revitalizado":"Revitalizado","dt_atualizacao":"2021-12-08Z","tx_data_referencia":"1º quadrimestre 2021","dc_complemento_endereco":null}},{"type":"Feature","id":"ponto_revitalizado.287","geometry":{"type":"Point","coordinates":[319473.5184,7382320.4104]},"geometry_name":"ge_ponto","properties":{"cd_identificador_ponto_revitalizado":287,"nm_endereco":"Estrada de Itapecerica, 4366","sg_subprefeitura":"CL","nm_subprefeitura":"Campo Limpo","cd_lote_servico":"6","tx_status_ponto_revitalizado":"Revitalizado","dt_atualizacao":"2021-12-08Z","tx_data_referencia":"1º quadrimestre 2021","dc_complemento_endereco":null}},{"type":"Feature","id":"ponto_revitalizado.288","geometry":{"type":"Point","coordinates":[323283.9792,7406852.9388]},"geometry_name":"ge_ponto","properties":{"cd_identificador_ponto_revitalizado":288,"nm_endereco":"Estrada de Taipas, 2420","sg_subprefeitura":"PJ","nm_subprefeitura":"Pirituba-Jaragua","cd_lote_servico":"5","tx_status_ponto_revitalizado":"Revitalizado","dt_atualizacao":"2021-12-08Z","tx_data_referencia":"1º quadrimestre 2021","dc_complemento_endereco":null}},{"type":"Feature","id":"ponto_revitalizado.289","geometry":{"type":"Point","coordinates":[323423.5015,7407003.9139]},"geometry_name":"ge_ponto","properties":{"cd_identificador_ponto_revitalizado":289,"nm_endereco":"Estrada de Taipas, 2634","sg_subprefeitura":"PJ","nm_subprefeitura":"Pirituba-Jaragua","cd_lote_servico":"5","tx_status_ponto_revitalizado":"Revitalizado","dt_atualizacao":"2021-12-08Z","tx_data_referencia":"1º quadrimestre 2021","dc_complemento_endereco":null}},{"type":"Feature","id":"ponto_revitalizado.290","geometry":{"type":"Point","coordinates":[323766.7818,7407609.1044]},"geometry_name":"ge_ponto","properties":{"cd_identificador_ponto_revitalizado":290,"nm_endereco":"Estrada de Taipas, 3527","sg_subprefeitura":"PJ","nm_subprefeitura":"Pirituba-Jaragua","cd_lote_servico":"5","tx_status_ponto_revitalizado":"Revitalizado","dt_atualizacao":"2021-12-08Z","tx_data_referencia":"1º quadrimestre 2021","dc_complemento_endereco":null}},{"type":"Feature","id":"ponto_revitalizado.291","geometry":{"type":"Point","coordinates":[333211.4957,7376649.7404]},"geometry_name":"ge_ponto","properties":{"cd_identificador_ponto_revitalizado":291,"nm_endereco":"Estrada do Alvarenga, 5013","sg_subprefeitura":"AD","nm_subprefeitura":"Cidade Ademar","cd_lote_servico":"3","tx_status_ponto_revitalizado":"Revitalizado","dt_atualizacao":"2021-12-08Z","tx_data_referencia":"1º quadrimestre 2021","dc_complemento_endereco":null}},{"type":"Feature","id":"ponto_revitalizado.292","geometry":{"type":"Point","coordinates":[323448.9177,7406044.4027]},"geometry_name":"ge_ponto","properties":{"cd_identificador_ponto_revitalizado":292,"nm_endereco":"Estrada do Corredor, 693","sg_subprefeitura":"PJ","nm_subprefeitura":"Pirituba-Jaragua","cd_lote_servico":"5","tx_status_ponto_revitalizado":"Revitalizado","dt_atualizacao":"2021-12-08Z","tx_data_referencia":"1º quadrimestre 2021","dc_complemento_endereco":null}},{"type":"Feature","id":"ponto_revitalizado.293","geometry":{"type":"Point","coordinates":[317672.4698,7373865.2949]},"geometry_name":"ge_ponto","properties":{"cd_identificador_ponto_revitalizado":293,"nm_endereco":"Estrada do M'Boi Mirim, 10530","sg_subprefeitura":"MB","nm_subprefeitura":"M'Boi Mirim","cd_lote_servico":"6","tx_status_ponto_revitalizado":"Revitalizado","dt_atualizacao":"2021-12-08Z","tx_data_referencia":"1º quadrimestre 2021","dc_complemento_endereco":null}},{"type":"Feature","id":"ponto_revitalizado.294","geometry":{"type":"Point","coordinates":[318790.9109,7378738.2784]},"geometry_name":"ge_ponto","properties":{"cd_identificador_ponto_revitalizado":294,"nm_endereco":"Estrada do M'Boi Mirim, 5500","sg_subprefeitura":"MB","nm_subprefeitura":"M'Boi Mirim","cd_lote_servico":"6","tx_status_ponto_revitalizado":"Revitalizado","dt_atualizacao":"2021-12-08Z","tx_data_referencia":"1º quadrimestre 2021","dc_complemento_endereco":null}},{"type":"Feature","id":"ponto_revitalizado.295","geometry":{"type":"Point","coordinates":[326556.1371,7403282.1561]},"geometry_name":"ge_ponto","properties":{"cd_identificador_ponto_revitalizado":295,"nm_endereco":"Estrada do Sabão & Rua Domingos Francisco Lisboa","sg_subprefeitura":"FB","nm_subprefeitura":"Freguesia Do Ó","cd_lote_servico":"4","tx_status_ponto_revitalizado":"Revitalizado","dt_atualizacao":"2021-12-08Z","tx_data_referencia":"1º quadrimestre 2021","dc_complemento_endereco":null}},{"type":"Feature","id":"ponto_revitalizado.296","geometry":{"type":"Point","coordinates":[322431.703,7364395.4688]},"geometry_name":"ge_ponto","properties":{"cd_identificador_ponto_revitalizado":296,"nm_endereco":"Estrada do Sítio do Um","sg_subprefeitura":"PA","nm_subprefeitura":"Parelheiros","cd_lote_servico":"6","tx_status_ponto_revitalizado":"Revitalizado","dt_atualizacao":"2021-12-08Z","tx_data_referencia":"1º quadrimestre 2021","dc_complemento_endereco":null}},{"type":"Feature","id":"ponto_revitalizado.297","geometry":{"type":"Point","coordinates":[320279.4531,7379608.8537]},"geometry_name":"ge_ponto","properties":{"cd_identificador_ponto_revitalizado":297,"nm_endereco":"Estrada Guavirituba, 890","sg_subprefeitura":"MB","nm_subprefeitura":"M'Boi Mirim","cd_lote_servico":"6","tx_status_ponto_revitalizado":"Revitalizado","dt_atualizacao":"2021-12-08Z","tx_data_referencia":"1º quadrimestre 2021","dc_complemento_endereco":null}},{"type":"Feature","id":"ponto_revitalizado.298","geometry":{"type":"Point","coordinates":[354109.765,7396569.7504]},"geometry_name":"ge_ponto","properties":{"cd_identificador_ponto_revitalizado":298,"nm_endereco":"Estrada Itaquera Guaianases","sg_subprefeitura":"IQ","nm_subprefeitura":"Itaquera","cd_lote_servico":"1","tx_status_ponto_revitalizado":"Eliminado","dt_atualizacao":"2021-12-08Z","tx_data_referencia":"1º quadrimestre 2021","dc_complemento_endereco":null}},{"type":"Feature","id":"ponto_revitalizado.299","geometry":{"type":"Point","coordinates":[329574.1957,7379652.103]},"geometry_name":"ge_ponto","properties":{"cd_identificador_ponto_revitalizado":299,"nm_endereco":"Estrada Servidão","sg_subprefeitura":"SA","nm_subprefeitura":"Santo Amaro","cd_lote_servico":"6","tx_status_ponto_revitalizado":"Revitalizado","dt_atualizacao":"2021-12-08Z","tx_data_referencia":"1º quadrimestre 2021","dc_complemento_endereco":null}},{"type":"Feature","id":"ponto_revitalizado.300","geometry":{"type":"Point","coordinates":[325989.6019,7382513.1791]},"geometry_name":"ge_ponto","properties":{"cd_identificador_ponto_revitalizado":300,"nm_endereco":"Largo Boneville","sg_subprefeitura":"SA","nm_subprefeitura":"Santo Amaro","cd_lote_servico":"6","tx_status_ponto_revitalizado":"Revitalizado","dt_atualizacao":"2021-12-08Z","tx_data_referencia":"1º quadrimestre 2021","dc_complemento_endereco":null}},{"type":"Feature","id":"ponto_revitalizado.301","geometry":{"type":"Point","coordinates":[346049.6386,7392675.2456]},"geometry_name":"ge_ponto","properties":{"cd_identificador_ponto_revitalizado":301,"nm_endereco":"Praça Aguim","sg_subprefeitura":"AF","nm_subprefeitura":"Aricanduva","cd_lote_servico":"3","tx_status_ponto_revitalizado":"Revitalizado","dt_atualizacao":"2021-12-08Z","tx_data_referencia":"1º quadrimestre 2021","dc_complemento_endereco":null}},{"type":"Feature","id":"ponto_revitalizado.302","geometry":{"type":"Point","coordinates":[328484.3529,7381266.4219]},"geometry_name":"ge_ponto","properties":{"cd_identificador_ponto_revitalizado":302,"nm_endereco":"Praça Alexander Aksakof","sg_subprefeitura":"SA","nm_subprefeitura":"Santo Amaro","cd_lote_servico":"6","tx_status_ponto_revitalizado":"Revitalizado","dt_atualizacao":"2021-12-08Z","tx_data_referencia":"1º quadrimestre 2021","dc_complemento_endereco":null}},{"type":"Feature","id":"ponto_revitalizado.303","geometry":{"type":"Point","coordinates":[336430.5481,7394365.957]},"geometry_name":"ge_ponto","properties":{"cd_identificador_ponto_revitalizado":303,"nm_endereco":"Praça Amo Mooca","sg_subprefeitura":"MO","nm_subprefeitura":"Mooca","cd_lote_servico":"2","tx_status_ponto_revitalizado":"Revitalizado","dt_atualizacao":"2021-12-08Z","tx_data_referencia":"1º quadrimestre 2021","dc_complemento_endereco":null}},{"type":"Feature","id":"ponto_revitalizado.304","geometry":{"type":"Point","coordinates":[342528.8718,7395929.9498]},"geometry_name":"ge_ponto","properties":{"cd_identificador_ponto_revitalizado":304,"nm_endereco":"Praça Assadour Kassabian & Rua Julio Colaço","sg_subprefeitura":"PE","nm_subprefeitura":"Penha","cd_lote_servico":"4","tx_status_ponto_revitalizado":"Revitalizado","dt_atualizacao":"2021-12-08Z","tx_data_referencia":"1º quadrimestre 2021","dc_complemento_endereco":null}},{"type":"Feature","id":"ponto_revitalizado.305","geometry":{"type":"Point","coordinates":[345056.0504,7395250.3509]},"geometry_name":"ge_ponto","properties":{"cd_identificador_ponto_revitalizado":305,"nm_endereco":"Praça Bauxita & Rua Belchior de Godoi","sg_subprefeitura":"PE","nm_subprefeitura":"Penha","cd_lote_servico":"4","tx_status_ponto_revitalizado":"Revitalizado","dt_atualizacao":"2021-12-08Z","tx_data_referencia":"1º quadrimestre 2021","dc_complemento_endereco":null}},{"type":"Feature","id":"ponto_revitalizado.306","geometry":{"type":"Point","coordinates":[344107.93,7398522.7051]},"geometry_name":"ge_ponto","properties":{"cd_identificador_ponto_revitalizado":306,"nm_endereco":"Praça Caciporé","sg_subprefeitura":"PE","nm_subprefeitura":"Penha","cd_lote_servico":"4","tx_status_ponto_revitalizado":"Revitalizado","dt_atualizacao":"2021-12-08Z","tx_data_referencia":"1º quadrimestre 2021","dc_complemento_endereco":null}},{"type":"Feature","id":"ponto_revitalizado.307","geometry":{"type":"Point","coordinates":[327029.8535,7396581.2807]},"geometry_name":"ge_ponto","properties":{"cd_identificador_ponto_revitalizado":307,"nm_endereco":"Praça Diogo do Amaral","sg_subprefeitura":"LA","nm_subprefeitura":"Lapa","cd_lote_servico":"5","tx_status_ponto_revitalizado":"Revitalizado","dt_atualizacao":"2021-12-08Z","tx_data_referencia":"1º quadrimestre 2021","dc_complemento_endereco":null}},{"type":"Feature","id":"ponto_revitalizado.308","geometry":{"type":"Point","coordinates":[338607.0397,7399328.7817]},"geometry_name":"ge_ponto","properties":{"cd_identificador_ponto_revitalizado":308,"nm_endereco":"Praça Eduardo Rabelo","sg_subprefeitura":"MG","nm_subprefeitura":"Vila Maria-Vila Guilherme","cd_lote_servico":"4","tx_status_ponto_revitalizado":"Revitalizado","dt_atualizacao":"2021-12-08Z","tx_data_referencia":"1º quadrimestre 2021","dc_complemento_endereco":null}},{"type":"Feature","id":"ponto_revitalizado.309","geometry":{"type":"Point","coordinates":[339514.0384,7402330.0554]},"geometry_name":"ge_ponto","properties":{"cd_identificador_ponto_revitalizado":309,"nm_endereco":"Praça Erotides de Campos","sg_subprefeitura":"MG","nm_subprefeitura":"Vila Maria-Vila Guilherme","cd_lote_servico":"4","tx_status_ponto_revitalizado":"Revitalizado","dt_atualizacao":"2021-12-08Z","tx_data_referencia":"1º quadrimestre 2021","dc_complemento_endereco":null}},{"type":"Feature","id":"ponto_revitalizado.310","geometry":{"type":"Point","coordinates":[336051.0341,7395424.0344]},"geometry_name":"ge_ponto","properties":{"cd_identificador_ponto_revitalizado":310,"nm_endereco":"Praça Giuseppe Cesari, 134","sg_subprefeitura":"MO","nm_subprefeitura":"Mooca","cd_lote_servico":"2","tx_status_ponto_revitalizado":"Revitalizado","dt_atualizacao":"2021-12-08Z","tx_data_referencia":"1º quadrimestre 2021","dc_complemento_endereco":null}},{"type":"Feature","id":"ponto_revitalizado.311","geometry":{"type":"Point","coordinates":[330752.6663,7381058.1824]},"geometry_name":"ge_ponto","properties":{"cd_identificador_ponto_revitalizado":311,"nm_endereco":"Praça Joaquim Honorato de Camargo, 61","sg_subprefeitura":"AD","nm_subprefeitura":"Cidade Ademar","cd_lote_servico":"3","tx_status_ponto_revitalizado":"Revitalizado","dt_atualizacao":"2021-12-08Z","tx_data_referencia":"1º quadrimestre 2021","dc_complemento_endereco":null}},{"type":"Feature","id":"ponto_revitalizado.312","geometry":{"type":"Point","coordinates":[333631.839,7392161.4335]},"geometry_name":"ge_ponto","properties":{"cd_identificador_ponto_revitalizado":312,"nm_endereco":"Praça Jorge Cury & Rua Alabastro","sg_subprefeitura":"SE","nm_subprefeitura":"Sé","cd_lote_servico":"2","tx_status_ponto_revitalizado":"Revitalizado","dt_atualizacao":"2021-12-08Z","tx_data_referencia":"1º quadrimestre 2021","dc_complemento_endereco":null}},{"type":"Feature","id":"ponto_revitalizado.313","geometry":{"type":"Point","coordinates":[347018.3625,7395548.9638]},"geometry_name":"ge_ponto","properties":{"cd_identificador_ponto_revitalizado":313,"nm_endereco":"Praça Leonardo de Barros Carvalho & Avenida Sousa Bandeira","sg_subprefeitura":"PE","nm_subprefeitura":"Penha","cd_lote_servico":"4","tx_status_ponto_revitalizado":"Revitalizado","dt_atualizacao":"2021-12-08Z","tx_data_referencia":"1º quadrimestre 2021","dc_complemento_endereco":null}},{"type":"Feature","id":"ponto_revitalizado.314","geometry":{"type":"Point","coordinates":[338064.7383,7400464.2968]},"geometry_name":"ge_ponto","properties":{"cd_identificador_ponto_revitalizado":314,"nm_endereco":"Praça Marcelino Machado","sg_subprefeitura":"MG","nm_subprefeitura":"Vila Maria-Vila Guilherme","cd_lote_servico":"4","tx_status_ponto_revitalizado":"Eliminado","dt_atualizacao":"2021-12-08Z","tx_data_referencia":"1º quadrimestre 2021","dc_complemento_endereco":null}},{"type":"Feature","id":"ponto_revitalizado.315","geometry":{"type":"Point","coordinates":[325679.6532,7384107.2718]},"geometry_name":"ge_ponto","properties":{"cd_identificador_ponto_revitalizado":315,"nm_endereco":"Praça Marcos Manzini","sg_subprefeitura":"SA","nm_subprefeitura":"Santo Amaro","cd_lote_servico":"6","tx_status_ponto_revitalizado":"Revitalizado","dt_atualizacao":"2021-12-08Z","tx_data_referencia":"1º quadrimestre 2021","dc_complemento_endereco":null}},{"type":"Feature","id":"ponto_revitalizado.316","geometry":{"type":"Point","coordinates":[331240.5958,7396248.1954]},"geometry_name":"ge_ponto","properties":{"cd_identificador_ponto_revitalizado":316,"nm_endereco":"Praça Marechal Deodoro & Avenida São João","sg_subprefeitura":"SE","nm_subprefeitura":"Sé","cd_lote_servico":"2","tx_status_ponto_revitalizado":"Revitalizado","dt_atualizacao":"2021-12-08Z","tx_data_referencia":"1º quadrimestre 2021","dc_complemento_endereco":null}},{"type":"Feature","id":"ponto_revitalizado.317","geometry":{"type":"Point","coordinates":[339632.7364,7391120.7817]},"geometry_name":"ge_ponto","properties":{"cd_identificador_ponto_revitalizado":317,"nm_endereco":"Praça Maria da Penha Nascimento Silva","sg_subprefeitura":"VP","nm_subprefeitura":"Vila Prudente","cd_lote_servico":"3","tx_status_ponto_revitalizado":"Eliminado","dt_atualizacao":"2021-12-08Z","tx_data_referencia":"1º quadrimestre 2021","dc_complemento_endereco":null}},{"type":"Feature","id":"ponto_revitalizado.318","geometry":{"type":"Point","coordinates":[342942.8994,7392460.2428]},"geometry_name":"ge_ponto","properties":{"cd_identificador_ponto_revitalizado":318,"nm_endereco":"Praça Naviraí","sg_subprefeitura":"AF","nm_subprefeitura":"Aricanduva","cd_lote_servico":"3","tx_status_ponto_revitalizado":"Revitalizado","dt_atualizacao":"2021-12-08Z","tx_data_referencia":"1º quadrimestre 2021","dc_complemento_endereco":null}},{"type":"Feature","id":"ponto_revitalizado.319","geometry":{"type":"Point","coordinates":[344352.1827,7391066.9422]},"geometry_name":"ge_ponto","properties":{"cd_identificador_ponto_revitalizado":319,"nm_endereco":"Praça O Bom Samaritano","sg_subprefeitura":"AF","nm_subprefeitura":"Aricanduva","cd_lote_servico":"3","tx_status_ponto_revitalizado":"Revitalizado","dt_atualizacao":"2021-12-08Z","tx_data_referencia":"1º quadrimestre 2021","dc_complemento_endereco":null}},{"type":"Feature","id":"ponto_revitalizado.320","geometry":{"type":"Point","coordinates":[331302.5778,7396425.6722]},"geometry_name":"ge_ponto","properties":{"cd_identificador_ponto_revitalizado":320,"nm_endereco":"Praça Olavo Bilac","sg_subprefeitura":"SE","nm_subprefeitura":"Sé","cd_lote_servico":"2","tx_status_ponto_revitalizado":"Eliminado","dt_atualizacao":"2021-12-08Z","tx_data_referencia":"1º quadrimestre 2021","dc_complemento_endereco":null}},{"type":"Feature","id":"ponto_revitalizado.321","geometry":{"type":"Point","coordinates":[338524.339,7400458.0666]},"geometry_name":"ge_ponto","properties":{"cd_identificador_ponto_revitalizado":321,"nm_endereco":"Praça Presidente Jânio da Silva Quadros & Rua Maria José Barroso","sg_subprefeitura":"MG","nm_subprefeitura":"Vila Maria-Vila Guilherme","cd_lote_servico":"4","tx_status_ponto_revitalizado":"Eliminado","dt_atualizacao":"2021-12-08Z","tx_data_referencia":"1º quadrimestre 2021","dc_complemento_endereco":null}},{"type":"Feature","id":"ponto_revitalizado.322","geometry":{"type":"Point","coordinates":[338814.9054,7400162.7937]},"geometry_name":"ge_ponto","properties":{"cd_identificador_ponto_revitalizado":322,"nm_endereco":"Praça Presidente Jânio da Silva Quadros, 340","sg_subprefeitura":"MG","nm_subprefeitura":"Vila Maria-Vila Guilherme","cd_lote_servico":"4","tx_status_ponto_revitalizado":"Revitalizado","dt_atualizacao":"2021-12-08Z","tx_data_referencia":"1º quadrimestre 2021","dc_complemento_endereco":null}},{"type":"Feature","id":"ponto_revitalizado.323","geometry":{"type":"Point","coordinates":[338382.1986,7400130.0126]},"geometry_name":"ge_ponto","properties":{"cd_identificador_ponto_revitalizado":323,"nm_endereco":"Praça Presidente Jânio da Silva Quadros, 37","sg_subprefeitura":"MG","nm_subprefeitura":"Vila Maria-Vila Guilherme","cd_lote_servico":"4","tx_status_ponto_revitalizado":"Eliminado","dt_atualizacao":"2021-12-08Z","tx_data_referencia":"1º quadrimestre 2021","dc_complemento_endereco":null}},{"type":"Feature","id":"ponto_revitalizado.324","geometry":{"type":"Point","coordinates":[338487.2932,7400223.3136]},"geometry_name":"ge_ponto","properties":{"cd_identificador_ponto_revitalizado":324,"nm_endereco":"Praça Presidente Jânio da Silva Quadros, 465","sg_subprefeitura":"MG","nm_subprefeitura":"Vila Maria-Vila Guilherme","cd_lote_servico":"4","tx_status_ponto_revitalizado":"Revitalizado","dt_atualizacao":"2021-12-08Z","tx_data_referencia":"1º quadrimestre 2021","dc_complemento_endereco":null}},{"type":"Feature","id":"ponto_revitalizado.325","geometry":{"type":"Point","coordinates":[340372.7386,7388435.5663]},"geometry_name":"ge_ponto","properties":{"cd_identificador_ponto_revitalizado":325,"nm_endereco":"Praça Professor Mário Bulcão & Rua Marquês de Santo Amaro","sg_subprefeitura":"VP","nm_subprefeitura":"Vila Prudente","cd_lote_servico":"3","tx_status_ponto_revitalizado":"Eliminado","dt_atualizacao":"2021-12-08Z","tx_data_referencia":"1º quadrimestre 2021","dc_complemento_endereco":null}},{"type":"Feature","id":"ponto_revitalizado.326","geometry":{"type":"Point","coordinates":[331954.7512,7394792.9145]},"geometry_name":"ge_ponto","properties":{"cd_identificador_ponto_revitalizado":326,"nm_endereco":"Praça Roosevelt","sg_subprefeitura":"SE","nm_subprefeitura":"Sé","cd_lote_servico":"2","tx_status_ponto_revitalizado":"Eliminado","dt_atualizacao":"2021-12-08Z","tx_data_referencia":"1º quadrimestre 2021","dc_complemento_endereco":null}},{"type":"Feature","id":"ponto_revitalizado.327","geometry":{"type":"Point","coordinates":[325904.8295,7396981.6259]},"geometry_name":"ge_ponto","properties":{"cd_identificador_ponto_revitalizado":327,"nm_endereco":"Praça São Crispim","sg_subprefeitura":"LA","nm_subprefeitura":"Lapa","cd_lote_servico":"5","tx_status_ponto_revitalizado":"Revitalizado","dt_atualizacao":"2021-12-08Z","tx_data_referencia":"1º quadrimestre 2021","dc_complemento_endereco":null}},{"type":"Feature","id":"ponto_revitalizado.328","geometry":{"type":"Point","coordinates":[318638.3558,7391642.8343]},"geometry_name":"ge_ponto","properties":{"cd_identificador_ponto_revitalizado":328,"nm_endereco":"Praça Tomás Coelho de Almeida, 1049","sg_subprefeitura":"BT","nm_subprefeitura":"Butantã","cd_lote_servico":"5","tx_status_ponto_revitalizado":"Revitalizado","dt_atualizacao":"2021-12-08Z","tx_data_referencia":"1º quadrimestre 2021","dc_complemento_endereco":null}},{"type":"Feature","id":"ponto_revitalizado.329","geometry":{"type":"Point","coordinates":[332476.009,7380048.8826]},"geometry_name":"ge_ponto","properties":{"cd_identificador_ponto_revitalizado":329,"nm_endereco":"Praça Tito Pachêco","sg_subprefeitura":"AD","nm_subprefeitura":"Cidade Ademar","cd_lote_servico":"3","tx_status_ponto_revitalizado":"Revitalizado","dt_atualizacao":"2021-12-08Z","tx_data_referencia":"1º quadrimestre 2021","dc_complemento_endereco":null}},{"type":"Feature","id":"ponto_revitalizado.330","geometry":{"type":"Point","coordinates":[328015.1895,7382207.8587]},"geometry_name":"ge_ponto","properties":{"cd_identificador_ponto_revitalizado":330,"nm_endereco":"Praça Tuney Arantes","sg_subprefeitura":"SA","nm_subprefeitura":"Santo Amaro","cd_lote_servico":"6","tx_status_ponto_revitalizado":"Revitalizado","dt_atualizacao":"2021-12-08Z","tx_data_referencia":"1º quadrimestre 2021","dc_complemento_endereco":null}},{"type":"Feature","id":"ponto_revitalizado.331","geometry":{"type":"Point","coordinates":[336189.7137,7394382.5333]},"geometry_name":"ge_ponto","properties":{"cd_identificador_ponto_revitalizado":331,"nm_endereco":"Praça Wilson Olivetto & Rua Barra do Turvo","sg_subprefeitura":"MO","nm_subprefeitura":"Mooca","cd_lote_servico":"2","tx_status_ponto_revitalizado":"Revitalizado","dt_atualizacao":"2021-12-08Z","tx_data_referencia":"1º quadrimestre 2021","dc_complemento_endereco":null}},{"type":"Feature","id":"ponto_revitalizado.332","geometry":{"type":"Point","coordinates":[339133.9111,7400262.758]},"geometry_name":"ge_ponto","properties":{"cd_identificador_ponto_revitalizado":332,"nm_endereco":"Praça Yedo","sg_subprefeitura":"MG","nm_subprefeitura":"Vila Maria-Vila Guilherme","cd_lote_servico":"4","tx_status_ponto_revitalizado":"Revitalizado","dt_atualizacao":"2021-12-08Z","tx_data_referencia":"1º quadrimestre 2021","dc_complemento_endereco":null}},{"type":"Feature","id":"ponto_revitalizado.333","geometry":{"type":"Point","coordinates":[348438.6363,7388555.7817]},"geometry_name":"ge_ponto","properties":{"cd_identificador_ponto_revitalizado":333,"nm_endereco":"Rua João Lafinur (Parque Linear Zilda Arns)","sg_subprefeitura":"SM","nm_subprefeitura":"São Mateus","cd_lote_servico":"1","tx_status_ponto_revitalizado":"Revitalizado","dt_atualizacao":"2021-12-08Z","tx_data_referencia":"1º quadrimestre 2021","dc_complemento_endereco":null}},{"type":"Feature","id":"ponto_revitalizado.334","geometry":{"type":"Point","coordinates":[338291.3961,7392003.2975]},"geometry_name":"ge_ponto","properties":{"cd_identificador_ponto_revitalizado":334,"nm_endereco":"Rua Gabriel Galvanesi Amato & Rua Pedro Nascimento Ferrador","sg_subprefeitura":"VP","nm_subprefeitura":"Vila Prudente","cd_lote_servico":"3","tx_status_ponto_revitalizado":"Revitalizado","dt_atualizacao":"2021-12-08Z","tx_data_referencia":"1º quadrimestre 2021","dc_complemento_endereco":null}},{"type":"Feature","id":"ponto_revitalizado.335","geometry":{"type":"Point","coordinates":[332028.0784,7384313.2116]},"geometry_name":"ge_ponto","properties":{"cd_identificador_ponto_revitalizado":335,"nm_endereco":"Rua Jandiroba, 82","sg_subprefeitura":"JA","nm_subprefeitura":"Jabaquara","cd_lote_servico":"3","tx_status_ponto_revitalizado":"Revitalizado","dt_atualizacao":"2021-12-08Z","tx_data_referencia":"1º quadrimestre 2021","dc_complemento_endereco":null}},{"type":"Feature","id":"ponto_revitalizado.336","geometry":{"type":"Point","coordinates":[331667.2294,7388942.3562]},"geometry_name":"ge_ponto","properties":{"cd_identificador_ponto_revitalizado":336,"nm_endereco":"Rua Onze de Junho, 1337","sg_subprefeitura":"VM","nm_subprefeitura":"Vila Mariana","cd_lote_servico":"3","tx_status_ponto_revitalizado":"Revitalizado","dt_atualizacao":"2021-12-08Z","tx_data_referencia":"1º quadrimestre 2021","dc_complemento_endereco":null}},{"type":"Feature","id":"ponto_revitalizado.337","geometry":{"type":"Point","coordinates":[356958.7178,7390440.2162]},"geometry_name":"ge_ponto","properties":{"cd_identificador_ponto_revitalizado":337,"nm_endereco":"Rua Eduardo Sanchez & Rua Santa Flávia Domitila","sg_subprefeitura":"CT","nm_subprefeitura":"Cidade Tiradentes","cd_lote_servico":"1","tx_status_ponto_revitalizado":"Revitalizado","dt_atualizacao":"2021-12-08Z","tx_data_referencia":"1º quadrimestre 2021","dc_complemento_endereco":null}},{"type":"Feature","id":"ponto_revitalizado.338","geometry":{"type":"Point","coordinates":[332619.2381,7395293.9344]},"geometry_name":"ge_ponto","properties":{"cd_identificador_ponto_revitalizado":338,"nm_endereco":"Rua Vinte e Quatro de Maio, 118","sg_subprefeitura":"SE","nm_subprefeitura":"Sé","cd_lote_servico":"2","tx_status_ponto_revitalizado":"Revitalizado","dt_atualizacao":"2021-12-08Z","tx_data_referencia":"1º quadrimestre 2021","dc_complemento_endereco":null}},{"type":"Feature","id":"ponto_revitalizado.339","geometry":{"type":"Point","coordinates":[345088.3474,7396250.7325]},"geometry_name":"ge_ponto","properties":{"cd_identificador_ponto_revitalizado":339,"nm_endereco":"Rua Abadiânia & Rua Arcoverde (Viela do Posto)","sg_subprefeitura":"PE","nm_subprefeitura":"Penha","cd_lote_servico":"4","tx_status_ponto_revitalizado":"Revitalizado","dt_atualizacao":"2021-12-08Z","tx_data_referencia":"1º quadrimestre 2021","dc_complemento_endereco":null}},{"type":"Feature","id":"ponto_revitalizado.340","geometry":{"type":"Point","coordinates":[318238.1437,7383615.3607]},"geometry_name":"ge_ponto","properties":{"cd_identificador_ponto_revitalizado":340,"nm_endereco":"Rua Abilheira, 534","sg_subprefeitura":"CL","nm_subprefeitura":"Campo Limpo","cd_lote_servico":"6","tx_status_ponto_revitalizado":"Revitalizado","dt_atualizacao":"2021-12-08Z","tx_data_referencia":"1º quadrimestre 2021","dc_complemento_endereco":null}},{"type":"Feature","id":"ponto_revitalizado.341","geometry":{"type":"Point","coordinates":[325012.9118,7374493.3415]},"geometry_name":"ge_ponto","properties":{"cd_identificador_ponto_revitalizado":341,"nm_endereco":"Rua Acaccio Fontoura, 53","sg_subprefeitura":"CS","nm_subprefeitura":"Capela Do Socorro","cd_lote_servico":"6","tx_status_ponto_revitalizado":"Revitalizado","dt_atualizacao":"2021-12-08Z","tx_data_referencia":"1º quadrimestre 2021","dc_complemento_endereco":null}},{"type":"Feature","id":"ponto_revitalizado.342","geometry":{"type":"Point","coordinates":[325612.907,7373897.9226]},"geometry_name":"ge_ponto","properties":{"cd_identificador_ponto_revitalizado":342,"nm_endereco":"Rua Acaccio Fontoura, 940","sg_subprefeitura":"CS","nm_subprefeitura":"Capela Do Socorro","cd_lote_servico":"6","tx_status_ponto_revitalizado":"Revitalizado","dt_atualizacao":"2021-12-08Z","tx_data_referencia":"1º quadrimestre 2021","dc_complemento_endereco":null}},{"type":"Feature","id":"ponto_revitalizado.343","geometry":{"type":"Point","coordinates":[325101.1547,7383645.3411]},"geometry_name":"ge_ponto","properties":{"cd_identificador_ponto_revitalizado":343,"nm_endereco":"Rua Ada Negri","sg_subprefeitura":"SA","nm_subprefeitura":"Santo Amaro","cd_lote_servico":"6","tx_status_ponto_revitalizado":"Revitalizado","dt_atualizacao":"2021-12-08Z","tx_data_referencia":"1º quadrimestre 2021","dc_complemento_endereco":null}},{"type":"Feature","id":"ponto_revitalizado.344","geometry":{"type":"Point","coordinates":[326783.8322,7381048.9051]},"geometry_name":"ge_ponto","properties":{"cd_identificador_ponto_revitalizado":344,"nm_endereco":"Rua Adão Norberto de Andrade","sg_subprefeitura":"SA","nm_subprefeitura":"Santo Amaro","cd_lote_servico":"6","tx_status_ponto_revitalizado":"Revitalizado","dt_atualizacao":"2021-12-08Z","tx_data_referencia":"1º quadrimestre 2021","dc_complemento_endereco":null}},{"type":"Feature","id":"ponto_revitalizado.345","geometry":{"type":"Point","coordinates":[337438.1624,7401325.4222]},"geometry_name":"ge_ponto","properties":{"cd_identificador_ponto_revitalizado":345,"nm_endereco":"Rua Adelaide Boschetti & Travessa Lindolfo Amorim","sg_subprefeitura":"MG","nm_subprefeitura":"Vila Maria-Vila Guilherme","cd_lote_servico":"4","tx_status_ponto_revitalizado":"Revitalizado","dt_atualizacao":"2021-12-08Z","tx_data_referencia":"1º quadrimestre 2021","dc_complemento_endereco":null}},{"type":"Feature","id":"ponto_revitalizado.346","geometry":{"type":"Point","coordinates":[330878.8488,7382471.7853]},"geometry_name":"ge_ponto","properties":{"cd_identificador_ponto_revitalizado":346,"nm_endereco":"Rua Adelino da Fontoura, 219","sg_subprefeitura":"JA","nm_subprefeitura":"Jabaquara","cd_lote_servico":"3","tx_status_ponto_revitalizado":"Revitalizado","dt_atualizacao":"2021-12-08Z","tx_data_referencia":"1º quadrimestre 2021","dc_complemento_endereco":null}},{"type":"Feature","id":"ponto_revitalizado.347","geometry":{"type":"Point","coordinates":[324724.8435,7384647.6152]},"geometry_name":"ge_ponto","properties":{"cd_identificador_ponto_revitalizado":347,"nm_endereco":"Rua Aderaldo de Morais","sg_subprefeitura":"SA","nm_subprefeitura":"Santo Amaro","cd_lote_servico":"6","tx_status_ponto_revitalizado":"Revitalizado","dt_atualizacao":"2021-12-08Z","tx_data_referencia":"1º quadrimestre 2021","dc_complemento_endereco":null}},{"type":"Feature","id":"ponto_revitalizado.348","geometry":{"type":"Point","coordinates":[336913.7382,7396588.0246]},"geometry_name":"ge_ponto","properties":{"cd_identificador_ponto_revitalizado":348,"nm_endereco":"Rua Adilson Farias Claro, 126","sg_subprefeitura":"MO","nm_subprefeitura":"Mooca","cd_lote_servico":"2","tx_status_ponto_revitalizado":"Eliminado","dt_atualizacao":"2021-12-08Z","tx_data_referencia":"1º quadrimestre 2021","dc_complemento_endereco":null}},{"type":"Feature","id":"ponto_revitalizado.349","geometry":{"type":"Point","coordinates":[334195.3994,7396770.4772]},"geometry_name":"ge_ponto","properties":{"cd_identificador_ponto_revitalizado":349,"nm_endereco":"Rua Afonso Arinos, 160","sg_subprefeitura":"MO","nm_subprefeitura":"Mooca","cd_lote_servico":"2","tx_status_ponto_revitalizado":"Revitalizado","dt_atualizacao":"2021-12-08Z","tx_data_referencia":"1º quadrimestre 2021","dc_complemento_endereco":null}},{"type":"Feature","id":"ponto_revitalizado.350","geometry":{"type":"Point","coordinates":[331583.3416,7389047.7128]},"geometry_name":"ge_ponto","properties":{"cd_identificador_ponto_revitalizado":350,"nm_endereco":"Rua Doutor Afonso Baccari, 260","sg_subprefeitura":"VM","nm_subprefeitura":"Vila Mariana","cd_lote_servico":"3","tx_status_ponto_revitalizado":"Revitalizado","dt_atualizacao":"2021-12-08Z","tx_data_referencia":"1º quadrimestre 2021","dc_complemento_endereco":null}},{"type":"Feature","id":"ponto_revitalizado.351","geometry":{"type":"Point","coordinates":[330293.0204,7404286.0372]},"geometry_name":"ge_ponto","properties":{"cd_identificador_ponto_revitalizado":351,"nm_endereco":"Rua Koshun Takara","sg_subprefeitura":"CV","nm_subprefeitura":"Casa Verde","cd_lote_servico":"4","tx_status_ponto_revitalizado":"Revitalizado","dt_atualizacao":"2021-12-08Z","tx_data_referencia":"1º quadrimestre 2021","dc_complemento_endereco":null}},{"type":"Feature","id":"ponto_revitalizado.352","geometry":{"type":"Point","coordinates":[318588.6918,7378423.8467]},"geometry_name":"ge_ponto","properties":{"cd_identificador_ponto_revitalizado":352,"nm_endereco":"Rua Agamenon Pereira da Silva, 80","sg_subprefeitura":"MB","nm_subprefeitura":"M'Boi Mirim","cd_lote_servico":"6","tx_status_ponto_revitalizado":"Revitalizado","dt_atualizacao":"2021-12-08Z","tx_data_referencia":"1º quadrimestre 2021","dc_complemento_endereco":null}},{"type":"Feature","id":"ponto_revitalizado.353","geometry":{"type":"Point","coordinates":[318232.3837,7379992.2331]},"geometry_name":"ge_ponto","properties":{"cd_identificador_ponto_revitalizado":353,"nm_endereco":"Rua Agnus Dei, 33","sg_subprefeitura":"CL","nm_subprefeitura":"Campo Limpo","cd_lote_servico":"6","tx_status_ponto_revitalizado":"Revitalizado","dt_atualizacao":"2021-12-08Z","tx_data_referencia":"1º quadrimestre 2021","dc_complemento_endereco":null}},{"type":"Feature","id":"ponto_revitalizado.354","geometry":{"type":"Point","coordinates":[317570.9735,7383115.2311]},"geometry_name":"ge_ponto","properties":{"cd_identificador_ponto_revitalizado":354,"nm_endereco":"Rua Agostinho de Paiva, 528","sg_subprefeitura":"CL","nm_subprefeitura":"Campo Limpo","cd_lote_servico":"6","tx_status_ponto_revitalizado":"Revitalizado","dt_atualizacao":"2021-12-08Z","tx_data_referencia":"1º quadrimestre 2021","dc_complemento_endereco":null}},{"type":"Feature","id":"ponto_revitalizado.355","geometry":{"type":"Point","coordinates":[317197.703,7382858.0094]},"geometry_name":"ge_ponto","properties":{"cd_identificador_ponto_revitalizado":355,"nm_endereco":"Rua Agostinho de Paiva, 687","sg_subprefeitura":"CL","nm_subprefeitura":"Campo Limpo","cd_lote_servico":"6","tx_status_ponto_revitalizado":"Revitalizado","dt_atualizacao":"2021-12-08Z","tx_data_referencia":"1º quadrimestre 2021","dc_complemento_endereco":null}},{"type":"Feature","id":"ponto_revitalizado.356","geometry":{"type":"Point","coordinates":[331623.7631,7389127.0361]},"geometry_name":"ge_ponto","properties":{"cd_identificador_ponto_revitalizado":356,"nm_endereco":"Rua Agostinho Rodrigues Filho, 567","sg_subprefeitura":"VM","nm_subprefeitura":"Vila Mariana","cd_lote_servico":"3","tx_status_ponto_revitalizado":"Revitalizado","dt_atualizacao":"2021-12-08Z","tx_data_referencia":"1º quadrimestre 2021","dc_complemento_endereco":null}},{"type":"Feature","id":"ponto_revitalizado.357","geometry":{"type":"Point","coordinates":[322089.3256,7377843.3177]},"geometry_name":"ge_ponto","properties":{"cd_identificador_ponto_revitalizado":357,"nm_endereco":"Rua Água da Figueira, 14","sg_subprefeitura":"MB","nm_subprefeitura":"M'Boi Mirim","cd_lote_servico":"6","tx_status_ponto_revitalizado":"Revitalizado","dt_atualizacao":"2021-12-08Z","tx_data_referencia":"1º quadrimestre 2021","dc_complemento_endereco":null}},{"type":"Feature","id":"ponto_revitalizado.358","geometry":{"type":"Point","coordinates":[355414.5146,7397774.9297]},"geometry_name":"ge_ponto","properties":{"cd_identificador_ponto_revitalizado":358,"nm_endereco":"Avenida Água Vermelha & Rua Cônego Antônio Manzi","sg_subprefeitura":"IT","nm_subprefeitura":"Itaim Paulista","cd_lote_servico":"1","tx_status_ponto_revitalizado":"Revitalizado","dt_atualizacao":"2021-12-08Z","tx_data_referencia":"1º quadrimestre 2021","dc_complemento_endereco":null}},{"type":"Feature","id":"ponto_revitalizado.359","geometry":{"type":"Point","coordinates":[330742.719,7400312.7536]},"geometry_name":"ge_ponto","properties":{"cd_identificador_ponto_revitalizado":359,"nm_endereco":"Rua Águas Virtuosas","sg_subprefeitura":"CV","nm_subprefeitura":"Casa Verde","cd_lote_servico":"4","tx_status_ponto_revitalizado":"Revitalizado","dt_atualizacao":"2021-12-08Z","tx_data_referencia":"1º quadrimestre 2021","dc_complemento_endereco":null}},{"type":"Feature","id":"ponto_revitalizado.360","geometry":{"type":"Point","coordinates":[330613.6603,7402822.039]},"geometry_name":"ge_ponto","properties":{"cd_identificador_ponto_revitalizado":360,"nm_endereco":"Rua Aida Gomes Toledo, 100","sg_subprefeitura":"CV","nm_subprefeitura":"Casa Verde","cd_lote_servico":"4","tx_status_ponto_revitalizado":"Revitalizado","dt_atualizacao":"2021-12-08Z","tx_data_referencia":"1º quadrimestre 2021","dc_complemento_endereco":null}},{"type":"Feature","id":"ponto_revitalizado.361","geometry":{"type":"Point","coordinates":[330744.0015,7402858.9829]},"geometry_name":"ge_ponto","properties":{"cd_identificador_ponto_revitalizado":361,"nm_endereco":"Rua Aida Gomes Toledo, 200","sg_subprefeitura":"CV","nm_subprefeitura":"Casa Verde","cd_lote_servico":"4","tx_status_ponto_revitalizado":"Revitalizado","dt_atualizacao":"2021-12-08Z","tx_data_referencia":"1º quadrimestre 2021","dc_complemento_endereco":null}},{"type":"Feature","id":"ponto_revitalizado.362","geometry":{"type":"Point","coordinates":[318556.7437,7384168.715]},"geometry_name":"ge_ponto","properties":{"cd_identificador_ponto_revitalizado":362,"nm_endereco":"Rua Ajuruete, 237","sg_subprefeitura":"CL","nm_subprefeitura":"Campo Limpo","cd_lote_servico":"6","tx_status_ponto_revitalizado":"Revitalizado","dt_atualizacao":"2021-12-08Z","tx_data_referencia":"1º quadrimestre 2021","dc_complemento_endereco":null}},{"type":"Feature","id":"ponto_revitalizado.363","geometry":{"type":"Point","coordinates":[320398.8921,7390000.0676]},"geometry_name":"ge_ponto","properties":{"cd_identificador_ponto_revitalizado":363,"nm_endereco":"Rua Alberto Astori","sg_subprefeitura":"BT","nm_subprefeitura":"Butantã","cd_lote_servico":"5","tx_status_ponto_revitalizado":"Revitalizado","dt_atualizacao":"2021-12-08Z","tx_data_referencia":"1º quadrimestre 2021","dc_complemento_endereco":null}},{"type":"Feature","id":"ponto_revitalizado.364","geometry":{"type":"Point","coordinates":[337272.0401,7399422.2289]},"geometry_name":"ge_ponto","properties":{"cd_identificador_ponto_revitalizado":364,"nm_endereco":"Rua Alberto de Freitas & Rua Santa Veridiana","sg_subprefeitura":"MG","nm_subprefeitura":"Vila Maria-Vila Guilherme","cd_lote_servico":"4","tx_status_ponto_revitalizado":"Eliminado","dt_atualizacao":"2021-12-08Z","tx_data_referencia":"1º quadrimestre 2021","dc_complemento_endereco":null}},{"type":"Feature","id":"ponto_revitalizado.365","geometry":{"type":"Point","coordinates":[344648.0995,7395303.8364]},"geometry_name":"ge_ponto","properties":{"cd_identificador_ponto_revitalizado":365,"nm_endereco":"Rua Alcides Prado & Rua Plínio Reis","sg_subprefeitura":"PE","nm_subprefeitura":"Penha","cd_lote_servico":"4","tx_status_ponto_revitalizado":"Revitalizado","dt_atualizacao":"2021-12-08Z","tx_data_referencia":"1º quadrimestre 2021","dc_complemento_endereco":null}},{"type":"Feature","id":"ponto_revitalizado.366","geometry":{"type":"Point","coordinates":[337016.6875,7400922.048]},"geometry_name":"ge_ponto","properties":{"cd_identificador_ponto_revitalizado":366,"nm_endereco":"Rua Aldeia Vinte de Setembro, 382","sg_subprefeitura":"MG","nm_subprefeitura":"Vila Maria-Vila Guilherme","cd_lote_servico":"4","tx_status_ponto_revitalizado":"Revitalizado","dt_atualizacao":"2021-12-08Z","tx_data_referencia":"1º quadrimestre 2021","dc_complemento_endereco":null}},{"type":"Feature","id":"ponto_revitalizado.367","geometry":{"type":"Point","coordinates":[357472.8545,7388960.4243]},"geometry_name":"ge_ponto","properties":{"cd_identificador_ponto_revitalizado":367,"nm_endereco":"Rua Aldo Lombardi","sg_subprefeitura":"CT","nm_subprefeitura":"Cidade Tiradentes","cd_lote_servico":"1","tx_status_ponto_revitalizado":"Revitalizado","dt_atualizacao":"2021-12-08Z","tx_data_referencia":"1º quadrimestre 2021","dc_complemento_endereco":null}},{"type":"Feature","id":"ponto_revitalizado.368","geometry":{"type":"Point","coordinates":[357565.5916,7389088.6819]},"geometry_name":"ge_ponto","properties":{"cd_identificador_ponto_revitalizado":368,"nm_endereco":"Rua Aldo Lombardi, 272","sg_subprefeitura":"CT","nm_subprefeitura":"Cidade Tiradentes","cd_lote_servico":"1","tx_status_ponto_revitalizado":"Revitalizado","dt_atualizacao":"2021-12-08Z","tx_data_referencia":"1º quadrimestre 2021","dc_complemento_endereco":null}},{"type":"Feature","id":"ponto_revitalizado.369","geometry":{"type":"Point","coordinates":[353445.3973,7396066.5487]},"geometry_name":"ge_ponto","properties":{"cd_identificador_ponto_revitalizado":369,"nm_endereco":"Rua Allegros e Surdinas","sg_subprefeitura":"IQ","nm_subprefeitura":"Itaquera","cd_lote_servico":"1","tx_status_ponto_revitalizado":"Revitalizado","dt_atualizacao":"2021-12-08Z","tx_data_referencia":"1º quadrimestre 2021","dc_complemento_endereco":null}},{"type":"Feature","id":"ponto_revitalizado.370","geometry":{"type":"Point","coordinates":[321371.1339,7389645.7082]},"geometry_name":"ge_ponto","properties":{"cd_identificador_ponto_revitalizado":370,"nm_endereco":"Rua Alessandro Bibiena , 57","sg_subprefeitura":"BT","nm_subprefeitura":"Butantã","cd_lote_servico":"5","tx_status_ponto_revitalizado":"Revitalizado","dt_atualizacao":"2021-12-08Z","tx_data_referencia":"1º quadrimestre 2021","dc_complemento_endereco":null}},{"type":"Feature","id":"ponto_revitalizado.371","geometry":{"type":"Point","coordinates":[322787.1773,7381767.1212]},"geometry_name":"ge_ponto","properties":{"cd_identificador_ponto_revitalizado":371,"nm_endereco":"Rua Alessandro Scarlatti, 58","sg_subprefeitura":"MB","nm_subprefeitura":"M'Boi Mirim","cd_lote_servico":"6","tx_status_ponto_revitalizado":"Revitalizado","dt_atualizacao":"2021-12-08Z","tx_data_referencia":"1º quadrimestre 2021","dc_complemento_endereco":null}},{"type":"Feature","id":"ponto_revitalizado.372","geometry":{"type":"Point","coordinates":[358143.3129,7391126.0698]},"geometry_name":"ge_ponto","properties":{"cd_identificador_ponto_revitalizado":372,"nm_endereco":"Rua Alfonso Asturaro","sg_subprefeitura":"CT","nm_subprefeitura":"Cidade Tiradentes","cd_lote_servico":"1","tx_status_ponto_revitalizado":"Revitalizado","dt_atualizacao":"2021-12-08Z","tx_data_referencia":"1º quadrimestre 2021","dc_complemento_endereco":null}},{"type":"Feature","id":"ponto_revitalizado.373","geometry":{"type":"Point","coordinates":[357472.7482,7390912.6864]},"geometry_name":"ge_ponto","properties":{"cd_identificador_ponto_revitalizado":373,"nm_endereco":"Rua Alfonso Asturaro, 701","sg_subprefeitura":"CT","nm_subprefeitura":"Cidade Tiradentes","cd_lote_servico":"1","tx_status_ponto_revitalizado":"Revitalizado","dt_atualizacao":"2021-12-08Z","tx_data_referencia":"1º quadrimestre 2021","dc_complemento_endereco":null}},{"type":"Feature","id":"ponto_revitalizado.374","geometry":{"type":"Point","coordinates":[327386.0773,7403357.2784]},"geometry_name":"ge_ponto","properties":{"cd_identificador_ponto_revitalizado":374,"nm_endereco":"Rua Olinto Fraga Moreira & Rua Joaquim Ferreira da Rocha","sg_subprefeitura":"FB","nm_subprefeitura":"Freguesia Do Ó","cd_lote_servico":"4","tx_status_ponto_revitalizado":"Eliminado","dt_atualizacao":"2021-12-08Z","tx_data_referencia":"1º quadrimestre 2021","dc_complemento_endereco":null}},{"type":"Feature","id":"ponto_revitalizado.375","geometry":{"type":"Point","coordinates":[345157.9396,7391336.5346]},"geometry_name":"ge_ponto","properties":{"cd_identificador_ponto_revitalizado":375,"nm_endereco":"Rua Alfredo Marcondes","sg_subprefeitura":"AF","nm_subprefeitura":"Aricanduva","cd_lote_servico":"3","tx_status_ponto_revitalizado":"Revitalizado","dt_atualizacao":"2021-12-08Z","tx_data_referencia":"1º quadrimestre 2021","dc_complemento_endereco":null}},{"type":"Feature","id":"ponto_revitalizado.376","geometry":{"type":"Point","coordinates":[324285.2889,7367659.0184]},"geometry_name":"ge_ponto","properties":{"cd_identificador_ponto_revitalizado":376,"nm_endereco":"Rua Alfredo Reimberg","sg_subprefeitura":"PA","nm_subprefeitura":"Parelheiros","cd_lote_servico":"6","tx_status_ponto_revitalizado":"Revitalizado","dt_atualizacao":"2021-12-08Z","tx_data_referencia":"1º quadrimestre 2021","dc_complemento_endereco":null}},{"type":"Feature","id":"ponto_revitalizado.377","geometry":{"type":"Point","coordinates":[353485.9976,7395658.0124]},"geometry_name":"ge_ponto","properties":{"cd_identificador_ponto_revitalizado":377,"nm_endereco":"Rua Alfredo Ricci, 88","sg_subprefeitura":"IQ","nm_subprefeitura":"Itaquera","cd_lote_servico":"1","tx_status_ponto_revitalizado":"Revitalizado","dt_atualizacao":"2021-12-08Z","tx_data_referencia":"1º quadrimestre 2021","dc_complemento_endereco":null}},{"type":"Feature","id":"ponto_revitalizado.378","geometry":{"type":"Point","coordinates":[323253.7317,7362321.221]},"geometry_name":"ge_ponto","properties":{"cd_identificador_ponto_revitalizado":378,"nm_endereco":"Rua Alice Bastide, 109","sg_subprefeitura":"PA","nm_subprefeitura":"Parelheiros","cd_lote_servico":"6","tx_status_ponto_revitalizado":"Revitalizado","dt_atualizacao":"2021-12-08Z","tx_data_referencia":"1º quadrimestre 2021","dc_complemento_endereco":null}},{"type":"Feature","id":"ponto_revitalizado.379","geometry":{"type":"Point","coordinates":[337706.2895,7386070.4118]},"geometry_name":"ge_ponto","properties":{"cd_identificador_ponto_revitalizado":379,"nm_endereco":"Rua Alice dos Santos Vieira & Estrada das Lágrimas","sg_subprefeitura":"IP","nm_subprefeitura":"Ipiranga","cd_lote_servico":"3","tx_status_ponto_revitalizado":"Revitalizado","dt_atualizacao":"2021-12-08Z","tx_data_referencia":"1º quadrimestre 2021","dc_complemento_endereco":null}},{"type":"Feature","id":"ponto_revitalizado.380","geometry":{"type":"Point","coordinates":[337212.5917,7388916.649]},"geometry_name":"ge_ponto","properties":{"cd_identificador_ponto_revitalizado":380,"nm_endereco":"Rua Almirante Mariath, 290","sg_subprefeitura":"IP","nm_subprefeitura":"Ipiranga","cd_lote_servico":"3","tx_status_ponto_revitalizado":"Eliminado","dt_atualizacao":"2021-12-08Z","tx_data_referencia":"1º quadrimestre 2021","dc_complemento_endereco":null}},{"type":"Feature","id":"ponto_revitalizado.381","geometry":{"type":"Point","coordinates":[342898.8465,7392579.3772]},"geometry_name":"ge_ponto","properties":{"cd_identificador_ponto_revitalizado":381,"nm_endereco":"Rua Almirante Silvado","sg_subprefeitura":"AF","nm_subprefeitura":"Aricanduva","cd_lote_servico":"3","tx_status_ponto_revitalizado":"Revitalizado","dt_atualizacao":"2021-12-08Z","tx_data_referencia":"1º quadrimestre 2021","dc_complemento_endereco":null}},{"type":"Feature","id":"ponto_revitalizado.382","geometry":{"type":"Point","coordinates":[345166.2431,7390726.4068]},"geometry_name":"ge_ponto","properties":{"cd_identificador_ponto_revitalizado":382,"nm_endereco":"Rua Altena, 232","sg_subprefeitura":"AF","nm_subprefeitura":"Aricanduva","cd_lote_servico":"3","tx_status_ponto_revitalizado":"Revitalizado","dt_atualizacao":"2021-12-08Z","tx_data_referencia":"1º quadrimestre 2021","dc_complemento_endereco":null}},{"type":"Feature","id":"ponto_revitalizado.383","geometry":{"type":"Point","coordinates":[346840.42,7398378.8613]},"geometry_name":"ge_ponto","properties":{"cd_identificador_ponto_revitalizado":383,"nm_endereco":"Rua Alto Angico, 11","sg_subprefeitura":"EM","nm_subprefeitura":"Ermelino Matarazzo","cd_lote_servico":"1","tx_status_ponto_revitalizado":"Revitalizado","dt_atualizacao":"2021-12-08Z","tx_data_referencia":"1º quadrimestre 2021","dc_complemento_endereco":null}},{"type":"Feature","id":"ponto_revitalizado.384","geometry":{"type":"Point","coordinates":[330577.8583,7383219.7631]},"geometry_name":"ge_ponto","properties":{"cd_identificador_ponto_revitalizado":384,"nm_endereco":"Rua Alto do Bomfim & Rua Emilio de Sousa Docca","sg_subprefeitura":"JA","nm_subprefeitura":"Jabaquara","cd_lote_servico":"3","tx_status_ponto_revitalizado":"Revitalizado","dt_atualizacao":"2021-12-08Z","tx_data_referencia":"1º quadrimestre 2021","dc_complemento_endereco":null}},{"type":"Feature","id":"ponto_revitalizado.385","geometry":{"type":"Point","coordinates":[330158.8295,7404811.0068]},"geometry_name":"ge_ponto","properties":{"cd_identificador_ponto_revitalizado":385,"nm_endereco":"Rua Alto do Sucuriu, 100","sg_subprefeitura":"CV","nm_subprefeitura":"Casa Verde","cd_lote_servico":"4","tx_status_ponto_revitalizado":"Revitalizado","dt_atualizacao":"2021-12-08Z","tx_data_referencia":"1º quadrimestre 2021","dc_complemento_endereco":null}},{"type":"Feature","id":"ponto_revitalizado.386","geometry":{"type":"Point","coordinates":[326278.57,7374711.0203]},"geometry_name":"ge_ponto","properties":{"cd_identificador_ponto_revitalizado":386,"nm_endereco":"Rua Álvares Correia, 251","sg_subprefeitura":"CS","nm_subprefeitura":"Capela Do Socorro","cd_lote_servico":"6","tx_status_ponto_revitalizado":"Revitalizado","dt_atualizacao":"2021-12-08Z","tx_data_referencia":"1º quadrimestre 2021","dc_complemento_endereco":null}},{"type":"Feature","id":"ponto_revitalizado.387","geometry":{"type":"Point","coordinates":[342607.2218,7392349.207]},"geometry_name":"ge_ponto","properties":{"cd_identificador_ponto_revitalizado":387,"nm_endereco":"Rua Alves de Almeida, 456","sg_subprefeitura":"AF","nm_subprefeitura":"Aricanduva","cd_lote_servico":"3","tx_status_ponto_revitalizado":"Revitalizado","dt_atualizacao":"2021-12-08Z","tx_data_referencia":"1º quadrimestre 2021","dc_complemento_endereco":null}},{"type":"Feature","id":"ponto_revitalizado.388","geometry":{"type":"Point","coordinates":[336840.2851,7398232.2929]},"geometry_name":"ge_ponto","properties":{"cd_identificador_ponto_revitalizado":388,"nm_endereco":"Rua Amadeu & Rua Fragata Amazonas","sg_subprefeitura":"MG","nm_subprefeitura":"Vila Maria-Vila Guilherme","cd_lote_servico":"4","tx_status_ponto_revitalizado":"Revitalizado","dt_atualizacao":"2021-12-08Z","tx_data_referencia":"1º quadrimestre 2021","dc_complemento_endereco":null}},{"type":"Feature","id":"ponto_revitalizado.389","geometry":{"type":"Point","coordinates":[348552.5817,7388776.6838]},"geometry_name":"ge_ponto","properties":{"cd_identificador_ponto_revitalizado":389,"nm_endereco":"Rua Amália Cordelli Cardenuto, 51B","sg_subprefeitura":"SM","nm_subprefeitura":"São Mateus","cd_lote_servico":"1","tx_status_ponto_revitalizado":"Revitalizado","dt_atualizacao":"2021-12-08Z","tx_data_referencia":"1º quadrimestre 2021","dc_complemento_endereco":null}},{"type":"Feature","id":"ponto_revitalizado.390","geometry":{"type":"Point","coordinates":[351770.8041,7397772.4078]},"geometry_name":"ge_ponto","properties":{"cd_identificador_ponto_revitalizado":390,"nm_endereco":"Rua Amália de Faria, 331","sg_subprefeitura":"IQ","nm_subprefeitura":"Itaquera","cd_lote_servico":"1","tx_status_ponto_revitalizado":"Revitalizado","dt_atualizacao":"2021-12-08Z","tx_data_referencia":"1º quadrimestre 2021","dc_complemento_endereco":null}},{"type":"Feature","id":"ponto_revitalizado.391","geometry":{"type":"Point","coordinates":[338374.2291,7398545.8771]},"geometry_name":"ge_ponto","properties":{"cd_identificador_ponto_revitalizado":391,"nm_endereco":"Rua Amambai, 1565","sg_subprefeitura":"MG","nm_subprefeitura":"Vila Maria-Vila Guilherme","cd_lote_servico":"4","tx_status_ponto_revitalizado":"Revitalizado","dt_atualizacao":"2021-12-08Z","tx_data_referencia":"1º quadrimestre 2021","dc_complemento_endereco":null}},{"type":"Feature","id":"ponto_revitalizado.392","geometry":{"type":"Point","coordinates":[355680.4448,7395844.7873]},"geometry_name":"ge_ponto","properties":{"cd_identificador_ponto_revitalizado":392,"nm_endereco":"Rua Amâncio de Moura, 55","sg_subprefeitura":"G","nm_subprefeitura":"Guaianases","cd_lote_servico":"1","tx_status_ponto_revitalizado":"Revitalizado","dt_atualizacao":"2021-12-08Z","tx_data_referencia":"1º quadrimestre 2021","dc_complemento_endereco":null}},{"type":"Feature","id":"ponto_revitalizado.393","geometry":{"type":"Point","coordinates":[325652.223,7383654.0526]},"geometry_name":"ge_ponto","properties":{"cd_identificador_ponto_revitalizado":393,"nm_endereco":"Rua Amaro André","sg_subprefeitura":"SA","nm_subprefeitura":"Santo Amaro","cd_lote_servico":"6","tx_status_ponto_revitalizado":"Revitalizado","dt_atualizacao":"2021-12-08Z","tx_data_referencia":"1º quadrimestre 2021","dc_complemento_endereco":null}},{"type":"Feature","id":"ponto_revitalizado.394","geometry":{"type":"Point","coordinates":[324261.3574,7363266.2526]},"geometry_name":"ge_ponto","properties":{"cd_identificador_ponto_revitalizado":394,"nm_endereco":"Rua Amaro de Pontes, 821","sg_subprefeitura":"PA","nm_subprefeitura":"Parelheiros","cd_lote_servico":"6","tx_status_ponto_revitalizado":"Revitalizado","dt_atualizacao":"2021-12-08Z","tx_data_referencia":"1º quadrimestre 2021","dc_complemento_endereco":null}},{"type":"Feature","id":"ponto_revitalizado.395","geometry":{"type":"Point","coordinates":[328824.9046,7398977.8378]},"geometry_name":"ge_ponto","properties":{"cd_identificador_ponto_revitalizado":395,"nm_endereco":"Rua Amedea Centini","sg_subprefeitura":"CV","nm_subprefeitura":"Casa Verde","cd_lote_servico":"4","tx_status_ponto_revitalizado":"Revitalizado","dt_atualizacao":"2021-12-08Z","tx_data_referencia":"1º quadrimestre 2021","dc_complemento_endereco":null}},{"type":"Feature","id":"ponto_revitalizado.396","geometry":{"type":"Point","coordinates":[320294.5916,7380298.8664]},"geometry_name":"ge_ponto","properties":{"cd_identificador_ponto_revitalizado":396,"nm_endereco":"Rua Amilcar Ponchielli","sg_subprefeitura":"MB","nm_subprefeitura":"M'Boi Mirim","cd_lote_servico":"6","tx_status_ponto_revitalizado":"Revitalizado","dt_atualizacao":"2021-12-08Z","tx_data_referencia":"1º quadrimestre 2021","dc_complemento_endereco":null}},{"type":"Feature","id":"ponto_revitalizado.397","geometry":{"type":"Point","coordinates":[348945.3098,7389888.8712]},"geometry_name":"ge_ponto","properties":{"cd_identificador_ponto_revitalizado":397,"nm_endereco":"Rua André de Almeida, 1500","sg_subprefeitura":"SM","nm_subprefeitura":"São Mateus","cd_lote_servico":"1","tx_status_ponto_revitalizado":"Revitalizado","dt_atualizacao":"2021-12-08Z","tx_data_referencia":"1º quadrimestre 2021","dc_complemento_endereco":null}},{"type":"Feature","id":"ponto_revitalizado.398","geometry":{"type":"Point","coordinates":[347947.6017,7390629.3722]},"geometry_name":"ge_ponto","properties":{"cd_identificador_ponto_revitalizado":398,"nm_endereco":"Rua André de Almeida, 170","sg_subprefeitura":"SM","nm_subprefeitura":"São Mateus","cd_lote_servico":"1","tx_status_ponto_revitalizado":"Revitalizado","dt_atualizacao":"2021-12-08Z","tx_data_referencia":"1º quadrimestre 2021","dc_complemento_endereco":null}},{"type":"Feature","id":"ponto_revitalizado.399","geometry":{"type":"Point","coordinates":[349867.8438,7389511.4427]},"geometry_name":"ge_ponto","properties":{"cd_identificador_ponto_revitalizado":399,"nm_endereco":"Rua André de Almeida, 2580","sg_subprefeitura":"SM","nm_subprefeitura":"São Mateus","cd_lote_servico":"1","tx_status_ponto_revitalizado":"Revitalizado","dt_atualizacao":"2021-12-08Z","tx_data_referencia":"1º quadrimestre 2021","dc_complemento_endereco":null}},{"type":"Feature","id":"ponto_revitalizado.400","geometry":{"type":"Point","coordinates":[349997.6561,7389482.2114]},"geometry_name":"ge_ponto","properties":{"cd_identificador_ponto_revitalizado":400,"nm_endereco":"Rua André de Almeida, 2727","sg_subprefeitura":"SM","nm_subprefeitura":"São Mateus","cd_lote_servico":"1","tx_status_ponto_revitalizado":"Revitalizado","dt_atualizacao":"2021-12-08Z","tx_data_referencia":"1º quadrimestre 2021","dc_complemento_endereco":null}},{"type":"Feature","id":"ponto_revitalizado.401","geometry":{"type":"Point","coordinates":[348319.4918,7390200.999]},"geometry_name":"ge_ponto","properties":{"cd_identificador_ponto_revitalizado":401,"nm_endereco":"Rua André de Almeida, 747","sg_subprefeitura":"SM","nm_subprefeitura":"São Mateus","cd_lote_servico":"1","tx_status_ponto_revitalizado":"Revitalizado","dt_atualizacao":"2021-12-08Z","tx_data_referencia":"1º quadrimestre 2021","dc_complemento_endereco":null}},{"type":"Feature","id":"ponto_revitalizado.402","geometry":{"type":"Point","coordinates":[331939.815,7381591.3866]},"geometry_name":"ge_ponto","properties":{"cd_identificador_ponto_revitalizado":402,"nm_endereco":"Rua Andre Falcão de Resende & Rua Alvares Fagundes","sg_subprefeitura":"JA","nm_subprefeitura":"Jabaquara","cd_lote_servico":"3","tx_status_ponto_revitalizado":"Revitalizado","dt_atualizacao":"2021-12-08Z","tx_data_referencia":"1º quadrimestre 2021","dc_complemento_endereco":null}},{"type":"Feature","id":"ponto_revitalizado.403","geometry":{"type":"Point","coordinates":[331901.5313,7381814.6699]},"geometry_name":"ge_ponto","properties":{"cd_identificador_ponto_revitalizado":403,"nm_endereco":"Rua André Falcão de Resende, 10","sg_subprefeitura":"JA","nm_subprefeitura":"Jabaquara","cd_lote_servico":"3","tx_status_ponto_revitalizado":"Revitalizado","dt_atualizacao":"2021-12-08Z","tx_data_referencia":"1º quadrimestre 2021","dc_complemento_endereco":null}},{"type":"Feature","id":"ponto_revitalizado.404","geometry":{"type":"Point","coordinates":[342648.597,7391350.7043]},"geometry_name":"ge_ponto","properties":{"cd_identificador_ponto_revitalizado":404,"nm_endereco":"Rua André Francisco Xavier & Rua Atilio Perrela","sg_subprefeitura":"VP","nm_subprefeitura":"Vila Prudente","cd_lote_servico":"3","tx_status_ponto_revitalizado":"Revitalizado","dt_atualizacao":"2021-12-08Z","tx_data_referencia":"1º quadrimestre 2021","dc_complemento_endereco":null}},{"type":"Feature","id":"ponto_revitalizado.405","geometry":{"type":"Point","coordinates":[346714.0237,7388645.1938]},"geometry_name":"ge_ponto","properties":{"cd_identificador_ponto_revitalizado":405,"nm_endereco":"Rua Andrea Bontempi, 137","sg_subprefeitura":"SB","nm_subprefeitura":"Sapopemba","cd_lote_servico":"1","tx_status_ponto_revitalizado":"Revitalizado","dt_atualizacao":"2021-12-08Z","tx_data_referencia":"1º quadrimestre 2021","dc_complemento_endereco":null}},{"type":"Feature","id":"ponto_revitalizado.406","geometry":{"type":"Point","coordinates":[329308.7507,7386923.3581]},"geometry_name":"ge_ponto","properties":{"cd_identificador_ponto_revitalizado":406,"nm_endereco":"Rua Anésio Martins de Siqueira","sg_subprefeitura":"SA","nm_subprefeitura":"Santo Amaro","cd_lote_servico":"6","tx_status_ponto_revitalizado":"Revitalizado","dt_atualizacao":"2021-12-08Z","tx_data_referencia":"1º quadrimestre 2021","dc_complemento_endereco":null}},{"type":"Feature","id":"ponto_revitalizado.407","geometry":{"type":"Point","coordinates":[336172.4233,7397871.9908]},"geometry_name":"ge_ponto","properties":{"cd_identificador_ponto_revitalizado":407,"nm_endereco":"Rua Angelina Pizzoti","sg_subprefeitura":"MG","nm_subprefeitura":"Vila Maria-Vila Guilherme","cd_lote_servico":"4","tx_status_ponto_revitalizado":"Revitalizado","dt_atualizacao":"2021-12-08Z","tx_data_referencia":"1º quadrimestre 2021","dc_complemento_endereco":null}},{"type":"Feature","id":"ponto_revitalizado.408","geometry":{"type":"Point","coordinates":[329040.0908,7379203.4689]},"geometry_name":"ge_ponto","properties":{"cd_identificador_ponto_revitalizado":408,"nm_endereco":"Rua Ângelo Sangirardi, 167","sg_subprefeitura":"SA","nm_subprefeitura":"Santo Amaro","cd_lote_servico":"6","tx_status_ponto_revitalizado":"Revitalizado","dt_atualizacao":"2021-12-08Z","tx_data_referencia":"1º quadrimestre 2021","dc_complemento_endereco":null}},{"type":"Feature","id":"ponto_revitalizado.409","geometry":{"type":"Point","coordinates":[324904.1382,7384222.0208]},"geometry_name":"ge_ponto","properties":{"cd_identificador_ponto_revitalizado":409,"nm_endereco":"Rua Anhembi","sg_subprefeitura":"SA","nm_subprefeitura":"Santo Amaro","cd_lote_servico":"6","tx_status_ponto_revitalizado":"Revitalizado","dt_atualizacao":"2021-12-08Z","tx_data_referencia":"1º quadrimestre 2021","dc_complemento_endereco":null}},{"type":"Feature","id":"ponto_revitalizado.410","geometry":{"type":"Point","coordinates":[324838.3524,7384236.7362]},"geometry_name":"ge_ponto","properties":{"cd_identificador_ponto_revitalizado":410,"nm_endereco":"Rua Anhembi & Rua Missiónarios","sg_subprefeitura":"SA","nm_subprefeitura":"Santo Amaro","cd_lote_servico":"6","tx_status_ponto_revitalizado":"Revitalizado","dt_atualizacao":"2021-12-08Z","tx_data_referencia":"1º quadrimestre 2021","dc_complemento_endereco":null}},{"type":"Feature","id":"ponto_revitalizado.411","geometry":{"type":"Point","coordinates":[346252.1196,7389043.1211]},"geometry_name":"ge_ponto","properties":{"cd_identificador_ponto_revitalizado":411,"nm_endereco":"Rua Antônio Augusto Cortesão, 346","sg_subprefeitura":"SB","nm_subprefeitura":"Sapopemba","cd_lote_servico":"1","tx_status_ponto_revitalizado":"Revitalizado","dt_atualizacao":"2021-12-08Z","tx_data_referencia":"1º quadrimestre 2021","dc_complemento_endereco":null}},{"type":"Feature","id":"ponto_revitalizado.412","geometry":{"type":"Point","coordinates":[330179.9253,7379272.3183]},"geometry_name":"ge_ponto","properties":{"cd_identificador_ponto_revitalizado":412,"nm_endereco":"Rua Antônio Benedito Palhares & Rua Jerônimo José de Andrade","sg_subprefeitura":"AD","nm_subprefeitura":"Cidade Ademar","cd_lote_servico":"3","tx_status_ponto_revitalizado":"Revitalizado","dt_atualizacao":"2021-12-08Z","tx_data_referencia":"1º quadrimestre 2021","dc_complemento_endereco":null}},{"type":"Feature","id":"ponto_revitalizado.413","geometry":{"type":"Point","coordinates":[329512.4526,7378898.2328]},"geometry_name":"ge_ponto","properties":{"cd_identificador_ponto_revitalizado":413,"nm_endereco":"Rua Antonio Campo, 611","sg_subprefeitura":"AD","nm_subprefeitura":"Cidade Ademar","cd_lote_servico":"3","tx_status_ponto_revitalizado":"Revitalizado","dt_atualizacao":"2021-12-08Z","tx_data_referencia":"1º quadrimestre 2021","dc_complemento_endereco":null}},{"type":"Feature","id":"ponto_revitalizado.414","geometry":{"type":"Point","coordinates":[329550.9315,7378904.6649]},"geometry_name":"ge_ponto","properties":{"cd_identificador_ponto_revitalizado":414,"nm_endereco":"Rua Antonio Campo, 646","sg_subprefeitura":"AD","nm_subprefeitura":"Cidade Ademar","cd_lote_servico":"3","tx_status_ponto_revitalizado":"Revitalizado","dt_atualizacao":"2021-12-08Z","tx_data_referencia":"1º quadrimestre 2021","dc_complemento_endereco":null}},{"type":"Feature","id":"ponto_revitalizado.415","geometry":{"type":"Point","coordinates":[329683.0721,7378995.5946]},"geometry_name":"ge_ponto","properties":{"cd_identificador_ponto_revitalizado":415,"nm_endereco":"Rua Antonio Campo, 811","sg_subprefeitura":"AD","nm_subprefeitura":"Cidade Ademar","cd_lote_servico":"3","tx_status_ponto_revitalizado":"Revitalizado","dt_atualizacao":"2021-12-08Z","tx_data_referencia":"1º quadrimestre 2021","dc_complemento_endereco":null}},{"type":"Feature","id":"ponto_revitalizado.416","geometry":{"type":"Point","coordinates":[320433.8796,7411453.2015]},"geometry_name":"ge_ponto","properties":{"cd_identificador_ponto_revitalizado":416,"nm_endereco":"Rua Antônio Candido Alvarenga, 32","sg_subprefeitura":"PR","nm_subprefeitura":"Perus-Anhanguera","cd_lote_servico":"5","tx_status_ponto_revitalizado":"Revitalizado","dt_atualizacao":"2021-12-08Z","tx_data_referencia":"1º quadrimestre 2021","dc_complemento_endereco":null}},{"type":"Feature","id":"ponto_revitalizado.417","geometry":{"type":"Point","coordinates":[332806.4173,7397322.8483]},"geometry_name":"ge_ponto","properties":{"cd_identificador_ponto_revitalizado":417,"nm_endereco":"Rua Antonio Coruja & Rua Júlio Conceição","sg_subprefeitura":"SE","nm_subprefeitura":"Sé","cd_lote_servico":"2","tx_status_ponto_revitalizado":"Eliminado","dt_atualizacao":"2021-12-08Z","tx_data_referencia":"1º quadrimestre 2021","dc_complemento_endereco":null}},{"type":"Feature","id":"ponto_revitalizado.418","geometry":{"type":"Point","coordinates":[330523.4538,7404796.8309]},"geometry_name":"ge_ponto","properties":{"cd_identificador_ponto_revitalizado":418,"nm_endereco":"Rua Antonio da França e Horta, 26","sg_subprefeitura":"CV","nm_subprefeitura":"Casa Verde","cd_lote_servico":"4","tx_status_ponto_revitalizado":"Revitalizado","dt_atualizacao":"2021-12-08Z","tx_data_referencia":"1º quadrimestre 2021","dc_complemento_endereco":null}},{"type":"Feature","id":"ponto_revitalizado.419","geometry":{"type":"Point","coordinates":[323092.306,7382909.779]},"geometry_name":"ge_ponto","properties":{"cd_identificador_ponto_revitalizado":419,"nm_endereco":"Rua Antonio da Mata Junior, 426B","sg_subprefeitura":"MB","nm_subprefeitura":"M'Boi Mirim","cd_lote_servico":"6","tx_status_ponto_revitalizado":"Revitalizado","dt_atualizacao":"2021-12-08Z","tx_data_referencia":"1º quadrimestre 2021","dc_complemento_endereco":null}},{"type":"Feature","id":"ponto_revitalizado.420","geometry":{"type":"Point","coordinates":[320608.8199,7411123.2805]},"geometry_name":"ge_ponto","properties":{"cd_identificador_ponto_revitalizado":420,"nm_endereco":"Rua Antonio de Pádua Dias, 1117","sg_subprefeitura":"PR","nm_subprefeitura":"Perus-Anhanguera","cd_lote_servico":"5","tx_status_ponto_revitalizado":"Revitalizado","dt_atualizacao":"2021-12-08Z","tx_data_referencia":"1º quadrimestre 2021","dc_complemento_endereco":null}},{"type":"Feature","id":"ponto_revitalizado.421","geometry":{"type":"Point","coordinates":[321889.0066,7380057.9699]},"geometry_name":"ge_ponto","properties":{"cd_identificador_ponto_revitalizado":421,"nm_endereco":"Rua Ângelo Francisco, 02","sg_subprefeitura":"MB","nm_subprefeitura":"M'Boi Mirim","cd_lote_servico":"6","tx_status_ponto_revitalizado":"Revitalizado","dt_atualizacao":"2021-12-08Z","tx_data_referencia":"1º quadrimestre 2021","dc_complemento_endereco":null}},{"type":"Feature","id":"ponto_revitalizado.422","geometry":{"type":"Point","coordinates":[329844.7826,7381249.5009]},"geometry_name":"ge_ponto","properties":{"cd_identificador_ponto_revitalizado":422,"nm_endereco":"Rua Antonio Furquim da Luz & Rua Tomas Teixeira","sg_subprefeitura":"AD","nm_subprefeitura":"Cidade Ademar","cd_lote_servico":"3","tx_status_ponto_revitalizado":"Revitalizado","dt_atualizacao":"2021-12-08Z","tx_data_referencia":"1º quadrimestre 2021","dc_complemento_endereco":null}},{"type":"Feature","id":"ponto_revitalizado.423","geometry":{"type":"Point","coordinates":[336334.7695,7398487.4739]},"geometry_name":"ge_ponto","properties":{"cd_identificador_ponto_revitalizado":423,"nm_endereco":"Rua Antonio José Garcia","sg_subprefeitura":"MG","nm_subprefeitura":"Vila Maria-Vila Guilherme","cd_lote_servico":"4","tx_status_ponto_revitalizado":"Revitalizado","dt_atualizacao":"2021-12-08Z","tx_data_referencia":"1º quadrimestre 2021","dc_complemento_endereco":null}},{"type":"Feature","id":"ponto_revitalizado.424","geometry":{"type":"Point","coordinates":[345847.1305,7392944.1082]},"geometry_name":"ge_ponto","properties":{"cd_identificador_ponto_revitalizado":424,"nm_endereco":"Rua Antônio La Giudice","sg_subprefeitura":"AF","nm_subprefeitura":"Aricanduva","cd_lote_servico":"3","tx_status_ponto_revitalizado":"Revitalizado","dt_atualizacao":"2021-12-08Z","tx_data_referencia":"1º quadrimestre 2021","dc_complemento_endereco":null}},{"type":"Feature","id":"ponto_revitalizado.425","geometry":{"type":"Point","coordinates":[344933.9257,7393700.4876]},"geometry_name":"ge_ponto","properties":{"cd_identificador_ponto_revitalizado":425,"nm_endereco":"Rua Doutor Antônio Lobo Sobrinho, 26","sg_subprefeitura":"AF","nm_subprefeitura":"Aricanduva","cd_lote_servico":"3","tx_status_ponto_revitalizado":"Revitalizado","dt_atualizacao":"2021-12-08Z","tx_data_referencia":"1º quadrimestre 2021","dc_complemento_endereco":null}},{"type":"Feature","id":"ponto_revitalizado.426","geometry":{"type":"Point","coordinates":[344997.4915,7393646.1203]},"geometry_name":"ge_ponto","properties":{"cd_identificador_ponto_revitalizado":426,"nm_endereco":"Rua Doutor Antônio Lobo Sobrinho, 71","sg_subprefeitura":"AF","nm_subprefeitura":"Aricanduva","cd_lote_servico":"3","tx_status_ponto_revitalizado":"Revitalizado","dt_atualizacao":"2021-12-08Z","tx_data_referencia":"1º quadrimestre 2021","dc_complemento_endereco":null}},{"type":"Feature","id":"ponto_revitalizado.427","geometry":{"type":"Point","coordinates":[357823.5289,7389355.6462]},"geometry_name":"ge_ponto","properties":{"cd_identificador_ponto_revitalizado":427,"nm_endereco":"Rua Antônio Lucas, 169","sg_subprefeitura":"CT","nm_subprefeitura":"Cidade Tiradentes","cd_lote_servico":"1","tx_status_ponto_revitalizado":"Eliminado","dt_atualizacao":"2021-12-08Z","tx_data_referencia":"1º quadrimestre 2021","dc_complemento_endereco":null}},{"type":"Feature","id":"ponto_revitalizado.428","geometry":{"type":"Point","coordinates":[329772.5658,7387396.3891]},"geometry_name":"ge_ponto","properties":{"cd_identificador_ponto_revitalizado":428,"nm_endereco":"Rua Antônio Macedo Soares & Rua Antônio Comparato","sg_subprefeitura":"SA","nm_subprefeitura":"Santo Amaro","cd_lote_servico":"6","tx_status_ponto_revitalizado":"Revitalizado","dt_atualizacao":"2021-12-08Z","tx_data_referencia":"1º quadrimestre 2021","dc_complemento_endereco":null}},{"type":"Feature","id":"ponto_revitalizado.429","geometry":{"type":"Point","coordinates":[317138.9087,7390902.5337]},"geometry_name":"ge_ponto","properties":{"cd_identificador_ponto_revitalizado":429,"nm_endereco":"Rua Antonio Martins Costa","sg_subprefeitura":"BT","nm_subprefeitura":"Butantã","cd_lote_servico":"5","tx_status_ponto_revitalizado":"Revitalizado","dt_atualizacao":"2021-12-08Z","tx_data_referencia":"1º quadrimestre 2021","dc_complemento_endereco":null}},{"type":"Feature","id":"ponto_revitalizado.430","geometry":{"type":"Point","coordinates":[344211.1604,7390986.4763]},"geometry_name":"ge_ponto","properties":{"cd_identificador_ponto_revitalizado":430,"nm_endereco":"Rua Antonio Onófre Cidade","sg_subprefeitura":"AF","nm_subprefeitura":"Aricanduva","cd_lote_servico":"3","tx_status_ponto_revitalizado":"Revitalizado","dt_atualizacao":"2021-12-08Z","tx_data_referencia":"1º quadrimestre 2021","dc_complemento_endereco":null}},{"type":"Feature","id":"ponto_revitalizado.431","geometry":{"type":"Point","coordinates":[343927.2598,7391764.2163]},"geometry_name":"ge_ponto","properties":{"cd_identificador_ponto_revitalizado":431,"nm_endereco":"Rua Antonio Peacci, 108","sg_subprefeitura":"AF","nm_subprefeitura":"Aricanduva","cd_lote_servico":"3","tx_status_ponto_revitalizado":"Revitalizado","dt_atualizacao":"2021-12-08Z","tx_data_referencia":"1º quadrimestre 2021","dc_complemento_endereco":null}},{"type":"Feature","id":"ponto_revitalizado.432","geometry":{"type":"Point","coordinates":[323095.2364,7363365.9865]},"geometry_name":"ge_ponto","properties":{"cd_identificador_ponto_revitalizado":432,"nm_endereco":"Rua Antônio Proost Rodovalho Neto, 632","sg_subprefeitura":"PA","nm_subprefeitura":"Parelheiros","cd_lote_servico":"6","tx_status_ponto_revitalizado":"Revitalizado","dt_atualizacao":"2021-12-08Z","tx_data_referencia":"1º quadrimestre 2021","dc_complemento_endereco":null}},{"type":"Feature","id":"ponto_revitalizado.433","geometry":{"type":"Point","coordinates":[321365.4672,7382121.1212]},"geometry_name":"ge_ponto","properties":{"cd_identificador_ponto_revitalizado":433,"nm_endereco":"Rua Antonio Ramos Rosa, 1006","sg_subprefeitura":"MB","nm_subprefeitura":"M'Boi Mirim","cd_lote_servico":"6","tx_status_ponto_revitalizado":"Revitalizado","dt_atualizacao":"2021-12-08Z","tx_data_referencia":"1º quadrimestre 2021","dc_complemento_endereco":null}},{"type":"Feature","id":"ponto_revitalizado.434","geometry":{"type":"Point","coordinates":[321699.3196,7382185.0256]},"geometry_name":"ge_ponto","properties":{"cd_identificador_ponto_revitalizado":434,"nm_endereco":"Rua Antonio Ramos Rosa, 651","sg_subprefeitura":"MB","nm_subprefeitura":"M'Boi Mirim","cd_lote_servico":"6","tx_status_ponto_revitalizado":"Revitalizado","dt_atualizacao":"2021-12-08Z","tx_data_referencia":"1º quadrimestre 2021","dc_complemento_endereco":null}},{"type":"Feature","id":"ponto_revitalizado.435","geometry":{"type":"Point","coordinates":[323501.7262,7405824.9632]},"geometry_name":"ge_ponto","properties":{"cd_identificador_ponto_revitalizado":435,"nm_endereco":"Rua Antonio Sebastião Sobrinho, 800","sg_subprefeitura":"PJ","nm_subprefeitura":"Pirituba-Jaragua","cd_lote_servico":"5","tx_status_ponto_revitalizado":"Revitalizado","dt_atualizacao":"2021-12-08Z","tx_data_referencia":"1º quadrimestre 2021","dc_complemento_endereco":null}},{"type":"Feature","id":"ponto_revitalizado.436","geometry":{"type":"Point","coordinates":[326012.6511,7397138.1874]},"geometry_name":"ge_ponto","properties":{"cd_identificador_ponto_revitalizado":436,"nm_endereco":"Rua Antonio Toledo Piza & Rua Bartolomeu Belli","sg_subprefeitura":"LA","nm_subprefeitura":"Lapa","cd_lote_servico":"5","tx_status_ponto_revitalizado":"Revitalizado","dt_atualizacao":"2021-12-08Z","tx_data_referencia":"1º quadrimestre 2021","dc_complemento_endereco":null}},{"type":"Feature","id":"ponto_revitalizado.437","geometry":{"type":"Point","coordinates":[331407.7364,7396312.2534]},"geometry_name":"ge_ponto","properties":{"cd_identificador_ponto_revitalizado":437,"nm_endereco":"Rua Apa & Rua General Júlio Marcondes Salgado Filho","sg_subprefeitura":"SE","nm_subprefeitura":"Sé","cd_lote_servico":"2","tx_status_ponto_revitalizado":"Revitalizado","dt_atualizacao":"2021-12-08Z","tx_data_referencia":"1º quadrimestre 2021","dc_complemento_endereco":null}},{"type":"Feature","id":"ponto_revitalizado.438","geometry":{"type":"Point","coordinates":[338280.2581,7397714.2189]},"geometry_name":"ge_ponto","properties":{"cd_identificador_ponto_revitalizado":438,"nm_endereco":"Rua Apinaco","sg_subprefeitura":"MG","nm_subprefeitura":"Vila Maria-Vila Guilherme","cd_lote_servico":"4","tx_status_ponto_revitalizado":"Eliminado","dt_atualizacao":"2021-12-08Z","tx_data_referencia":"1º quadrimestre 2021","dc_complemento_endereco":null}},{"type":"Feature","id":"ponto_revitalizado.439","geometry":{"type":"Point","coordinates":[340997.6922,7391091.5109]},"geometry_name":"ge_ponto","properties":{"cd_identificador_ponto_revitalizado":439,"nm_endereco":"Rua Apiteri & Avenida Secondino","sg_subprefeitura":"VP","nm_subprefeitura":"Vila Prudente","cd_lote_servico":"3","tx_status_ponto_revitalizado":"Revitalizado","dt_atualizacao":"2021-12-08Z","tx_data_referencia":"1º quadrimestre 2021","dc_complemento_endereco":null}},{"type":"Feature","id":"ponto_revitalizado.440","geometry":{"type":"Point","coordinates":[356828.3715,7390941.4834]},"geometry_name":"ge_ponto","properties":{"cd_identificador_ponto_revitalizado":440,"nm_endereco":"Rua Apóstolo Simão Pedro","sg_subprefeitura":"CT","nm_subprefeitura":"Cidade Tiradentes","cd_lote_servico":"1","tx_status_ponto_revitalizado":"Revitalizado","dt_atualizacao":"2021-12-08Z","tx_data_referencia":"1º quadrimestre 2021","dc_complemento_endereco":null}},{"type":"Feature","id":"ponto_revitalizado.441","geometry":{"type":"Point","coordinates":[341895.8522,7396559.3745]},"geometry_name":"ge_ponto","properties":{"cd_identificador_ponto_revitalizado":441,"nm_endereco":"Rua Aracati & Rua Alfredo de Franco","sg_subprefeitura":"PE","nm_subprefeitura":"Penha","cd_lote_servico":"4","tx_status_ponto_revitalizado":"Revitalizado","dt_atualizacao":"2021-12-08Z","tx_data_referencia":"1º quadrimestre 2021","dc_complemento_endereco":null}},{"type":"Feature","id":"ponto_revitalizado.442","geometry":{"type":"Point","coordinates":[357629.8182,7398660.8377]},"geometry_name":"ge_ponto","properties":{"cd_identificador_ponto_revitalizado":442,"nm_endereco":"Rua Aracy de Almeida, 2","sg_subprefeitura":"IT","nm_subprefeitura":"Itaim Paulista","cd_lote_servico":"1","tx_status_ponto_revitalizado":"Eliminado","dt_atualizacao":"2021-12-08Z","tx_data_referencia":"1º quadrimestre 2021","dc_complemento_endereco":null}},{"type":"Feature","id":"ponto_revitalizado.443","geometry":{"type":"Point","coordinates":[334499.7249,7397221.0238]},"geometry_name":"ge_ponto","properties":{"cd_identificador_ponto_revitalizado":443,"nm_endereco":"Rua Araguaia, 124","sg_subprefeitura":"MO","nm_subprefeitura":"Mooca","cd_lote_servico":"2","tx_status_ponto_revitalizado":"Revitalizado","dt_atualizacao":"2021-12-08Z","tx_data_referencia":"1º quadrimestre 2021","dc_complemento_endereco":null}},{"type":"Feature","id":"ponto_revitalizado.444","geometry":{"type":"Point","coordinates":[344642.6436,7391492.7558]},"geometry_name":"ge_ponto","properties":{"cd_identificador_ponto_revitalizado":444,"nm_endereco":"Rua Arambare, 652","sg_subprefeitura":"AF","nm_subprefeitura":"Aricanduva","cd_lote_servico":"3","tx_status_ponto_revitalizado":"Revitalizado","dt_atualizacao":"2021-12-08Z","tx_data_referencia":"1º quadrimestre 2021","dc_complemento_endereco":null}},{"type":"Feature","id":"ponto_revitalizado.445","geometry":{"type":"Point","coordinates":[341780.3468,7391124.2613]},"geometry_name":"ge_ponto","properties":{"cd_identificador_ponto_revitalizado":445,"nm_endereco":"Rua Aranaquara & Avenida Vila Ema","sg_subprefeitura":"VP","nm_subprefeitura":"Vila Prudente","cd_lote_servico":"3","tx_status_ponto_revitalizado":"Revitalizado","dt_atualizacao":"2021-12-08Z","tx_data_referencia":"1º quadrimestre 2021","dc_complemento_endereco":null}},{"type":"Feature","id":"ponto_revitalizado.446","geometry":{"type":"Point","coordinates":[334926.3739,7392252.7504]},"geometry_name":"ge_ponto","properties":{"cd_identificador_ponto_revitalizado":446,"nm_endereco":"Rua Araras & Rua Oliveira Lima","sg_subprefeitura":"SE","nm_subprefeitura":"Sé","cd_lote_servico":"2","tx_status_ponto_revitalizado":"Revitalizado","dt_atualizacao":"2021-12-08Z","tx_data_referencia":"1º quadrimestre 2021","dc_complemento_endereco":null}},{"type":"Feature","id":"ponto_revitalizado.447","geometry":{"type":"Point","coordinates":[338571.4725,7398459.2297]},"geometry_name":"ge_ponto","properties":{"cd_identificador_ponto_revitalizado":447,"nm_endereco":"Rua Araritaguaba & Rua Arari Leite","sg_subprefeitura":"MG","nm_subprefeitura":"Vila Maria-Vila Guilherme","cd_lote_servico":"4","tx_status_ponto_revitalizado":"Revitalizado","dt_atualizacao":"2021-12-08Z","tx_data_referencia":"1º quadrimestre 2021","dc_complemento_endereco":null}},{"type":"Feature","id":"ponto_revitalizado.448","geometry":{"type":"Point","coordinates":[325021.8626,7370255.6503]},"geometry_name":"ge_ponto","properties":{"cd_identificador_ponto_revitalizado":448,"nm_endereco":"Rua Arcelina Teixeira da Silva","sg_subprefeitura":"PA","nm_subprefeitura":"Parelheiros","cd_lote_servico":"6","tx_status_ponto_revitalizado":"Revitalizado","dt_atualizacao":"2021-12-08Z","tx_data_referencia":"1º quadrimestre 2021","dc_complemento_endereco":null}},{"type":"Feature","id":"ponto_revitalizado.449","geometry":{"type":"Point","coordinates":[325012.4704,7370130.2666]},"geometry_name":"ge_ponto","properties":{"cd_identificador_ponto_revitalizado":449,"nm_endereco":"Rua Arcelina Teixeira da Silva & Rua Alfonso Lecadre","sg_subprefeitura":"PA","nm_subprefeitura":"Parelheiros","cd_lote_servico":"6","tx_status_ponto_revitalizado":"Revitalizado","dt_atualizacao":"2021-12-08Z","tx_data_referencia":"1º quadrimestre 2021","dc_complemento_endereco":null}},{"type":"Feature","id":"ponto_revitalizado.450","geometry":{"type":"Point","coordinates":[324928.2679,7370037.7606]},"geometry_name":"ge_ponto","properties":{"cd_identificador_ponto_revitalizado":450,"nm_endereco":"Rua Arcelina Teixeira da Silva & Rua Bartolomeu Rampini","sg_subprefeitura":"PA","nm_subprefeitura":"Parelheiros","cd_lote_servico":"6","tx_status_ponto_revitalizado":"Revitalizado","dt_atualizacao":"2021-12-08Z","tx_data_referencia":"1º quadrimestre 2021","dc_complemento_endereco":null}},{"type":"Feature","id":"ponto_revitalizado.451","geometry":{"type":"Point","coordinates":[341145.9817,7396621.5849]},"geometry_name":"ge_ponto","properties":{"cd_identificador_ponto_revitalizado":451,"nm_endereco":"Rua Ardelino de Almeida Castilho, 76","sg_subprefeitura":"MO","nm_subprefeitura":"Mooca","cd_lote_servico":"2","tx_status_ponto_revitalizado":"Eliminado","dt_atualizacao":"2021-12-08Z","tx_data_referencia":"1º quadrimestre 2021","dc_complemento_endereco":null}},{"type":"Feature","id":"ponto_revitalizado.452","geometry":{"type":"Point","coordinates":[322289.1255,7382125.6715]},"geometry_name":"ge_ponto","properties":{"cd_identificador_ponto_revitalizado":452,"nm_endereco":"Rua Aribugu, 236B","sg_subprefeitura":"MB","nm_subprefeitura":"M'Boi Mirim","cd_lote_servico":"6","tx_status_ponto_revitalizado":"Revitalizado","dt_atualizacao":"2021-12-08Z","tx_data_referencia":"1º quadrimestre 2021","dc_complemento_endereco":null}},{"type":"Feature","id":"ponto_revitalizado.453","geometry":{"type":"Point","coordinates":[337571.1366,7394675.2533]},"geometry_name":"ge_ponto","properties":{"cd_identificador_ponto_revitalizado":453,"nm_endereco":"Rua Arinaia, 303","sg_subprefeitura":"MO","nm_subprefeitura":"Mooca","cd_lote_servico":"2","tx_status_ponto_revitalizado":"Eliminado","dt_atualizacao":"2021-12-08Z","tx_data_referencia":"1º quadrimestre 2021","dc_complemento_endereco":null}},{"type":"Feature","id":"ponto_revitalizado.454","geometry":{"type":"Point","coordinates":[355374.7805,7398862.679]},"geometry_name":"ge_ponto","properties":{"cd_identificador_ponto_revitalizado":454,"nm_endereco":"Rua Armando Mamede Júnior, 113","sg_subprefeitura":"IT","nm_subprefeitura":"Itaim Paulista","cd_lote_servico":"1","tx_status_ponto_revitalizado":"Revitalizado","dt_atualizacao":"2021-12-08Z","tx_data_referencia":"1º quadrimestre 2021","dc_complemento_endereco":null}},{"type":"Feature","id":"ponto_revitalizado.455","geometry":{"type":"Point","coordinates":[319456.3368,7382800.9048]},"geometry_name":"ge_ponto","properties":{"cd_identificador_ponto_revitalizado":455,"nm_endereco":"Rua Armando Mas Leite (Viela do Café)","sg_subprefeitura":"CL","nm_subprefeitura":"Campo Limpo","cd_lote_servico":"6","tx_status_ponto_revitalizado":"Revitalizado","dt_atualizacao":"2021-12-08Z","tx_data_referencia":"1º quadrimestre 2021","dc_complemento_endereco":null}},{"type":"Feature","id":"ponto_revitalizado.456","geometry":{"type":"Point","coordinates":[339998.5787,7400921.9757]},"geometry_name":"ge_ponto","properties":{"cd_identificador_ponto_revitalizado":456,"nm_endereco":"Rua Aron Master","sg_subprefeitura":"MG","nm_subprefeitura":"Vila Maria-Vila Guilherme","cd_lote_servico":"4","tx_status_ponto_revitalizado":"Revitalizado","dt_atualizacao":"2021-12-08Z","tx_data_referencia":"1º quadrimestre 2021","dc_complemento_endereco":null}},{"type":"Feature","id":"ponto_revitalizado.457","geometry":{"type":"Point","coordinates":[356742.8184,7392786.9228]},"geometry_name":"ge_ponto","properties":{"cd_identificador_ponto_revitalizado":457,"nm_endereco":"Rua Arroio Antunes, 157","sg_subprefeitura":"CT","nm_subprefeitura":"Cidade Tiradentes","cd_lote_servico":"1","tx_status_ponto_revitalizado":"Revitalizado","dt_atualizacao":"2021-12-08Z","tx_data_referencia":"1º quadrimestre 2021","dc_complemento_endereco":null}},{"type":"Feature","id":"ponto_revitalizado.458","geometry":{"type":"Point","coordinates":[355853.4419,7391128.1307]},"geometry_name":"ge_ponto","properties":{"cd_identificador_ponto_revitalizado":458,"nm_endereco":"Rua Arroio Arapongas, 45","sg_subprefeitura":"CT","nm_subprefeitura":"Cidade Tiradentes","cd_lote_servico":"1","tx_status_ponto_revitalizado":"Revitalizado","dt_atualizacao":"2021-12-08Z","tx_data_referencia":"1º quadrimestre 2021","dc_complemento_endereco":null}},{"type":"Feature","id":"ponto_revitalizado.459","geometry":{"type":"Point","coordinates":[355826.3179,7391107.6171]},"geometry_name":"ge_ponto","properties":{"cd_identificador_ponto_revitalizado":459,"nm_endereco":"Rua Arroio Arapongas, 521","sg_subprefeitura":"CT","nm_subprefeitura":"Cidade Tiradentes","cd_lote_servico":"1","tx_status_ponto_revitalizado":"Revitalizado","dt_atualizacao":"2021-12-08Z","tx_data_referencia":"1º quadrimestre 2021","dc_complemento_endereco":null}},{"type":"Feature","id":"ponto_revitalizado.460","geometry":{"type":"Point","coordinates":[337142.3106,7387504.8912]},"geometry_name":"ge_ponto","properties":{"cd_identificador_ponto_revitalizado":460,"nm_endereco":"Rua Arroio Grande & Rua Araújo Gondim","sg_subprefeitura":"IP","nm_subprefeitura":"Ipiranga","cd_lote_servico":"3","tx_status_ponto_revitalizado":"Revitalizado","dt_atualizacao":"2021-12-08Z","tx_data_referencia":"1º quadrimestre 2021","dc_complemento_endereco":null}},{"type":"Feature","id":"ponto_revitalizado.461","geometry":{"type":"Point","coordinates":[356511.5383,7393168.9268]},"geometry_name":"ge_ponto","properties":{"cd_identificador_ponto_revitalizado":461,"nm_endereco":"Rua Arroio Santa Bárbara","sg_subprefeitura":"CT","nm_subprefeitura":"Cidade Tiradentes","cd_lote_servico":"1","tx_status_ponto_revitalizado":"Revitalizado","dt_atualizacao":"2021-12-08Z","tx_data_referencia":"1º quadrimestre 2021","dc_complemento_endereco":null}},{"type":"Feature","id":"ponto_revitalizado.462","geometry":{"type":"Point","coordinates":[317402.1595,7383876.2736]},"geometry_name":"ge_ponto","properties":{"cd_identificador_ponto_revitalizado":462,"nm_endereco":"Rua Arthur Lundgren, 44","sg_subprefeitura":"CL","nm_subprefeitura":"Campo Limpo","cd_lote_servico":"6","tx_status_ponto_revitalizado":"Revitalizado","dt_atualizacao":"2021-12-08Z","tx_data_referencia":"1º quadrimestre 2021","dc_complemento_endereco":null}},{"type":"Feature","id":"ponto_revitalizado.463","geometry":{"type":"Point","coordinates":[332884.9154,7394203.8391]},"geometry_name":"ge_ponto","properties":{"cd_identificador_ponto_revitalizado":463,"nm_endereco":"Rua Asdrúbal do Nascimento & Rua Jandaia","sg_subprefeitura":"SE","nm_subprefeitura":"Sé","cd_lote_servico":"2","tx_status_ponto_revitalizado":"Revitalizado","dt_atualizacao":"2021-12-08Z","tx_data_referencia":"1º quadrimestre 2021","dc_complemento_endereco":null}},{"type":"Feature","id":"ponto_revitalizado.464","geometry":{"type":"Point","coordinates":[334057.7989,7395360.1525]},"geometry_name":"ge_ponto","properties":{"cd_identificador_ponto_revitalizado":464,"nm_endereco":"Rua Assunção, 104","sg_subprefeitura":"MO","nm_subprefeitura":"Mooca","cd_lote_servico":"2","tx_status_ponto_revitalizado":"Revitalizado","dt_atualizacao":"2021-12-08Z","tx_data_referencia":"1º quadrimestre 2021","dc_complemento_endereco":null}},{"type":"Feature","id":"ponto_revitalizado.465","geometry":{"type":"Point","coordinates":[333022.5479,7382491.9918]},"geometry_name":"ge_ponto","properties":{"cd_identificador_ponto_revitalizado":465,"nm_endereco":"Rua Astrolábio & Rua Euterpe","sg_subprefeitura":"JA","nm_subprefeitura":"Jabaquara","cd_lote_servico":"3","tx_status_ponto_revitalizado":"Revitalizado","dt_atualizacao":"2021-12-08Z","tx_data_referencia":"1º quadrimestre 2021","dc_complemento_endereco":null}},{"type":"Feature","id":"ponto_revitalizado.466","geometry":{"type":"Point","coordinates":[330478.7137,7398780.9738]},"geometry_name":"ge_ponto","properties":{"cd_identificador_ponto_revitalizado":466,"nm_endereco":"Rua Atilio Piffer","sg_subprefeitura":"CV","nm_subprefeitura":"Casa Verde","cd_lote_servico":"4","tx_status_ponto_revitalizado":"Revitalizado","dt_atualizacao":"2021-12-08Z","tx_data_referencia":"1º quadrimestre 2021","dc_complemento_endereco":null}},{"type":"Feature","id":"ponto_revitalizado.467","geometry":{"type":"Point","coordinates":[330973.7474,7383471.9023]},"geometry_name":"ge_ponto","properties":{"cd_identificador_ponto_revitalizado":467,"nm_endereco":"Rua Atos Damasceno, 449","sg_subprefeitura":"JA","nm_subprefeitura":"Jabaquara","cd_lote_servico":"3","tx_status_ponto_revitalizado":"Revitalizado","dt_atualizacao":"2021-12-08Z","tx_data_referencia":"1º quadrimestre 2021","dc_complemento_endereco":null}},{"type":"Feature","id":"ponto_revitalizado.468","geometry":{"type":"Point","coordinates":[331207.8971,7383824.1617]},"geometry_name":"ge_ponto","properties":{"cd_identificador_ponto_revitalizado":468,"nm_endereco":"Rua Atos Damasceno, 69","sg_subprefeitura":"JA","nm_subprefeitura":"Jabaquara","cd_lote_servico":"3","tx_status_ponto_revitalizado":"Revitalizado","dt_atualizacao":"2021-12-08Z","tx_data_referencia":"1º quadrimestre 2021","dc_complemento_endereco":null}},{"type":"Feature","id":"ponto_revitalizado.469","geometry":{"type":"Point","coordinates":[318894.442,7384254.8811]},"geometry_name":"ge_ponto","properties":{"cd_identificador_ponto_revitalizado":469,"nm_endereco":"Rua Atucupe, 802","sg_subprefeitura":"CL","nm_subprefeitura":"Campo Limpo","cd_lote_servico":"6","tx_status_ponto_revitalizado":"Revitalizado","dt_atualizacao":"2021-12-08Z","tx_data_referencia":"1º quadrimestre 2021","dc_complemento_endereco":null}},{"type":"Feature","id":"ponto_revitalizado.470","geometry":{"type":"Point","coordinates":[333830.2703,7387033.3872]},"geometry_name":"ge_ponto","properties":{"cd_identificador_ponto_revitalizado":470,"nm_endereco":"Rua Auguste Clésinger, 144 (Paredão)","sg_subprefeitura":"VM","nm_subprefeitura":"Vila Mariana","cd_lote_servico":"3","tx_status_ponto_revitalizado":"Revitalizado","dt_atualizacao":"2021-12-08Z","tx_data_referencia":"1º quadrimestre 2021","dc_complemento_endereco":null}},{"type":"Feature","id":"ponto_revitalizado.471","geometry":{"type":"Point","coordinates":[326398.21,7402554.1782]},"geometry_name":"ge_ponto","properties":{"cd_identificador_ponto_revitalizado":471,"nm_endereco":"Rua João Teixeira Álvares","sg_subprefeitura":"FB","nm_subprefeitura":"Freguesia Do Ó","cd_lote_servico":"4","tx_status_ponto_revitalizado":"Revitalizado","dt_atualizacao":"2021-12-08Z","tx_data_referencia":"1º quadrimestre 2021","dc_complemento_endereco":null}},{"type":"Feature","id":"ponto_revitalizado.472","geometry":{"type":"Point","coordinates":[336822.5107,7387721.2705]},"geometry_name":"ge_ponto","properties":{"cd_identificador_ponto_revitalizado":472,"nm_endereco":"Rua Aurantina","sg_subprefeitura":"IP","nm_subprefeitura":"Ipiranga","cd_lote_servico":"3","tx_status_ponto_revitalizado":"Eliminado","dt_atualizacao":"2021-12-08Z","tx_data_referencia":"1º quadrimestre 2021","dc_complemento_endereco":null}},{"type":"Feature","id":"ponto_revitalizado.473","geometry":{"type":"Point","coordinates":[326643.916,7396522.8901]},"geometry_name":"ge_ponto","properties":{"cd_identificador_ponto_revitalizado":473,"nm_endereco":"Rua Aurélia, 1180","sg_subprefeitura":"LA","nm_subprefeitura":"Lapa","cd_lote_servico":"5","tx_status_ponto_revitalizado":"Revitalizado","dt_atualizacao":"2021-12-08Z","tx_data_referencia":"1º quadrimestre 2021","dc_complemento_endereco":null}},{"type":"Feature","id":"ponto_revitalizado.474","geometry":{"type":"Point","coordinates":[343579.5491,7391977.3428]},"geometry_name":"ge_ponto","properties":{"cd_identificador_ponto_revitalizado":474,"nm_endereco":"Rua Aurora das Dores, 110","sg_subprefeitura":"AF","nm_subprefeitura":"Aricanduva","cd_lote_servico":"3","tx_status_ponto_revitalizado":"Revitalizado","dt_atualizacao":"2021-12-08Z","tx_data_referencia":"1º quadrimestre 2021","dc_complemento_endereco":null}},{"type":"Feature","id":"ponto_revitalizado.475","geometry":{"type":"Point","coordinates":[334302.683,7394572.932]},"geometry_name":"ge_ponto","properties":{"cd_identificador_ponto_revitalizado":475,"nm_endereco":"Rua Azevedo Junior, 185","sg_subprefeitura":"MO","nm_subprefeitura":"Mooca","cd_lote_servico":"2","tx_status_ponto_revitalizado":"Revitalizado","dt_atualizacao":"2021-12-08Z","tx_data_referencia":"1º quadrimestre 2021","dc_complemento_endereco":null}},{"type":"Feature","id":"ponto_revitalizado.476","geometry":{"type":"Point","coordinates":[330822.3772,7396305.9454]},"geometry_name":"ge_ponto","properties":{"cd_identificador_ponto_revitalizado":476,"nm_endereco":"Rua Azevedo Marques","sg_subprefeitura":"SE","nm_subprefeitura":"Sé","cd_lote_servico":"2","tx_status_ponto_revitalizado":"Revitalizado","dt_atualizacao":"2021-12-08Z","tx_data_referencia":"1º quadrimestre 2021","dc_complemento_endereco":null}},{"type":"Feature","id":"ponto_revitalizado.477","geometry":{"type":"Point","coordinates":[332293.1618,7379638.4205]},"geometry_name":"ge_ponto","properties":{"cd_identificador_ponto_revitalizado":477,"nm_endereco":"Rua Babilônia, 146","sg_subprefeitura":"AD","nm_subprefeitura":"Cidade Ademar","cd_lote_servico":"3","tx_status_ponto_revitalizado":"Revitalizado","dt_atualizacao":"2021-12-08Z","tx_data_referencia":"1º quadrimestre 2021","dc_complemento_endereco":null}},{"type":"Feature","id":"ponto_revitalizado.478","geometry":{"type":"Point","coordinates":[339063.6086,7398246.466]},"geometry_name":"ge_ponto","properties":{"cd_identificador_ponto_revitalizado":478,"nm_endereco":"Rua Badajoz","sg_subprefeitura":"MG","nm_subprefeitura":"Vila Maria-Vila Guilherme","cd_lote_servico":"4","tx_status_ponto_revitalizado":"Revitalizado","dt_atualizacao":"2021-12-08Z","tx_data_referencia":"1º quadrimestre 2021","dc_complemento_endereco":null}},{"type":"Feature","id":"ponto_revitalizado.479","geometry":{"type":"Point","coordinates":[351292.7196,7394965.4274]},"geometry_name":"ge_ponto","properties":{"cd_identificador_ponto_revitalizado":479,"nm_endereco":"Rua Baixada Santista, 71","sg_subprefeitura":"IQ","nm_subprefeitura":"Itaquera","cd_lote_servico":"1","tx_status_ponto_revitalizado":"Revitalizado","dt_atualizacao":"2021-12-08Z","tx_data_referencia":"1º quadrimestre 2021","dc_complemento_endereco":null}},{"type":"Feature","id":"ponto_revitalizado.480","geometry":{"type":"Point","coordinates":[321948.5286,7380912.1118]},"geometry_name":"ge_ponto","properties":{"cd_identificador_ponto_revitalizado":480,"nm_endereco":"Rua Baltazar de Sá, 298","sg_subprefeitura":"MB","nm_subprefeitura":"M'Boi Mirim","cd_lote_servico":"6","tx_status_ponto_revitalizado":"Revitalizado","dt_atualizacao":"2021-12-08Z","tx_data_referencia":"1º quadrimestre 2021","dc_complemento_endereco":null}},{"type":"Feature","id":"ponto_revitalizado.481","geometry":{"type":"Point","coordinates":[358738.7671,7401221.4493]},"geometry_name":"ge_ponto","properties":{"cd_identificador_ponto_revitalizado":481,"nm_endereco":"Rua Baltazar Lemos Navarro, 216","sg_subprefeitura":"IT","nm_subprefeitura":"Itaim Paulista","cd_lote_servico":"1","tx_status_ponto_revitalizado":"Revitalizado","dt_atualizacao":"2021-12-08Z","tx_data_referencia":"1º quadrimestre 2021","dc_complemento_endereco":null}},{"type":"Feature","id":"ponto_revitalizado.482","geometry":{"type":"Point","coordinates":[323322.2335,7367034.3312]},"geometry_name":"ge_ponto","properties":{"cd_identificador_ponto_revitalizado":482,"nm_endereco":"Rua Baltazarini, 26","sg_subprefeitura":"PA","nm_subprefeitura":"Parelheiros","cd_lote_servico":"6","tx_status_ponto_revitalizado":"Revitalizado","dt_atualizacao":"2021-12-08Z","tx_data_referencia":"1º quadrimestre 2021","dc_complemento_endereco":null}},{"type":"Feature","id":"ponto_revitalizado.483","geometry":{"type":"Point","coordinates":[356445.5119,7391306.4954]},"geometry_name":"ge_ponto","properties":{"cd_identificador_ponto_revitalizado":483,"nm_endereco":"Rua Bandeira do Divino","sg_subprefeitura":"CT","nm_subprefeitura":"Cidade Tiradentes","cd_lote_servico":"1","tx_status_ponto_revitalizado":"Revitalizado","dt_atualizacao":"2021-12-08Z","tx_data_referencia":"1º quadrimestre 2021","dc_complemento_endereco":null}},{"type":"Feature","id":"ponto_revitalizado.484","geometry":{"type":"Point","coordinates":[355896.5307,7392741.397]},"geometry_name":"ge_ponto","properties":{"cd_identificador_ponto_revitalizado":484,"nm_endereco":"Rua Barão Antônio de Bemfica, 25","sg_subprefeitura":"CT","nm_subprefeitura":"Cidade Tiradentes","cd_lote_servico":"1","tx_status_ponto_revitalizado":"Revitalizado","dt_atualizacao":"2021-12-08Z","tx_data_referencia":"1º quadrimestre 2021","dc_complemento_endereco":null}},{"type":"Feature","id":"ponto_revitalizado.485","geometry":{"type":"Point","coordinates":[332512.5015,7395243.3176]},"geometry_name":"ge_ponto","properties":{"cd_identificador_ponto_revitalizado":485,"nm_endereco":"Rua Barão de Itapetininga","sg_subprefeitura":"SE","nm_subprefeitura":"Sé","cd_lote_servico":"2","tx_status_ponto_revitalizado":"Eliminado","dt_atualizacao":"2021-12-08Z","tx_data_referencia":"1º quadrimestre 2021","dc_complemento_endereco":null}},{"type":"Feature","id":"ponto_revitalizado.486","geometry":{"type":"Point","coordinates":[337402.0125,7392126.4424]},"geometry_name":"ge_ponto","properties":{"cd_identificador_ponto_revitalizado":486,"nm_endereco":"Rua Barão de Monte Santo, 858","sg_subprefeitura":"MO","nm_subprefeitura":"Mooca","cd_lote_servico":"2","tx_status_ponto_revitalizado":"Revitalizado","dt_atualizacao":"2021-12-08Z","tx_data_referencia":"1º quadrimestre 2021","dc_complemento_endereco":null}},{"type":"Feature","id":"ponto_revitalizado.487","geometry":{"type":"Point","coordinates":[331112.03,7395734.9204]},"geometry_name":"ge_ponto","properties":{"cd_identificador_ponto_revitalizado":487,"nm_endereco":"Rua Barão de Tatui & Rua Baronesa de Itu","sg_subprefeitura":"SE","nm_subprefeitura":"Sé","cd_lote_servico":"2","tx_status_ponto_revitalizado":"Revitalizado","dt_atualizacao":"2021-12-08Z","tx_data_referencia":"1º quadrimestre 2021","dc_complemento_endereco":null}},{"type":"Feature","id":"ponto_revitalizado.488","geometry":{"type":"Point","coordinates":[331285.745,7396149.4804]},"geometry_name":"ge_ponto","properties":{"cd_identificador_ponto_revitalizado":488,"nm_endereco":"Rua Barão de Tatuí & Rua das Palmeiras","sg_subprefeitura":"SE","nm_subprefeitura":"Sé","cd_lote_servico":"2","tx_status_ponto_revitalizado":"Revitalizado","dt_atualizacao":"2021-12-08Z","tx_data_referencia":"1º quadrimestre 2021","dc_complemento_endereco":null}},{"type":"Feature","id":"ponto_revitalizado.489","geometry":{"type":"Point","coordinates":[328879.7774,7386475.3067]},"geometry_name":"ge_ponto","properties":{"cd_identificador_ponto_revitalizado":489,"nm_endereco":"Rua Barão do Jaceguai & Avenida Jornalista Roberto Marinho","sg_subprefeitura":"SA","nm_subprefeitura":"Santo Amaro","cd_lote_servico":"6","tx_status_ponto_revitalizado":"Revitalizado","dt_atualizacao":"2021-12-08Z","tx_data_referencia":"1º quadrimestre 2021","dc_complemento_endereco":null}},{"type":"Feature","id":"ponto_revitalizado.490","geometry":{"type":"Point","coordinates":[318380.2301,7378119.9667]},"geometry_name":"ge_ponto","properties":{"cd_identificador_ponto_revitalizado":490,"nm_endereco":"Rua Barbosa de Freitas, 181","sg_subprefeitura":"MB","nm_subprefeitura":"M'Boi Mirim","cd_lote_servico":"6","tx_status_ponto_revitalizado":"Revitalizado","dt_atualizacao":"2021-12-08Z","tx_data_referencia":"1º quadrimestre 2021","dc_complemento_endereco":null}},{"type":"Feature","id":"ponto_revitalizado.491","geometry":{"type":"Point","coordinates":[341879.5161,7399398.4369]},"geometry_name":"ge_ponto","properties":{"cd_identificador_ponto_revitalizado":491,"nm_endereco":"Rua Barra do Rio Doce & Rua Porto Artaza","sg_subprefeitura":"PE","nm_subprefeitura":"Penha","cd_lote_servico":"4","tx_status_ponto_revitalizado":"Revitalizado","dt_atualizacao":"2021-12-08Z","tx_data_referencia":"1º quadrimestre 2021","dc_complemento_endereco":null}},{"type":"Feature","id":"ponto_revitalizado.492","geometry":{"type":"Point","coordinates":[329582.9802,7401657.5006]},"geometry_name":"ge_ponto","properties":{"cd_identificador_ponto_revitalizado":492,"nm_endereco":"Rua Bartolomeu Bermejo","sg_subprefeitura":"CV","nm_subprefeitura":"Casa Verde","cd_lote_servico":"4","tx_status_ponto_revitalizado":"Revitalizado","dt_atualizacao":"2021-12-08Z","tx_data_referencia":"1º quadrimestre 2021","dc_complemento_endereco":null}},{"type":"Feature","id":"ponto_revitalizado.493","geometry":{"type":"Point","coordinates":[332337.5897,7395118.6006]},"geometry_name":"ge_ponto","properties":{"cd_identificador_ponto_revitalizado":493,"nm_endereco":"Rua Basílio da Gama, 165","sg_subprefeitura":"SE","nm_subprefeitura":"Sé","cd_lote_servico":"2","tx_status_ponto_revitalizado":"Revitalizado","dt_atualizacao":"2021-12-08Z","tx_data_referencia":"1º quadrimestre 2021","dc_complemento_endereco":null}},{"type":"Feature","id":"ponto_revitalizado.494","geometry":{"type":"Point","coordinates":[333837.6517,7391460.3837]},"geometry_name":"ge_ponto","properties":{"cd_identificador_ponto_revitalizado":494,"nm_endereco":"Rua Batista Caetano, 210","sg_subprefeitura":"VM","nm_subprefeitura":"Vila Mariana","cd_lote_servico":"3","tx_status_ponto_revitalizado":"Revitalizado","dt_atualizacao":"2021-12-08Z","tx_data_referencia":"1º quadrimestre 2021","dc_complemento_endereco":null}},{"type":"Feature","id":"ponto_revitalizado.495","geometry":{"type":"Point","coordinates":[346380.9176,7401309.2424]},"geometry_name":"ge_ponto","properties":{"cd_identificador_ponto_revitalizado":495,"nm_endereco":"Rua Belém Santos, 40","sg_subprefeitura":"PE","nm_subprefeitura":"Penha","cd_lote_servico":"4","tx_status_ponto_revitalizado":"Revitalizado","dt_atualizacao":"2021-12-08Z","tx_data_referencia":"1º quadrimestre 2021","dc_complemento_endereco":null}},{"type":"Feature","id":"ponto_revitalizado.496","geometry":{"type":"Point","coordinates":[331246.0156,7383184.8808]},"geometry_name":"ge_ponto","properties":{"cd_identificador_ponto_revitalizado":496,"nm_endereco":"Rua Belford Duarte 288","sg_subprefeitura":"JA","nm_subprefeitura":"Jabaquara","cd_lote_servico":"3","tx_status_ponto_revitalizado":"Revitalizado","dt_atualizacao":"2021-12-08Z","tx_data_referencia":"1º quadrimestre 2021","dc_complemento_endereco":null}},{"type":"Feature","id":"ponto_revitalizado.497","geometry":{"type":"Point","coordinates":[331315.7951,7383255.7975]},"geometry_name":"ge_ponto","properties":{"cd_identificador_ponto_revitalizado":497,"nm_endereco":"Rua Belfort Duarte & Rua Tenente Americo Moretti","sg_subprefeitura":"JA","nm_subprefeitura":"Jabaquara","cd_lote_servico":"3","tx_status_ponto_revitalizado":"Revitalizado","dt_atualizacao":"2021-12-08Z","tx_data_referencia":"1º quadrimestre 2021","dc_complemento_endereco":null}},{"type":"Feature","id":"ponto_revitalizado.498","geometry":{"type":"Point","coordinates":[338282.8601,7400589.4131]},"geometry_name":"ge_ponto","properties":{"cd_identificador_ponto_revitalizado":498,"nm_endereco":"Avenida Belisário Pena, 848","sg_subprefeitura":"MG","nm_subprefeitura":"Vila Maria-Vila Guilherme","cd_lote_servico":"4","tx_status_ponto_revitalizado":"Revitalizado","dt_atualizacao":"2021-12-08Z","tx_data_referencia":"1º quadrimestre 2021","dc_complemento_endereco":null}},{"type":"Feature","id":"ponto_revitalizado.499","geometry":{"type":"Point","coordinates":[330653.3267,7380723.6509]},"geometry_name":"ge_ponto","properties":{"cd_identificador_ponto_revitalizado":499,"nm_endereco":"Rua Bem Aventurança, 183","sg_subprefeitura":"AD","nm_subprefeitura":"Cidade Ademar","cd_lote_servico":"3","tx_status_ponto_revitalizado":"Revitalizado","dt_atualizacao":"2021-12-08Z","tx_data_referencia":"1º quadrimestre 2021","dc_complemento_endereco":null}},{"type":"Feature","id":"ponto_revitalizado.500","geometry":{"type":"Point","coordinates":[344656.9126,7391206.7368]},"geometry_name":"ge_ponto","properties":{"cd_identificador_ponto_revitalizado":500,"nm_endereco":"Rua Bencanta & Rua São Benedito do Rio Preto","sg_subprefeitura":"AF","nm_subprefeitura":"Aricanduva","cd_lote_servico":"3","tx_status_ponto_revitalizado":"Revitalizado","dt_atualizacao":"2021-12-08Z","tx_data_referencia":"1º quadrimestre 2021","dc_complemento_endereco":null}},{"type":"Feature","id":"ponto_revitalizado.501","geometry":{"type":"Point","coordinates":[344527.9923,7391235.7103]},"geometry_name":"ge_ponto","properties":{"cd_identificador_ponto_revitalizado":501,"nm_endereco":"Rua Bencanta","sg_subprefeitura":"AF","nm_subprefeitura":"Aricanduva","cd_lote_servico":"3","tx_status_ponto_revitalizado":"Revitalizado","dt_atualizacao":"2021-12-08Z","tx_data_referencia":"1º quadrimestre 2021","dc_complemento_endereco":null}},{"type":"Feature","id":"ponto_revitalizado.502","geometry":{"type":"Point","coordinates":[328660.4418,7403476.8617]},"geometry_name":"ge_ponto","properties":{"cd_identificador_ponto_revitalizado":502,"nm_endereco":"Rua Benedito da Conceição (Viela)","sg_subprefeitura":"FB","nm_subprefeitura":"Freguesia Do Ó","cd_lote_servico":"4","tx_status_ponto_revitalizado":"Eliminado","dt_atualizacao":"2021-12-08Z","tx_data_referencia":"1º quadrimestre 2021","dc_complemento_endereco":null}},{"type":"Feature","id":"ponto_revitalizado.503","geometry":{"type":"Point","coordinates":[343176.9127,7392066.3887]},"geometry_name":"ge_ponto","properties":{"cd_identificador_ponto_revitalizado":503,"nm_endereco":"Rua Benedito de Oliveira Gomes","sg_subprefeitura":"AF","nm_subprefeitura":"Aricanduva","cd_lote_servico":"3","tx_status_ponto_revitalizado":"Revitalizado","dt_atualizacao":"2021-12-08Z","tx_data_referencia":"1º quadrimestre 2021","dc_complemento_endereco":null}},{"type":"Feature","id":"ponto_revitalizado.504","geometry":{"type":"Point","coordinates":[325827.274,7382309.3251]},"geometry_name":"ge_ponto","properties":{"cd_identificador_ponto_revitalizado":504,"nm_endereco":"Rua Benedito Fernandes","sg_subprefeitura":"SA","nm_subprefeitura":"Santo Amaro","cd_lote_servico":"6","tx_status_ponto_revitalizado":"Revitalizado","dt_atualizacao":"2021-12-08Z","tx_data_referencia":"1º quadrimestre 2021","dc_complemento_endereco":null}},{"type":"Feature","id":"ponto_revitalizado.505","geometry":{"type":"Point","coordinates":[339315.7073,7402465.4356]},"geometry_name":"ge_ponto","properties":{"cd_identificador_ponto_revitalizado":505,"nm_endereco":"Rua Benfica & Rua Carlos dos Santos","sg_subprefeitura":"MG","nm_subprefeitura":"Vila Maria-Vila Guilherme","cd_lote_servico":"4","tx_status_ponto_revitalizado":"Revitalizado","dt_atualizacao":"2021-12-08Z","tx_data_referencia":"1º quadrimestre 2021","dc_complemento_endereco":null}},{"type":"Feature","id":"ponto_revitalizado.506","geometry":{"type":"Point","coordinates":[339564.672,7401996.7025]},"geometry_name":"ge_ponto","properties":{"cd_identificador_ponto_revitalizado":506,"nm_endereco":"Rua Benfica, 156","sg_subprefeitura":"MG","nm_subprefeitura":"Vila Maria-Vila Guilherme","cd_lote_servico":"4","tx_status_ponto_revitalizado":"Eliminado","dt_atualizacao":"2021-12-08Z","tx_data_referencia":"1º quadrimestre 2021","dc_complemento_endereco":null}},{"type":"Feature","id":"ponto_revitalizado.507","geometry":{"type":"Point","coordinates":[339404.3131,7402293.859]},"geometry_name":"ge_ponto","properties":{"cd_identificador_ponto_revitalizado":507,"nm_endereco":"Rua Benfica, 515","sg_subprefeitura":"MG","nm_subprefeitura":"Vila Maria-Vila Guilherme","cd_lote_servico":"4","tx_status_ponto_revitalizado":"Eliminado","dt_atualizacao":"2021-12-08Z","tx_data_referencia":"1º quadrimestre 2021","dc_complemento_endereco":null}},{"type":"Feature","id":"ponto_revitalizado.508","geometry":{"type":"Point","coordinates":[339239.2574,7402608.9039]},"geometry_name":"ge_ponto","properties":{"cd_identificador_ponto_revitalizado":508,"nm_endereco":"Rua Benfica, 859","sg_subprefeitura":"MG","nm_subprefeitura":"Vila Maria-Vila Guilherme","cd_lote_servico":"4","tx_status_ponto_revitalizado":"Revitalizado","dt_atualizacao":"2021-12-08Z","tx_data_referencia":"1º quadrimestre 2021","dc_complemento_endereco":null}},{"type":"Feature","id":"ponto_revitalizado.509","geometry":{"type":"Point","coordinates":[348511.7068,7398984.6157]},"geometry_name":"ge_ponto","properties":{"cd_identificador_ponto_revitalizado":509,"nm_endereco":"Rua Bento Espinosa, 225","sg_subprefeitura":"EM","nm_subprefeitura":"Ermelino Matarazzo","cd_lote_servico":"1","tx_status_ponto_revitalizado":"Revitalizado","dt_atualizacao":"2021-12-08Z","tx_data_referencia":"1º quadrimestre 2021","dc_complemento_endereco":null}},{"type":"Feature","id":"ponto_revitalizado.510","geometry":{"type":"Point","coordinates":[355946.1047,7393781.3046]},"geometry_name":"ge_ponto","properties":{"cd_identificador_ponto_revitalizado":510,"nm_endereco":"Rua Bento Soares Mota, 40","sg_subprefeitura":"G","nm_subprefeitura":"Guaianases","cd_lote_servico":"1","tx_status_ponto_revitalizado":"Eliminado","dt_atualizacao":"2021-12-08Z","tx_data_referencia":"1º quadrimestre 2021","dc_complemento_endereco":null}},{"type":"Feature","id":"ponto_revitalizado.511","geometry":{"type":"Point","coordinates":[329282.8522,7385701.1948]},"geometry_name":"ge_ponto","properties":{"cd_identificador_ponto_revitalizado":511,"nm_endereco":"Rua Bernardino de Campos & Rua Cristovão Pereira","sg_subprefeitura":"SA","nm_subprefeitura":"Santo Amaro","cd_lote_servico":"6","tx_status_ponto_revitalizado":"Revitalizado","dt_atualizacao":"2021-12-08Z","tx_data_referencia":"1º quadrimestre 2021","dc_complemento_endereco":null}},{"type":"Feature","id":"ponto_revitalizado.512","geometry":{"type":"Point","coordinates":[356983.4054,7389482.6556]},"geometry_name":"ge_ponto","properties":{"cd_identificador_ponto_revitalizado":512,"nm_endereco":"Rua Bernardino Luini","sg_subprefeitura":"CT","nm_subprefeitura":"Cidade Tiradentes","cd_lote_servico":"1","tx_status_ponto_revitalizado":"Revitalizado","dt_atualizacao":"2021-12-08Z","tx_data_referencia":"1º quadrimestre 2021","dc_complemento_endereco":null}},{"type":"Feature","id":"ponto_revitalizado.513","geometry":{"type":"Point","coordinates":[353809.9444,7389128.2089]},"geometry_name":"ge_ponto","properties":{"cd_identificador_ponto_revitalizado":513,"nm_endereco":"Rua Bernardo Antunes Rolim, 111","sg_subprefeitura":"SM","nm_subprefeitura":"São Mateus","cd_lote_servico":"1","tx_status_ponto_revitalizado":"Revitalizado","dt_atualizacao":"2021-12-08Z","tx_data_referencia":"1º quadrimestre 2021","dc_complemento_endereco":null}},{"type":"Feature","id":"ponto_revitalizado.514","geometry":{"type":"Point","coordinates":[353637.3707,7388698.0862]},"geometry_name":"ge_ponto","properties":{"cd_identificador_ponto_revitalizado":514,"nm_endereco":"Rua Bernardo Antunes Rolim, 672","sg_subprefeitura":"SM","nm_subprefeitura":"São Mateus","cd_lote_servico":"1","tx_status_ponto_revitalizado":"Revitalizado","dt_atualizacao":"2021-12-08Z","tx_data_referencia":"1º quadrimestre 2021","dc_complemento_endereco":null}},{"type":"Feature","id":"ponto_revitalizado.515","geometry":{"type":"Point","coordinates":[320846.3946,7384820.8585]},"geometry_name":"ge_ponto","properties":{"cd_identificador_ponto_revitalizado":515,"nm_endereco":"Rua Bernardo Correia Leitão, 455","sg_subprefeitura":"CL","nm_subprefeitura":"Campo Limpo","cd_lote_servico":"6","tx_status_ponto_revitalizado":"Revitalizado","dt_atualizacao":"2021-12-08Z","tx_data_referencia":"1º quadrimestre 2021","dc_complemento_endereco":null}},{"type":"Feature","id":"ponto_revitalizado.516","geometry":{"type":"Point","coordinates":[347329.2241,7389062.8427]},"geometry_name":"ge_ponto","properties":{"cd_identificador_ponto_revitalizado":516,"nm_endereco":"Rua Boa Família, 357","sg_subprefeitura":"SM","nm_subprefeitura":"São Mateus","cd_lote_servico":"1","tx_status_ponto_revitalizado":"Revitalizado","dt_atualizacao":"2021-12-08Z","tx_data_referencia":"1º quadrimestre 2021","dc_complemento_endereco":null}},{"type":"Feature","id":"ponto_revitalizado.517","geometry":{"type":"Point","coordinates":[319537.1315,7378205.7122]},"geometry_name":"ge_ponto","properties":{"cd_identificador_ponto_revitalizado":517,"nm_endereco":"Rua Bonifácio Paquali, 123","sg_subprefeitura":"MB","nm_subprefeitura":"M'Boi Mirim","cd_lote_servico":"6","tx_status_ponto_revitalizado":"Revitalizado","dt_atualizacao":"2021-12-08Z","tx_data_referencia":"1º quadrimestre 2021","dc_complemento_endereco":null}},{"type":"Feature","id":"ponto_revitalizado.518","geometry":{"type":"Point","coordinates":[319585.5919,7378163.6704]},"geometry_name":"ge_ponto","properties":{"cd_identificador_ponto_revitalizado":518,"nm_endereco":"Rua Bonifácio Pasquali, 123","sg_subprefeitura":"MB","nm_subprefeitura":"M'Boi Mirim","cd_lote_servico":"6","tx_status_ponto_revitalizado":"Revitalizado","dt_atualizacao":"2021-12-08Z","tx_data_referencia":"1º quadrimestre 2021","dc_complemento_endereco":null}},{"type":"Feature","id":"ponto_revitalizado.519","geometry":{"type":"Point","coordinates":[326613.941,7382764.9608]},"geometry_name":"ge_ponto","properties":{"cd_identificador_ponto_revitalizado":519,"nm_endereco":"Rua Borba Gato","sg_subprefeitura":"SA","nm_subprefeitura":"Santo Amaro","cd_lote_servico":"6","tx_status_ponto_revitalizado":"Revitalizado","dt_atualizacao":"2021-12-08Z","tx_data_referencia":"1º quadrimestre 2021","dc_complemento_endereco":null}},{"type":"Feature","id":"ponto_revitalizado.520","geometry":{"type":"Point","coordinates":[324151.6357,7398574.972]},"geometry_name":"ge_ponto","properties":{"cd_identificador_ponto_revitalizado":520,"nm_endereco":"Rua Botocudos & Rua Conselheiro Ribas","sg_subprefeitura":"LA","nm_subprefeitura":"Lapa","cd_lote_servico":"5","tx_status_ponto_revitalizado":"Revitalizado","dt_atualizacao":"2021-12-08Z","tx_data_referencia":"1º quadrimestre 2021","dc_complemento_endereco":null}},{"type":"Feature","id":"ponto_revitalizado.521","geometry":{"type":"Point","coordinates":[352484.1316,7395719.1299]},"geometry_name":"ge_ponto","properties":{"cd_identificador_ponto_revitalizado":521,"nm_endereco":"Rua Botuporã, 300","sg_subprefeitura":"IQ","nm_subprefeitura":"Itaquera","cd_lote_servico":"1","tx_status_ponto_revitalizado":"Revitalizado","dt_atualizacao":"2021-12-08Z","tx_data_referencia":"1º quadrimestre 2021","dc_complemento_endereco":null}},{"type":"Feature","id":"ponto_revitalizado.522","geometry":{"type":"Point","coordinates":[352816.7265,7395947.285]},"geometry_name":"ge_ponto","properties":{"cd_identificador_ponto_revitalizado":522,"nm_endereco":"Rua Botuporã & Rua Dona Maria de Camargo","sg_subprefeitura":"IQ","nm_subprefeitura":"Itaquera","cd_lote_servico":"1","tx_status_ponto_revitalizado":"Revitalizado","dt_atualizacao":"2021-12-08Z","tx_data_referencia":"1º quadrimestre 2021","dc_complemento_endereco":null}},{"type":"Feature","id":"ponto_revitalizado.523","geometry":{"type":"Point","coordinates":[324749.2901,7384430.6005]},"geometry_name":"ge_ponto","properties":{"cd_identificador_ponto_revitalizado":523,"nm_endereco":"Rua Bragança Paulista & Rua Marcileia","sg_subprefeitura":"SA","nm_subprefeitura":"Santo Amaro","cd_lote_servico":"6","tx_status_ponto_revitalizado":"Revitalizado","dt_atualizacao":"2021-12-08Z","tx_data_referencia":"1º quadrimestre 2021","dc_complemento_endereco":null}},{"type":"Feature","id":"ponto_revitalizado.524","geometry":{"type":"Point","coordinates":[326069.3331,7375161.7407]},"geometry_name":"ge_ponto","properties":{"cd_identificador_ponto_revitalizado":524,"nm_endereco":"Rua Brás da Rocha, 569","sg_subprefeitura":"CS","nm_subprefeitura":"Capela Do Socorro","cd_lote_servico":"6","tx_status_ponto_revitalizado":"Revitalizado","dt_atualizacao":"2021-12-08Z","tx_data_referencia":"1º quadrimestre 2021","dc_complemento_endereco":null}},{"type":"Feature","id":"ponto_revitalizado.525","geometry":{"type":"Point","coordinates":[320385.8601,7378064.1516]},"geometry_name":"ge_ponto","properties":{"cd_identificador_ponto_revitalizado":525,"nm_endereco":"Rua Brasilina da Silva de Abreu, 165","sg_subprefeitura":"MB","nm_subprefeitura":"M'Boi Mirim","cd_lote_servico":"6","tx_status_ponto_revitalizado":"Revitalizado","dt_atualizacao":"2021-12-08Z","tx_data_referencia":"1º quadrimestre 2021","dc_complemento_endereco":null}},{"type":"Feature","id":"ponto_revitalizado.526","geometry":{"type":"Point","coordinates":[325578.3085,7382482.3394]},"geometry_name":"ge_ponto","properties":{"cd_identificador_ponto_revitalizado":526,"nm_endereco":"Rua Brasilio Luz","sg_subprefeitura":"SA","nm_subprefeitura":"Santo Amaro","cd_lote_servico":"6","tx_status_ponto_revitalizado":"Revitalizado","dt_atualizacao":"2021-12-08Z","tx_data_referencia":"1º quadrimestre 2021","dc_complemento_endereco":null}},{"type":"Feature","id":"ponto_revitalizado.527","geometry":{"type":"Point","coordinates":[337140.4691,7387057.4342]},"geometry_name":"ge_ponto","properties":{"cd_identificador_ponto_revitalizado":527,"nm_endereco":"Rua Budapeste & Rua Alencar Araripe","sg_subprefeitura":"IP","nm_subprefeitura":"Ipiranga","cd_lote_servico":"3","tx_status_ponto_revitalizado":"Revitalizado","dt_atualizacao":"2021-12-08Z","tx_data_referencia":"1º quadrimestre 2021","dc_complemento_endereco":null}},{"type":"Feature","id":"ponto_revitalizado.528","geometry":{"type":"Point","coordinates":[329928.3388,7383204.5494]},"geometry_name":"ge_ponto","properties":{"cd_identificador_ponto_revitalizado":528,"nm_endereco":"Rua Cabiuna","sg_subprefeitura":"JA","nm_subprefeitura":"Jabaquara","cd_lote_servico":"3","tx_status_ponto_revitalizado":"Revitalizado","dt_atualizacao":"2021-12-08Z","tx_data_referencia":"1º quadrimestre 2021","dc_complemento_endereco":null}},{"type":"Feature","id":"ponto_revitalizado.529","geometry":{"type":"Point","coordinates":[349840.8664,7396602.5708]},"geometry_name":"ge_ponto","properties":{"cd_identificador_ponto_revitalizado":529,"nm_endereco":"Rua Cabo Joel Leite, 65","sg_subprefeitura":"IQ","nm_subprefeitura":"Itaquera","cd_lote_servico":"1","tx_status_ponto_revitalizado":"Revitalizado","dt_atualizacao":"2021-12-08Z","tx_data_referencia":"1º quadrimestre 2021","dc_complemento_endereco":null}},{"type":"Feature","id":"ponto_revitalizado.530","geometry":{"type":"Point","coordinates":[356404.8562,7392577.2964]},"geometry_name":"ge_ponto","properties":{"cd_identificador_ponto_revitalizado":530,"nm_endereco":"Rua Cachoeira das Abelhas","sg_subprefeitura":"CT","nm_subprefeitura":"Cidade Tiradentes","cd_lote_servico":"1","tx_status_ponto_revitalizado":"Revitalizado","dt_atualizacao":"2021-12-08Z","tx_data_referencia":"1º quadrimestre 2021","dc_complemento_endereco":null}},{"type":"Feature","id":"ponto_revitalizado.531","geometry":{"type":"Point","coordinates":[356597.6136,7392469.4439]},"geometry_name":"ge_ponto","properties":{"cd_identificador_ponto_revitalizado":531,"nm_endereco":"Rua Cachoeira das Abelhas, 475","sg_subprefeitura":"CT","nm_subprefeitura":"Cidade Tiradentes","cd_lote_servico":"1","tx_status_ponto_revitalizado":"Revitalizado","dt_atualizacao":"2021-12-08Z","tx_data_referencia":"1º quadrimestre 2021","dc_complemento_endereco":null}},{"type":"Feature","id":"ponto_revitalizado.532","geometry":{"type":"Point","coordinates":[357406.4057,7391083.5698]},"geometry_name":"ge_ponto","properties":{"cd_identificador_ponto_revitalizado":532,"nm_endereco":"Rua Cachoeira do Campo Grande","sg_subprefeitura":"CT","nm_subprefeitura":"Cidade Tiradentes","cd_lote_servico":"1","tx_status_ponto_revitalizado":"Revitalizado","dt_atualizacao":"2021-12-08Z","tx_data_referencia":"1º quadrimestre 2021","dc_complemento_endereco":null}},{"type":"Feature","id":"ponto_revitalizado.533","geometry":{"type":"Point","coordinates":[357277.0243,7392574.3201]},"geometry_name":"ge_ponto","properties":{"cd_identificador_ponto_revitalizado":533,"nm_endereco":"Rua Cachoeira Maçaranduba, 20","sg_subprefeitura":"CT","nm_subprefeitura":"Cidade Tiradentes","cd_lote_servico":"1","tx_status_ponto_revitalizado":"Revitalizado","dt_atualizacao":"2021-12-08Z","tx_data_referencia":"1º quadrimestre 2021","dc_complemento_endereco":null}},{"type":"Feature","id":"ponto_revitalizado.534","geometry":{"type":"Point","coordinates":[357267.2101,7392084.5278]},"geometry_name":"ge_ponto","properties":{"cd_identificador_ponto_revitalizado":534,"nm_endereco":"Rua Cachoeira Maçaranduba, 250","sg_subprefeitura":"CT","nm_subprefeitura":"Cidade Tiradentes","cd_lote_servico":"1","tx_status_ponto_revitalizado":"Revitalizado","dt_atualizacao":"2021-12-08Z","tx_data_referencia":"1º quadrimestre 2021","dc_complemento_endereco":null}},{"type":"Feature","id":"ponto_revitalizado.535","geometry":{"type":"Point","coordinates":[357366.8238,7392231.8997]},"geometry_name":"ge_ponto","properties":{"cd_identificador_ponto_revitalizado":535,"nm_endereco":"Rua Cachoeira Maçaranduba, 94","sg_subprefeitura":"CT","nm_subprefeitura":"Cidade Tiradentes","cd_lote_servico":"1","tx_status_ponto_revitalizado":"Revitalizado","dt_atualizacao":"2021-12-08Z","tx_data_referencia":"1º quadrimestre 2021","dc_complemento_endereco":null}},{"type":"Feature","id":"ponto_revitalizado.536","geometry":{"type":"Point","coordinates":[356788.6527,7392922.2545]},"geometry_name":"ge_ponto","properties":{"cd_identificador_ponto_revitalizado":536,"nm_endereco":"Rua Cachoeira Morena","sg_subprefeitura":"CT","nm_subprefeitura":"Cidade Tiradentes","cd_lote_servico":"1","tx_status_ponto_revitalizado":"Revitalizado","dt_atualizacao":"2021-12-08Z","tx_data_referencia":"1º quadrimestre 2021","dc_complemento_endereco":null}},{"type":"Feature","id":"ponto_revitalizado.537","geometry":{"type":"Point","coordinates":[330780.7836,7399492.5106]},"geometry_name":"ge_ponto","properties":{"cd_identificador_ponto_revitalizado":537,"nm_endereco":"Rua Caetano Desco","sg_subprefeitura":"CV","nm_subprefeitura":"Casa Verde","cd_lote_servico":"4","tx_status_ponto_revitalizado":"Revitalizado","dt_atualizacao":"2021-12-08Z","tx_data_referencia":"1º quadrimestre 2021","dc_complemento_endereco":null}},{"type":"Feature","id":"ponto_revitalizado.538","geometry":{"type":"Point","coordinates":[343838.0632,7391514.0815]},"geometry_name":"ge_ponto","properties":{"cd_identificador_ponto_revitalizado":538,"nm_endereco":"Rua Caetano do Amaral, 256","sg_subprefeitura":"AF","nm_subprefeitura":"Aricanduva","cd_lote_servico":"3","tx_status_ponto_revitalizado":"Revitalizado","dt_atualizacao":"2021-12-08Z","tx_data_referencia":"1º quadrimestre 2021","dc_complemento_endereco":null}},{"type":"Feature","id":"ponto_revitalizado.539","geometry":{"type":"Point","coordinates":[353905.1501,7395638.142]},"geometry_name":"ge_ponto","properties":{"cd_identificador_ponto_revitalizado":539,"nm_endereco":"Rua Caetano Duarte & Avenida Professor Osvaldo de Oliveira","sg_subprefeitura":"IQ","nm_subprefeitura":"Itaquera","cd_lote_servico":"1","tx_status_ponto_revitalizado":"Revitalizado","dt_atualizacao":"2021-12-08Z","tx_data_referencia":"1º quadrimestre 2021","dc_complemento_endereco":null}},{"type":"Feature","id":"ponto_revitalizado.540","geometry":{"type":"Point","coordinates":[330394.9462,7405051.0769]},"geometry_name":"ge_ponto","properties":{"cd_identificador_ponto_revitalizado":540,"nm_endereco":"Rua Caetano Nogueira da Costa","sg_subprefeitura":"CV","nm_subprefeitura":"Casa Verde","cd_lote_servico":"4","tx_status_ponto_revitalizado":"Revitalizado","dt_atualizacao":"2021-12-08Z","tx_data_referencia":"1º quadrimestre 2021","dc_complemento_endereco":null}},{"type":"Feature","id":"ponto_revitalizado.541","geometry":{"type":"Point","coordinates":[334475.3221,7394863.1735]},"geometry_name":"ge_ponto","properties":{"cd_identificador_ponto_revitalizado":541,"nm_endereco":"Rua Caetano Pinto, 220","sg_subprefeitura":"MO","nm_subprefeitura":"Mooca","cd_lote_servico":"2","tx_status_ponto_revitalizado":"Revitalizado","dt_atualizacao":"2021-12-08Z","tx_data_referencia":"1º quadrimestre 2021","dc_complemento_endereco":null}},{"type":"Feature","id":"ponto_revitalizado.542","geometry":{"type":"Point","coordinates":[331725.6239,7394722.1682]},"geometry_name":"ge_ponto","properties":{"cd_identificador_ponto_revitalizado":542,"nm_endereco":"Rua Caio Prado & Rua Gravataí","sg_subprefeitura":"SE","nm_subprefeitura":"Sé","cd_lote_servico":"2","tx_status_ponto_revitalizado":"Revitalizado","dt_atualizacao":"2021-12-08Z","tx_data_referencia":"1º quadrimestre 2021","dc_complemento_endereco":null}},{"type":"Feature","id":"ponto_revitalizado.543","geometry":{"type":"Point","coordinates":[336584.3168,7395361.9967]},"geometry_name":"ge_ponto","properties":{"cd_identificador_ponto_revitalizado":543,"nm_endereco":"Rua Cajuru, 276","sg_subprefeitura":"MO","nm_subprefeitura":"Mooca","cd_lote_servico":"2","tx_status_ponto_revitalizado":"Revitalizado","dt_atualizacao":"2021-12-08Z","tx_data_referencia":"1º quadrimestre 2021","dc_complemento_endereco":null}},{"type":"Feature","id":"ponto_revitalizado.544","geometry":{"type":"Point","coordinates":[346983.8514,7389882.0712]},"geometry_name":"ge_ponto","properties":{"cd_identificador_ponto_revitalizado":544,"nm_endereco":"Rua Campo Florido , 14","sg_subprefeitura":"SM","nm_subprefeitura":"São Mateus","cd_lote_servico":"1","tx_status_ponto_revitalizado":"Revitalizado","dt_atualizacao":"2021-12-08Z","tx_data_referencia":"1º quadrimestre 2021","dc_complemento_endereco":null}},{"type":"Feature","id":"ponto_revitalizado.545","geometry":{"type":"Point","coordinates":[327398.8385,7391724]},"geometry_name":"ge_ponto","properties":{"cd_identificador_ponto_revitalizado":545,"nm_endereco":"Rua Campo Verde","sg_subprefeitura":"PI","nm_subprefeitura":"Pinheiros","cd_lote_servico":"5","tx_status_ponto_revitalizado":"Revitalizado","dt_atualizacao":"2021-12-08Z","tx_data_referencia":"1º quadrimestre 2021","dc_complemento_endereco":null}},{"type":"Feature","id":"ponto_revitalizado.546","geometry":{"type":"Point","coordinates":[326995.6142,7371156.2467]},"geometry_name":"ge_ponto","properties":{"cd_identificador_ponto_revitalizado":546,"nm_endereco":"Rua Canário Natal, 281","sg_subprefeitura":"CS","nm_subprefeitura":"Capela Do Socorro","cd_lote_servico":"6","tx_status_ponto_revitalizado":"Revitalizado","dt_atualizacao":"2021-12-08Z","tx_data_referencia":"1º quadrimestre 2021","dc_complemento_endereco":null}},{"type":"Feature","id":"ponto_revitalizado.547","geometry":{"type":"Point","coordinates":[335693.2726,7383296.5448]},"geometry_name":"ge_ponto","properties":{"cd_identificador_ponto_revitalizado":547,"nm_endereco":"Rua Canção do Exílio & Praça Itiro Muto","sg_subprefeitura":"IP","nm_subprefeitura":"Ipiranga","cd_lote_servico":"3","tx_status_ponto_revitalizado":"Revitalizado","dt_atualizacao":"2021-12-08Z","tx_data_referencia":"1º quadrimestre 2021","dc_complemento_endereco":null}},{"type":"Feature","id":"ponto_revitalizado.548","geometry":{"type":"Point","coordinates":[356822.9179,7391654.2716]},"geometry_name":"ge_ponto","properties":{"cd_identificador_ponto_revitalizado":548,"nm_endereco":"Rua Canção do Sonho Bom, 83","sg_subprefeitura":"CT","nm_subprefeitura":"Cidade Tiradentes","cd_lote_servico":"1","tx_status_ponto_revitalizado":"Revitalizado","dt_atualizacao":"2021-12-08Z","tx_data_referencia":"1º quadrimestre 2021","dc_complemento_endereco":null}},{"type":"Feature","id":"ponto_revitalizado.549","geometry":{"type":"Point","coordinates":[317142.371,7390674.8496]},"geometry_name":"ge_ponto","properties":{"cd_identificador_ponto_revitalizado":549,"nm_endereco":"Rua Candido Fontoura","sg_subprefeitura":"BT","nm_subprefeitura":"Butantã","cd_lote_servico":"5","tx_status_ponto_revitalizado":"Revitalizado","dt_atualizacao":"2021-12-08Z","tx_data_referencia":"1º quadrimestre 2021","dc_complemento_endereco":null}},{"type":"Feature","id":"ponto_revitalizado.550","geometry":{"type":"Point","coordinates":[332463.9638,7381342.6945]},"geometry_name":"ge_ponto","properties":{"cd_identificador_ponto_revitalizado":550,"nm_endereco":"Rua Candido Guerreiro, 9","sg_subprefeitura":"JA","nm_subprefeitura":"Jabaquara","cd_lote_servico":"3","tx_status_ponto_revitalizado":"Revitalizado","dt_atualizacao":"2021-12-08Z","tx_data_referencia":"1º quadrimestre 2021","dc_complemento_endereco":null}},{"type":"Feature","id":"ponto_revitalizado.551","geometry":{"type":"Point","coordinates":[321025.8991,7382953.8614]},"geometry_name":"ge_ponto","properties":{"cd_identificador_ponto_revitalizado":551,"nm_endereco":"Rua Canuto Luiz do Nascimento, 199","sg_subprefeitura":"MB","nm_subprefeitura":"M'Boi Mirim","cd_lote_servico":"6","tx_status_ponto_revitalizado":"Revitalizado","dt_atualizacao":"2021-12-08Z","tx_data_referencia":"1º quadrimestre 2021","dc_complemento_endereco":null}},{"type":"Feature","id":"ponto_revitalizado.552","geometry":{"type":"Point","coordinates":[327651.9013,7401852.8069]},"geometry_name":"ge_ponto","properties":{"cd_identificador_ponto_revitalizado":552,"nm_endereco":"Rua Capitão Antonio de Azevedo & Avenida João Paulo I","sg_subprefeitura":"FB","nm_subprefeitura":"Freguesia Do Ó","cd_lote_servico":"4","tx_status_ponto_revitalizado":"Revitalizado","dt_atualizacao":"2021-12-08Z","tx_data_referencia":"1º quadrimestre 2021","dc_complemento_endereco":null}},{"type":"Feature","id":"ponto_revitalizado.553","geometry":{"type":"Point","coordinates":[356918.3612,7391643.0249]},"geometry_name":"ge_ponto","properties":{"cd_identificador_ponto_revitalizado":553,"nm_endereco":"Rua Capitão da Meia Noite","sg_subprefeitura":"CT","nm_subprefeitura":"Cidade Tiradentes","cd_lote_servico":"1","tx_status_ponto_revitalizado":"Revitalizado","dt_atualizacao":"2021-12-08Z","tx_data_referencia":"1º quadrimestre 2021","dc_complemento_endereco":null}},{"type":"Feature","id":"ponto_revitalizado.554","geometry":{"type":"Point","coordinates":[337226.517,7391165.3858]},"geometry_name":"ge_ponto","properties":{"cd_identificador_ponto_revitalizado":554,"nm_endereco":"Rua Capitão Pacheco e Chaves & Avenida Henry Ford","sg_subprefeitura":"VP","nm_subprefeitura":"Vila Prudente","cd_lote_servico":"3","tx_status_ponto_revitalizado":"Revitalizado","dt_atualizacao":"2021-12-08Z","tx_data_referencia":"1º quadrimestre 2021","dc_complemento_endereco":null}},{"type":"Feature","id":"ponto_revitalizado.555","geometry":{"type":"Point","coordinates":[336935.7261,7391144.7554]},"geometry_name":"ge_ponto","properties":{"cd_identificador_ponto_revitalizado":555,"nm_endereco":"Rua dos Patriotas & Avenida Presidente Wilson","sg_subprefeitura":"IP","nm_subprefeitura":"Ipiranga","cd_lote_servico":"3","tx_status_ponto_revitalizado":"Revitalizado","dt_atualizacao":"2021-12-08Z","tx_data_referencia":"1º quadrimestre 2021","dc_complemento_endereco":null}},{"type":"Feature","id":"ponto_revitalizado.556","geometry":{"type":"Point","coordinates":[356063.1274,7395677.2384]},"geometry_name":"ge_ponto","properties":{"cd_identificador_ponto_revitalizado":556,"nm_endereco":"Rua Capitão Pucci, 31","sg_subprefeitura":"G","nm_subprefeitura":"Guaianases","cd_lote_servico":"1","tx_status_ponto_revitalizado":"Revitalizado","dt_atualizacao":"2021-12-08Z","tx_data_referencia":"1º quadrimestre 2021","dc_complemento_endereco":null}},{"type":"Feature","id":"ponto_revitalizado.557","geometry":{"type":"Point","coordinates":[332863.8577,7383029.6558]},"geometry_name":"ge_ponto","properties":{"cd_identificador_ponto_revitalizado":557,"nm_endereco":"Rua Capitão Valdir Alves Siqueira & Rua Porcelana","sg_subprefeitura":"JA","nm_subprefeitura":"Jabaquara","cd_lote_servico":"3","tx_status_ponto_revitalizado":"Revitalizado","dt_atualizacao":"2021-12-08Z","tx_data_referencia":"1º quadrimestre 2021","dc_complemento_endereco":null}},{"type":"Feature","id":"ponto_revitalizado.558","geometry":{"type":"Point","coordinates":[330589.1294,7397348.9868]},"geometry_name":"ge_ponto","properties":{"cd_identificador_ponto_revitalizado":558,"nm_endereco":"Rua Capitão-Mor Gonçalo Monteiro","sg_subprefeitura":"SE","nm_subprefeitura":"Sé","cd_lote_servico":"2","tx_status_ponto_revitalizado":"Eliminado","dt_atualizacao":"2021-12-08Z","tx_data_referencia":"1º quadrimestre 2021","dc_complemento_endereco":null}},{"type":"Feature","id":"ponto_revitalizado.559","geometry":{"type":"Point","coordinates":[330041.8446,7394437.5631]},"geometry_name":"ge_ponto","properties":{"cd_identificador_ponto_revitalizado":559,"nm_endereco":"Rua Capivari, 337","sg_subprefeitura":"SE","nm_subprefeitura":"Sé","cd_lote_servico":"2","tx_status_ponto_revitalizado":"Revitalizado","dt_atualizacao":"2021-12-08Z","tx_data_referencia":"1º quadrimestre 2021","dc_complemento_endereco":null}},{"type":"Feature","id":"ponto_revitalizado.560","geometry":{"type":"Point","coordinates":[320797.8281,7385793.9608]},"geometry_name":"ge_ponto","properties":{"cd_identificador_ponto_revitalizado":560,"nm_endereco":"Rua Capoeirana, 77","sg_subprefeitura":"CL","nm_subprefeitura":"Campo Limpo","cd_lote_servico":"6","tx_status_ponto_revitalizado":"Revitalizado","dt_atualizacao":"2021-12-08Z","tx_data_referencia":"1º quadrimestre 2021","dc_complemento_endereco":null}},{"type":"Feature","id":"ponto_revitalizado.561","geometry":{"type":"Point","coordinates":[331496.7726,7383380.4988]},"geometry_name":"ge_ponto","properties":{"cd_identificador_ponto_revitalizado":561,"nm_endereco":"Rua Capuavinha, 130","sg_subprefeitura":"JA","nm_subprefeitura":"Jabaquara","cd_lote_servico":"3","tx_status_ponto_revitalizado":"Revitalizado","dt_atualizacao":"2021-12-08Z","tx_data_referencia":"1º quadrimestre 2021","dc_complemento_endereco":null}},{"type":"Feature","id":"ponto_revitalizado.562","geometry":{"type":"Point","coordinates":[326133.244,7394396.6242]},"geometry_name":"ge_ponto","properties":{"cd_identificador_ponto_revitalizado":562,"nm_endereco":"Rua Caraca & Rua Arquiteto Jaime Fonseca Rodrigues","sg_subprefeitura":"PI","nm_subprefeitura":"Pinheiros","cd_lote_servico":"5","tx_status_ponto_revitalizado":"Revitalizado","dt_atualizacao":"2021-12-08Z","tx_data_referencia":"1º quadrimestre 2021","dc_complemento_endereco":null}},{"type":"Feature","id":"ponto_revitalizado.563","geometry":{"type":"Point","coordinates":[330725.0972,7399273.1298]},"geometry_name":"ge_ponto","properties":{"cd_identificador_ponto_revitalizado":563,"nm_endereco":"Rua Carandai","sg_subprefeitura":"CV","nm_subprefeitura":"Casa Verde","cd_lote_servico":"4","tx_status_ponto_revitalizado":"Revitalizado","dt_atualizacao":"2021-12-08Z","tx_data_referencia":"1º quadrimestre 2021","dc_complemento_endereco":null}},{"type":"Feature","id":"ponto_revitalizado.564","geometry":{"type":"Point","coordinates":[344041.5326,7391960.5732]},"geometry_name":"ge_ponto","properties":{"cd_identificador_ponto_revitalizado":564,"nm_endereco":"Rua Caravela Rosa, 27","sg_subprefeitura":"AF","nm_subprefeitura":"Aricanduva","cd_lote_servico":"3","tx_status_ponto_revitalizado":"Revitalizado","dt_atualizacao":"2021-12-08Z","tx_data_referencia":"1º quadrimestre 2021","dc_complemento_endereco":null}},{"type":"Feature","id":"ponto_revitalizado.565","geometry":{"type":"Point","coordinates":[321968.4678,7410145.7248]},"geometry_name":"ge_ponto","properties":{"cd_identificador_ponto_revitalizado":565,"nm_endereco":"Rua Carcino, 345","sg_subprefeitura":"PR","nm_subprefeitura":"Perus-Anhanguera","cd_lote_servico":"5","tx_status_ponto_revitalizado":"Revitalizado","dt_atualizacao":"2021-12-08Z","tx_data_referencia":"1º quadrimestre 2021","dc_complemento_endereco":null}},{"type":"Feature","id":"ponto_revitalizado.566","geometry":{"type":"Point","coordinates":[320589.6549,7385552.9319]},"geometry_name":"ge_ponto","properties":{"cd_identificador_ponto_revitalizado":566,"nm_endereco":"Rua Cardoso Moreira, 110","sg_subprefeitura":"CL","nm_subprefeitura":"Campo Limpo","cd_lote_servico":"6","tx_status_ponto_revitalizado":"Revitalizado","dt_atualizacao":"2021-12-08Z","tx_data_referencia":"1º quadrimestre 2021","dc_complemento_endereco":null}},{"type":"Feature","id":"ponto_revitalizado.567","geometry":{"type":"Point","coordinates":[320622.1026,7385486.8746]},"geometry_name":"ge_ponto","properties":{"cd_identificador_ponto_revitalizado":567,"nm_endereco":"Rua Cardoso Moreira, 18","sg_subprefeitura":"CL","nm_subprefeitura":"Campo Limpo","cd_lote_servico":"6","tx_status_ponto_revitalizado":"Revitalizado","dt_atualizacao":"2021-12-08Z","tx_data_referencia":"1º quadrimestre 2021","dc_complemento_endereco":null}},{"type":"Feature","id":"ponto_revitalizado.568","geometry":{"type":"Point","coordinates":[330344.8395,7383184.1556]},"geometry_name":"ge_ponto","properties":{"cd_identificador_ponto_revitalizado":568,"nm_endereco":"Rua Carlo Carra, 632","sg_subprefeitura":"JA","nm_subprefeitura":"Jabaquara","cd_lote_servico":"3","tx_status_ponto_revitalizado":"Revitalizado","dt_atualizacao":"2021-12-08Z","tx_data_referencia":"1º quadrimestre 2021","dc_complemento_endereco":null}},{"type":"Feature","id":"ponto_revitalizado.569","geometry":{"type":"Point","coordinates":[330824.8152,7400368.302]},"geometry_name":"ge_ponto","properties":{"cd_identificador_ponto_revitalizado":569,"nm_endereco":"Rua Carlos Belmiro Correia","sg_subprefeitura":"CV","nm_subprefeitura":"Casa Verde","cd_lote_servico":"4","tx_status_ponto_revitalizado":"Revitalizado","dt_atualizacao":"2021-12-08Z","tx_data_referencia":"1º quadrimestre 2021","dc_complemento_endereco":null}},{"type":"Feature","id":"ponto_revitalizado.570","geometry":{"type":"Point","coordinates":[331388.7909,7380293.2701]},"geometry_name":"ge_ponto","properties":{"cd_identificador_ponto_revitalizado":570,"nm_endereco":"Rua Carlos Facchina & Rua Doutor Nestor Sampaio Penteado","sg_subprefeitura":"AD","nm_subprefeitura":"Cidade Ademar","cd_lote_servico":"3","tx_status_ponto_revitalizado":"Revitalizado","dt_atualizacao":"2021-12-08Z","tx_data_referencia":"1º quadrimestre 2021","dc_complemento_endereco":null}},{"type":"Feature","id":"ponto_revitalizado.571","geometry":{"type":"Point","coordinates":[331410.3095,7401950.723]},"geometry_name":"ge_ponto","properties":{"cd_identificador_ponto_revitalizado":571,"nm_endereco":"Rua Carlos Fonseca da Silva, 01","sg_subprefeitura":"ST","nm_subprefeitura":"Santana-Tucuruvi","cd_lote_servico":"4","tx_status_ponto_revitalizado":"Eliminado","dt_atualizacao":"2021-12-08Z","tx_data_referencia":"1º quadrimestre 2021","dc_complemento_endereco":null}},{"type":"Feature","id":"ponto_revitalizado.572","geometry":{"type":"Point","coordinates":[333847.3321,7395587.0222]},"geometry_name":"ge_ponto","properties":{"cd_identificador_ponto_revitalizado":572,"nm_endereco":"Rua Carlos Garcia, 130","sg_subprefeitura":"MO","nm_subprefeitura":"Mooca","cd_lote_servico":"2","tx_status_ponto_revitalizado":"Revitalizado","dt_atualizacao":"2021-12-08Z","tx_data_referencia":"1º quadrimestre 2021","dc_complemento_endereco":null}},{"type":"Feature","id":"ponto_revitalizado.573","geometry":{"type":"Point","coordinates":[357524.8653,7389319.5122]},"geometry_name":"ge_ponto","properties":{"cd_identificador_ponto_revitalizado":573,"nm_endereco":"Rua Carlos Laino Júnior, 14","sg_subprefeitura":"CT","nm_subprefeitura":"Cidade Tiradentes","cd_lote_servico":"1","tx_status_ponto_revitalizado":"Revitalizado","dt_atualizacao":"2021-12-08Z","tx_data_referencia":"1º quadrimestre 2021","dc_complemento_endereco":null}},{"type":"Feature","id":"ponto_revitalizado.574","geometry":{"type":"Point","coordinates":[318584.675,7383818.6105]},"geometry_name":"ge_ponto","properties":{"cd_identificador_ponto_revitalizado":574,"nm_endereco":"Rua Carlos Nahas & Rua Professor Orestes Rosolia","sg_subprefeitura":"CL","nm_subprefeitura":"Campo Limpo","cd_lote_servico":"6","tx_status_ponto_revitalizado":"Revitalizado","dt_atualizacao":"2021-12-08Z","tx_data_referencia":"1º quadrimestre 2021","dc_complemento_endereco":null}},{"type":"Feature","id":"ponto_revitalizado.575","geometry":{"type":"Point","coordinates":[325627.6896,7373262.1177]},"geometry_name":"ge_ponto","properties":{"cd_identificador_ponto_revitalizado":575,"nm_endereco":"Avenida Carlos Oberhuber & Avenida Orfeu Paravente","sg_subprefeitura":"CS","nm_subprefeitura":"Capela Do Socorro","cd_lote_servico":"6","tx_status_ponto_revitalizado":"Revitalizado","dt_atualizacao":"2021-12-08Z","tx_data_referencia":"1º quadrimestre 2021","dc_complemento_endereco":null}},{"type":"Feature","id":"ponto_revitalizado.576","geometry":{"type":"Point","coordinates":[339061.7632,7401402.236]},"geometry_name":"ge_ponto","properties":{"cd_identificador_ponto_revitalizado":576,"nm_endereco":"Rua Canápolis, 802","sg_subprefeitura":"MG","nm_subprefeitura":"Vila Maria-Vila Guilherme","cd_lote_servico":"4","tx_status_ponto_revitalizado":"Revitalizado","dt_atualizacao":"2021-12-08Z","tx_data_referencia":"1º quadrimestre 2021","dc_complemento_endereco":null}},{"type":"Feature","id":"ponto_revitalizado.577","geometry":{"type":"Point","coordinates":[334407.2159,7394746.1133]},"geometry_name":"ge_ponto","properties":{"cd_identificador_ponto_revitalizado":577,"nm_endereco":"Rua Carneiro Leão & Rua Torquato Neto","sg_subprefeitura":"MO","nm_subprefeitura":"Mooca","cd_lote_servico":"2","tx_status_ponto_revitalizado":"Revitalizado","dt_atualizacao":"2021-12-08Z","tx_data_referencia":"1º quadrimestre 2021","dc_complemento_endereco":null}},{"type":"Feature","id":"ponto_revitalizado.578","geometry":{"type":"Point","coordinates":[334410.9981,7396831.1717]},"geometry_name":"ge_ponto","properties":{"cd_identificador_ponto_revitalizado":578,"nm_endereco":"Rua Carnot & Rua Camomil","sg_subprefeitura":"MO","nm_subprefeitura":"Mooca","cd_lote_servico":"2","tx_status_ponto_revitalizado":"Revitalizado","dt_atualizacao":"2021-12-08Z","tx_data_referencia":"1º quadrimestre 2021","dc_complemento_endereco":null}},{"type":"Feature","id":"ponto_revitalizado.579","geometry":{"type":"Point","coordinates":[334483.3058,7397101.5587]},"geometry_name":"ge_ponto","properties":{"cd_identificador_ponto_revitalizado":579,"nm_endereco":"Rua Carnot & Rua Pascoal Malatesta","sg_subprefeitura":"MO","nm_subprefeitura":"Mooca","cd_lote_servico":"2","tx_status_ponto_revitalizado":"Revitalizado","dt_atualizacao":"2021-12-08Z","tx_data_referencia":"1º quadrimestre 2021","dc_complemento_endereco":null}},{"type":"Feature","id":"ponto_revitalizado.580","geometry":{"type":"Point","coordinates":[348355.129,7387863.9432]},"geometry_name":"ge_ponto","properties":{"cd_identificador_ponto_revitalizado":580,"nm_endereco":"Rua Carol Reed","sg_subprefeitura":"SB","nm_subprefeitura":"Sapopemba","cd_lote_servico":"1","tx_status_ponto_revitalizado":"Revitalizado","dt_atualizacao":"2021-12-08Z","tx_data_referencia":"1º quadrimestre 2021","dc_complemento_endereco":null}},{"type":"Feature","id":"ponto_revitalizado.581","geometry":{"type":"Point","coordinates":[319871.7576,7390794.7085]},"geometry_name":"ge_ponto","properties":{"cd_identificador_ponto_revitalizado":581,"nm_endereco":"Rua Carolina Nabuco","sg_subprefeitura":"BT","nm_subprefeitura":"Butantã","cd_lote_servico":"5","tx_status_ponto_revitalizado":"Revitalizado","dt_atualizacao":"2021-12-08Z","tx_data_referencia":"1º quadrimestre 2021","dc_complemento_endereco":null}},{"type":"Feature","id":"ponto_revitalizado.582","geometry":{"type":"Point","coordinates":[320847.1312,7385701.5277]},"geometry_name":"ge_ponto","properties":{"cd_identificador_ponto_revitalizado":582,"nm_endereco":"Rua Carualina, 46","sg_subprefeitura":"CL","nm_subprefeitura":"Campo Limpo","cd_lote_servico":"6","tx_status_ponto_revitalizado":"Revitalizado","dt_atualizacao":"2021-12-08Z","tx_data_referencia":"1º quadrimestre 2021","dc_complemento_endereco":null}},{"type":"Feature","id":"ponto_revitalizado.583","geometry":{"type":"Point","coordinates":[331527.0572,7396378.9711]},"geometry_name":"ge_ponto","properties":{"cd_identificador_ponto_revitalizado":583,"nm_endereco":"Rua Carvalho de Mendonça, 128","sg_subprefeitura":"SE","nm_subprefeitura":"Sé","cd_lote_servico":"2","tx_status_ponto_revitalizado":"Revitalizado","dt_atualizacao":"2021-12-08Z","tx_data_referencia":"1º quadrimestre 2021","dc_complemento_endereco":null}},{"type":"Feature","id":"ponto_revitalizado.584","geometry":{"type":"Point","coordinates":[350514.2512,7396253.9729]},"geometry_name":"ge_ponto","properties":{"cd_identificador_ponto_revitalizado":584,"nm_endereco":"Rua Casa do Trem, 16","sg_subprefeitura":"IQ","nm_subprefeitura":"Itaquera","cd_lote_servico":"1","tx_status_ponto_revitalizado":"Revitalizado","dt_atualizacao":"2021-12-08Z","tx_data_referencia":"1º quadrimestre 2021","dc_complemento_endereco":null}},{"type":"Feature","id":"ponto_revitalizado.585","geometry":{"type":"Point","coordinates":[354068.4099,7394419.3927]},"geometry_name":"ge_ponto","properties":{"cd_identificador_ponto_revitalizado":585,"nm_endereco":"Rua Casa no Campo","sg_subprefeitura":"IQ","nm_subprefeitura":"Itaquera","cd_lote_servico":"1","tx_status_ponto_revitalizado":"Revitalizado","dt_atualizacao":"2021-12-08Z","tx_data_referencia":"1º quadrimestre 2021","dc_complemento_endereco":null}},{"type":"Feature","id":"ponto_revitalizado.586","geometry":{"type":"Point","coordinates":[329504.7296,7385628.3668]},"geometry_name":"ge_ponto","properties":{"cd_identificador_ponto_revitalizado":586,"nm_endereco":"Rua Casemiro de Abreu","sg_subprefeitura":"SA","nm_subprefeitura":"Santo Amaro","cd_lote_servico":"6","tx_status_ponto_revitalizado":"Revitalizado","dt_atualizacao":"2021-12-08Z","tx_data_referencia":"1º quadrimestre 2021","dc_complemento_endereco":null}},{"type":"Feature","id":"ponto_revitalizado.587","geometry":{"type":"Point","coordinates":[333030.2099,7396190.4087]},"geometry_name":"ge_ponto","properties":{"cd_identificador_ponto_revitalizado":587,"nm_endereco":"Avenida Cásper Líbero, 627","sg_subprefeitura":"SE","nm_subprefeitura":"Sé","cd_lote_servico":"2","tx_status_ponto_revitalizado":"Revitalizado","dt_atualizacao":"2021-12-08Z","tx_data_referencia":"1º quadrimestre 2021","dc_complemento_endereco":null}},{"type":"Feature","id":"ponto_revitalizado.588","geometry":{"type":"Point","coordinates":[321039.3967,7385326.9704]},"geometry_name":"ge_ponto","properties":{"cd_identificador_ponto_revitalizado":588,"nm_endereco":"Rua Catarina Guimarães, 11","sg_subprefeitura":"CL","nm_subprefeitura":"Campo Limpo","cd_lote_servico":"6","tx_status_ponto_revitalizado":"Revitalizado","dt_atualizacao":"2021-12-08Z","tx_data_referencia":"1º quadrimestre 2021","dc_complemento_endereco":null}},{"type":"Feature","id":"ponto_revitalizado.589","geometry":{"type":"Point","coordinates":[357240.9288,7391493.9107]},"geometry_name":"ge_ponto","properties":{"cd_identificador_ponto_revitalizado":589,"nm_endereco":"Rua Cavaleiro de Jorge & Rua Comitiva Esperança","sg_subprefeitura":"CT","nm_subprefeitura":"Cidade Tiradentes","cd_lote_servico":"1","tx_status_ponto_revitalizado":"Revitalizado","dt_atualizacao":"2021-12-08Z","tx_data_referencia":"1º quadrimestre 2021","dc_complemento_endereco":null}},{"type":"Feature","id":"ponto_revitalizado.590","geometry":{"type":"Point","coordinates":[347311.0107,7390668.1377]},"geometry_name":"ge_ponto","properties":{"cd_identificador_ponto_revitalizado":590,"nm_endereco":"Rua Central de Santa Helena","sg_subprefeitura":"SM","nm_subprefeitura":"São Mateus","cd_lote_servico":"1","tx_status_ponto_revitalizado":"Revitalizado","dt_atualizacao":"2021-12-08Z","tx_data_referencia":"1º quadrimestre 2021","dc_complemento_endereco":null}},{"type":"Feature","id":"ponto_revitalizado.591","geometry":{"type":"Point","coordinates":[346603.756,7390884.4353]},"geometry_name":"ge_ponto","properties":{"cd_identificador_ponto_revitalizado":591,"nm_endereco":"Rua Central de Santa Helena, 16","sg_subprefeitura":"SM","nm_subprefeitura":"São Mateus","cd_lote_servico":"1","tx_status_ponto_revitalizado":"Revitalizado","dt_atualizacao":"2021-12-08Z","tx_data_referencia":"1º quadrimestre 2021","dc_complemento_endereco":null}},{"type":"Feature","id":"ponto_revitalizado.592","geometry":{"type":"Point","coordinates":[355639.7982,7390262.4558]},"geometry_name":"ge_ponto","properties":{"cd_identificador_ponto_revitalizado":592,"nm_endereco":"Rua Cereja do Rio Grande, 63","sg_subprefeitura":"CT","nm_subprefeitura":"Cidade Tiradentes","cd_lote_servico":"1","tx_status_ponto_revitalizado":"Eliminado","dt_atualizacao":"2021-12-08Z","tx_data_referencia":"1º quadrimestre 2021","dc_complemento_endereco":null}},{"type":"Feature","id":"ponto_revitalizado.593","geometry":{"type":"Point","coordinates":[333915.093,7385589.3529]},"geometry_name":"ge_ponto","properties":{"cd_identificador_ponto_revitalizado":593,"nm_endereco":"Rua Cesar Batista, 80","sg_subprefeitura":"IP","nm_subprefeitura":"Ipiranga","cd_lote_servico":"3","tx_status_ponto_revitalizado":"Revitalizado","dt_atualizacao":"2021-12-08Z","tx_data_referencia":"1º quadrimestre 2021","dc_complemento_endereco":null}},{"type":"Feature","id":"ponto_revitalizado.594","geometry":{"type":"Point","coordinates":[330041.8477,7401208.3995]},"geometry_name":"ge_ponto","properties":{"cd_identificador_ponto_revitalizado":594,"nm_endereco":"Rua Cesar Penna Ramos, 378","sg_subprefeitura":"CV","nm_subprefeitura":"Casa Verde","cd_lote_servico":"4","tx_status_ponto_revitalizado":"Revitalizado","dt_atualizacao":"2021-12-08Z","tx_data_referencia":"1º quadrimestre 2021","dc_complemento_endereco":null}},{"type":"Feature","id":"ponto_revitalizado.595","geometry":{"type":"Point","coordinates":[330183.3352,7401163.521]},"geometry_name":"ge_ponto","properties":{"cd_identificador_ponto_revitalizado":595,"nm_endereco":"Rua Cesar Penna Ramos, 215","sg_subprefeitura":"CV","nm_subprefeitura":"Casa Verde","cd_lote_servico":"4","tx_status_ponto_revitalizado":"Revitalizado","dt_atualizacao":"2021-12-08Z","tx_data_referencia":"1º quadrimestre 2021","dc_complemento_endereco":null}},{"type":"Feature","id":"ponto_revitalizado.596","geometry":{"type":"Point","coordinates":[336673.7222,7395493.6804]},"geometry_name":"ge_ponto","properties":{"cd_identificador_ponto_revitalizado":596,"nm_endereco":"Rua Cesário Alvim, 622","sg_subprefeitura":"MO","nm_subprefeitura":"Mooca","cd_lote_servico":"2","tx_status_ponto_revitalizado":"Revitalizado","dt_atualizacao":"2021-12-08Z","tx_data_referencia":"1º quadrimestre 2021","dc_complemento_endereco":null}},{"type":"Feature","id":"ponto_revitalizado.597","geometry":{"type":"Point","coordinates":[341448.5867,7392744.5736]},"geometry_name":"ge_ponto","properties":{"cd_identificador_ponto_revitalizado":597,"nm_endereco":"Rua Chagu, 565","sg_subprefeitura":"AF","nm_subprefeitura":"Aricanduva","cd_lote_servico":"3","tx_status_ponto_revitalizado":"Revitalizado","dt_atualizacao":"2021-12-08Z","tx_data_referencia":"1º quadrimestre 2021","dc_complemento_endereco":null}},{"type":"Feature","id":"ponto_revitalizado.598","geometry":{"type":"Point","coordinates":[351218.1032,7389719.2861]},"geometry_name":"ge_ponto","properties":{"cd_identificador_ponto_revitalizado":598,"nm_endereco":"Rua Chaime, 30A","sg_subprefeitura":"SM","nm_subprefeitura":"São Mateus","cd_lote_servico":"1","tx_status_ponto_revitalizado":"Revitalizado","dt_atualizacao":"2021-12-08Z","tx_data_referencia":"1º quadrimestre 2021","dc_complemento_endereco":null}},{"type":"Feature","id":"ponto_revitalizado.599","geometry":{"type":"Point","coordinates":[338670.5078,7402334.5431]},"geometry_name":"ge_ponto","properties":{"cd_identificador_ponto_revitalizado":599,"nm_endereco":"Rua Chan Nan","sg_subprefeitura":"MG","nm_subprefeitura":"Vila Maria-Vila Guilherme","cd_lote_servico":"4","tx_status_ponto_revitalizado":"Revitalizado","dt_atualizacao":"2021-12-08Z","tx_data_referencia":"1º quadrimestre 2021","dc_complemento_endereco":null}},{"type":"Feature","id":"ponto_revitalizado.600","geometry":{"type":"Point","coordinates":[330816.0188,7383137.8041]},"geometry_name":"ge_ponto","properties":{"cd_identificador_ponto_revitalizado":600,"nm_endereco":"Rua Charles Darwin, 299","sg_subprefeitura":"JA","nm_subprefeitura":"Jabaquara","cd_lote_servico":"3","tx_status_ponto_revitalizado":"Revitalizado","dt_atualizacao":"2021-12-08Z","tx_data_referencia":"1º quadrimestre 2021","dc_complemento_endereco":null}},{"type":"Feature","id":"ponto_revitalizado.601","geometry":{"type":"Point","coordinates":[330855.5547,7383071.81]},"geometry_name":"ge_ponto","properties":{"cd_identificador_ponto_revitalizado":601,"nm_endereco":"Rua Charles Darwin, 322","sg_subprefeitura":"JA","nm_subprefeitura":"Jabaquara","cd_lote_servico":"3","tx_status_ponto_revitalizado":"Revitalizado","dt_atualizacao":"2021-12-08Z","tx_data_referencia":"1º quadrimestre 2021","dc_complemento_endereco":null}},{"type":"Feature","id":"ponto_revitalizado.602","geometry":{"type":"Point","coordinates":[346975.755,7388405.4058]},"geometry_name":"ge_ponto","properties":{"cd_identificador_ponto_revitalizado":602,"nm_endereco":"Rua Charles King, 71","sg_subprefeitura":"SB","nm_subprefeitura":"Sapopemba","cd_lote_servico":"1","tx_status_ponto_revitalizado":"Revitalizado","dt_atualizacao":"2021-12-08Z","tx_data_referencia":"1º quadrimestre 2021","dc_complemento_endereco":null}},{"type":"Feature","id":"ponto_revitalizado.603","geometry":{"type":"Point","coordinates":[328701.88,7383283.2089]},"geometry_name":"ge_ponto","properties":{"cd_identificador_ponto_revitalizado":603,"nm_endereco":"Rua Chaves","sg_subprefeitura":"SA","nm_subprefeitura":"Santo Amaro","cd_lote_servico":"6","tx_status_ponto_revitalizado":"Revitalizado","dt_atualizacao":"2021-12-08Z","tx_data_referencia":"1º quadrimestre 2021","dc_complemento_endereco":null}},{"type":"Feature","id":"ponto_revitalizado.604","geometry":{"type":"Point","coordinates":[351073.2877,7397498.0007]},"geometry_name":"ge_ponto","properties":{"cd_identificador_ponto_revitalizado":604,"nm_endereco":"Rua Cheiro Mineiro de Flor, 32","sg_subprefeitura":"IQ","nm_subprefeitura":"Itaquera","cd_lote_servico":"1","tx_status_ponto_revitalizado":"Revitalizado","dt_atualizacao":"2021-12-08Z","tx_data_referencia":"1º quadrimestre 2021","dc_complemento_endereco":null}},{"type":"Feature","id":"ponto_revitalizado.605","geometry":{"type":"Point","coordinates":[328556.7794,7389751.3347]},"geometry_name":"ge_ponto","properties":{"cd_identificador_ponto_revitalizado":605,"nm_endereco":"Rua Chilon, 85","sg_subprefeitura":"PI","nm_subprefeitura":"Pinheiros","cd_lote_servico":"5","tx_status_ponto_revitalizado":"Revitalizado","dt_atualizacao":"2021-12-08Z","tx_data_referencia":"1º quadrimestre 2021","dc_complemento_endereco":null}},{"type":"Feature","id":"ponto_revitalizado.606","geometry":{"type":"Point","coordinates":[344231.5724,7390316.6716]},"geometry_name":"ge_ponto","properties":{"cd_identificador_ponto_revitalizado":606,"nm_endereco":"Rua Chiquinha Gonzaga, 361","sg_subprefeitura":"SB","nm_subprefeitura":"Sapopemba","cd_lote_servico":"1","tx_status_ponto_revitalizado":"Eliminado","dt_atualizacao":"2021-12-08Z","tx_data_referencia":"1º quadrimestre 2021","dc_complemento_endereco":null}},{"type":"Feature","id":"ponto_revitalizado.607","geometry":{"type":"Point","coordinates":[345161.5038,7399841.5603]},"geometry_name":"ge_ponto","properties":{"cd_identificador_ponto_revitalizado":607,"nm_endereco":"Rua Cicero Paulo, 439","sg_subprefeitura":"PE","nm_subprefeitura":"Penha","cd_lote_servico":"4","tx_status_ponto_revitalizado":"Revitalizado","dt_atualizacao":"2021-12-08Z","tx_data_referencia":"1º quadrimestre 2021","dc_complemento_endereco":null}},{"type":"Feature","id":"ponto_revitalizado.608","geometry":{"type":"Point","coordinates":[344863.5051,7397426.9147]},"geometry_name":"ge_ponto","properties":{"cd_identificador_ponto_revitalizado":608,"nm_endereco":"Rua Cinco de Maio & Rua Nilza","sg_subprefeitura":"PE","nm_subprefeitura":"Penha","cd_lote_servico":"4","tx_status_ponto_revitalizado":"Revitalizado","dt_atualizacao":"2021-12-08Z","tx_data_referencia":"1º quadrimestre 2021","dc_complemento_endereco":null}},{"type":"Feature","id":"ponto_revitalizado.609","geometry":{"type":"Point","coordinates":[332573.3653,7382385.0489]},"geometry_name":"ge_ponto","properties":{"cd_identificador_ponto_revitalizado":609,"nm_endereco":"Rua Cinco de Outubro & Rua Charles Hoyt","sg_subprefeitura":"JA","nm_subprefeitura":"Jabaquara","cd_lote_servico":"3","tx_status_ponto_revitalizado":"Revitalizado","dt_atualizacao":"2021-12-08Z","tx_data_referencia":"1º quadrimestre 2021","dc_complemento_endereco":null}},{"type":"Feature","id":"ponto_revitalizado.610","geometry":{"type":"Point","coordinates":[320604.6017,7385748.0552]},"geometry_name":"ge_ponto","properties":{"cd_identificador_ponto_revitalizado":610,"nm_endereco":"Rua Cintra Pimentel, 16A","sg_subprefeitura":"CL","nm_subprefeitura":"Campo Limpo","cd_lote_servico":"6","tx_status_ponto_revitalizado":"Revitalizado","dt_atualizacao":"2021-12-08Z","tx_data_referencia":"1º quadrimestre 2021","dc_complemento_endereco":null}},{"type":"Feature","id":"ponto_revitalizado.611","geometry":{"type":"Point","coordinates":[339334.8533,7392590.482]},"geometry_name":"ge_ponto","properties":{"cd_identificador_ponto_revitalizado":611,"nm_endereco":"Rua Cipriana Martinez Zonta, 101","sg_subprefeitura":"MO","nm_subprefeitura":"Mooca","cd_lote_servico":"2","tx_status_ponto_revitalizado":"Eliminado","dt_atualizacao":"2021-12-08Z","tx_data_referencia":"1º quadrimestre 2021","dc_complemento_endereco":null}},{"type":"Feature","id":"ponto_revitalizado.612","geometry":{"type":"Point","coordinates":[344055.8315,7391864.154]},"geometry_name":"ge_ponto","properties":{"cd_identificador_ponto_revitalizado":612,"nm_endereco":"Avenida Cipriano Rodrigues, 08","sg_subprefeitura":"AF","nm_subprefeitura":"Aricanduva","cd_lote_servico":"3","tx_status_ponto_revitalizado":"Revitalizado","dt_atualizacao":"2021-12-08Z","tx_data_referencia":"1º quadrimestre 2021","dc_complemento_endereco":null}},{"type":"Feature","id":"ponto_revitalizado.613","geometry":{"type":"Point","coordinates":[325056.3229,7374605.5111]},"geometry_name":"ge_ponto","properties":{"cd_identificador_ponto_revitalizado":613,"nm_endereco":"Rua Cláudio José Nunes","sg_subprefeitura":"CS","nm_subprefeitura":"Capela Do Socorro","cd_lote_servico":"6","tx_status_ponto_revitalizado":"Revitalizado","dt_atualizacao":"2021-12-08Z","tx_data_referencia":"1º quadrimestre 2021","dc_complemento_endereco":null}},{"type":"Feature","id":"ponto_revitalizado.614","geometry":{"type":"Point","coordinates":[327652.349,7377187.3462]},"geometry_name":"ge_ponto","properties":{"cd_identificador_ponto_revitalizado":614,"nm_endereco":"Rua Claudio Sérgio Bere, 1","sg_subprefeitura":"CS","nm_subprefeitura":"Capela Do Socorro","cd_lote_servico":"6","tx_status_ponto_revitalizado":"Revitalizado","dt_atualizacao":"2021-12-08Z","tx_data_referencia":"1º quadrimestre 2021","dc_complemento_endereco":null}},{"type":"Feature","id":"ponto_revitalizado.615","geometry":{"type":"Point","coordinates":[329667.0041,7381743.8311]},"geometry_name":"ge_ponto","properties":{"cd_identificador_ponto_revitalizado":615,"nm_endereco":"Rua Clower Bastos Cortez & Avenida Celso dos Santos","sg_subprefeitura":"AD","nm_subprefeitura":"Cidade Ademar","cd_lote_servico":"3","tx_status_ponto_revitalizado":"Revitalizado","dt_atualizacao":"2021-12-08Z","tx_data_referencia":"1º quadrimestre 2021","dc_complemento_endereco":null}},{"type":"Feature","id":"ponto_revitalizado.616","geometry":{"type":"Point","coordinates":[319209.2392,7379417.147]},"geometry_name":"ge_ponto","properties":{"cd_identificador_ponto_revitalizado":616,"nm_endereco":"Rua Colônia Nova, 22","sg_subprefeitura":"MB","nm_subprefeitura":"M'Boi Mirim","cd_lote_servico":"6","tx_status_ponto_revitalizado":"Revitalizado","dt_atualizacao":"2021-12-08Z","tx_data_referencia":"1º quadrimestre 2021","dc_complemento_endereco":null}},{"type":"Feature","id":"ponto_revitalizado.617","geometry":{"type":"Point","coordinates":[330421.2395,7382589.9545]},"geometry_name":"ge_ponto","properties":{"cd_identificador_ponto_revitalizado":617,"nm_endereco":"Rua Comendador Alfaia Rodrigues & Rua das Amexeiras","sg_subprefeitura":"JA","nm_subprefeitura":"Jabaquara","cd_lote_servico":"3","tx_status_ponto_revitalizado":"Revitalizado","dt_atualizacao":"2021-12-08Z","tx_data_referencia":"1º quadrimestre 2021","dc_complemento_endereco":null}},{"type":"Feature","id":"ponto_revitalizado.618","geometry":{"type":"Point","coordinates":[320271.9245,7381200.5204]},"geometry_name":"ge_ponto","properties":{"cd_identificador_ponto_revitalizado":618,"nm_endereco":"Rua Comendador Antunes dos Santos, 24A","sg_subprefeitura":"CL","nm_subprefeitura":"Campo Limpo","cd_lote_servico":"6","tx_status_ponto_revitalizado":"Revitalizado","dt_atualizacao":"2021-12-08Z","tx_data_referencia":"1º quadrimestre 2021","dc_complemento_endereco":null}},{"type":"Feature","id":"ponto_revitalizado.619","geometry":{"type":"Point","coordinates":[331823.0755,7380041.6782]},"geometry_name":"ge_ponto","properties":{"cd_identificador_ponto_revitalizado":619,"nm_endereco":"Rua Comendador Artur Capodaglio, 450","sg_subprefeitura":"AD","nm_subprefeitura":"Cidade Ademar","cd_lote_servico":"3","tx_status_ponto_revitalizado":"Revitalizado","dt_atualizacao":"2021-12-08Z","tx_data_referencia":"1º quadrimestre 2021","dc_complemento_endereco":null}},{"type":"Feature","id":"ponto_revitalizado.620","geometry":{"type":"Point","coordinates":[334550.7854,7393156.2297]},"geometry_name":"ge_ponto","properties":{"cd_identificador_ponto_revitalizado":620,"nm_endereco":"Rua Comendador Bento Pereira, 42","sg_subprefeitura":"SE","nm_subprefeitura":"Sé","cd_lote_servico":"2","tx_status_ponto_revitalizado":"Revitalizado","dt_atualizacao":"2021-12-08Z","tx_data_referencia":"1º quadrimestre 2021","dc_complemento_endereco":null}},{"type":"Feature","id":"ponto_revitalizado.621","geometry":{"type":"Point","coordinates":[323734.4124,7402945.2012]},"geometry_name":"ge_ponto","properties":{"cd_identificador_ponto_revitalizado":621,"nm_endereco":"Rua Comendador Feiz Zarzur, 1277","sg_subprefeitura":"PJ","nm_subprefeitura":"Pirituba-Jaragua","cd_lote_servico":"5","tx_status_ponto_revitalizado":"Revitalizado","dt_atualizacao":"2021-12-08Z","tx_data_referencia":"1º quadrimestre 2021","dc_complemento_endereco":null}},{"type":"Feature","id":"ponto_revitalizado.622","geometry":{"type":"Point","coordinates":[357250.9588,7391553.8088]},"geometry_name":"ge_ponto","properties":{"cd_identificador_ponto_revitalizado":622,"nm_endereco":"Rua Cavaleiro de Jorge & Rua Antônio Carlos Mingues Lopes","sg_subprefeitura":"CT","nm_subprefeitura":"Cidade Tiradentes","cd_lote_servico":"1","tx_status_ponto_revitalizado":"Revitalizado","dt_atualizacao":"2021-12-08Z","tx_data_referencia":"1º quadrimestre 2021","dc_complemento_endereco":null}},{"type":"Feature","id":"ponto_revitalizado.623","geometry":{"type":"Point","coordinates":[342642.5385,7390558.0138]},"geometry_name":"ge_ponto","properties":{"cd_identificador_ponto_revitalizado":623,"nm_endereco":"Rua Conde Amadeu Barbelini","sg_subprefeitura":"VP","nm_subprefeitura":"Vila Prudente","cd_lote_servico":"3","tx_status_ponto_revitalizado":"Revitalizado","dt_atualizacao":"2021-12-08Z","tx_data_referencia":"1º quadrimestre 2021","dc_complemento_endereco":null}},{"type":"Feature","id":"ponto_revitalizado.624","geometry":{"type":"Point","coordinates":[326295.1664,7388095.0344]},"geometry_name":"ge_ponto","properties":{"cd_identificador_ponto_revitalizado":624,"nm_endereco":"Rua Conde de Itagui","sg_subprefeitura":"BT","nm_subprefeitura":"Butantã","cd_lote_servico":"5","tx_status_ponto_revitalizado":"Revitalizado","dt_atualizacao":"2021-12-08Z","tx_data_referencia":"1º quadrimestre 2021","dc_complemento_endereco":null}},{"type":"Feature","id":"ponto_revitalizado.625","geometry":{"type":"Point","coordinates":[329884.0421,7387332.3437]},"geometry_name":"ge_ponto","properties":{"cd_identificador_ponto_revitalizado":625,"nm_endereco":"Rua Conde de Porto Alegre & Avenida dos Bandeirantes","sg_subprefeitura":"SA","nm_subprefeitura":"Santo Amaro","cd_lote_servico":"6","tx_status_ponto_revitalizado":"Revitalizado","dt_atualizacao":"2021-12-08Z","tx_data_referencia":"1º quadrimestre 2021","dc_complemento_endereco":null}},{"type":"Feature","id":"ponto_revitalizado.626","geometry":{"type":"Point","coordinates":[331116.3797,7404592.1187]},"geometry_name":"ge_ponto","properties":{"cd_identificador_ponto_revitalizado":626,"nm_endereco":"Rua Condessa Amalia Matarazzo, 375","sg_subprefeitura":"CV","nm_subprefeitura":"Casa Verde","cd_lote_servico":"4","tx_status_ponto_revitalizado":"Revitalizado","dt_atualizacao":"2021-12-08Z","tx_data_referencia":"1º quadrimestre 2021","dc_complemento_endereco":null}},{"type":"Feature","id":"ponto_revitalizado.627","geometry":{"type":"Point","coordinates":[331088.952,7404311.5995]},"geometry_name":"ge_ponto","properties":{"cd_identificador_ponto_revitalizado":627,"nm_endereco":"Rua Condessa Amalia Matarazzo, 47","sg_subprefeitura":"CV","nm_subprefeitura":"Casa Verde","cd_lote_servico":"4","tx_status_ponto_revitalizado":"Revitalizado","dt_atualizacao":"2021-12-08Z","tx_data_referencia":"1º quadrimestre 2021","dc_complemento_endereco":null}},{"type":"Feature","id":"ponto_revitalizado.628","geometry":{"type":"Point","coordinates":[337796.8614,7400867.234]},"geometry_name":"ge_ponto","properties":{"cd_identificador_ponto_revitalizado":628,"nm_endereco":"Rua Conego Vicente & Rua Sales Pacheco","sg_subprefeitura":"MG","nm_subprefeitura":"Vila Maria-Vila Guilherme","cd_lote_servico":"4","tx_status_ponto_revitalizado":"Revitalizado","dt_atualizacao":"2021-12-08Z","tx_data_referencia":"1º quadrimestre 2021","dc_complemento_endereco":null}},{"type":"Feature","id":"ponto_revitalizado.629","geometry":{"type":"Point","coordinates":[332655.8659,7395126.784]},"geometry_name":"ge_ponto","properties":{"cd_identificador_ponto_revitalizado":629,"nm_endereco":"Rua Conselheiro Crispiniano & Praça Ramos","sg_subprefeitura":"SE","nm_subprefeitura":"Sé","cd_lote_servico":"2","tx_status_ponto_revitalizado":"Eliminado","dt_atualizacao":"2021-12-08Z","tx_data_referencia":"1º quadrimestre 2021","dc_complemento_endereco":null}},{"type":"Feature","id":"ponto_revitalizado.630","geometry":{"type":"Point","coordinates":[333336.1065,7393853.4696]},"geometry_name":"ge_ponto","properties":{"cd_identificador_ponto_revitalizado":630,"nm_endereco":"Rua Conselheiro Furtado, 475","sg_subprefeitura":"SE","nm_subprefeitura":"Sé","cd_lote_servico":"2","tx_status_ponto_revitalizado":"Revitalizado","dt_atualizacao":"2021-12-08Z","tx_data_referencia":"1º quadrimestre 2021","dc_complemento_endereco":null}},{"type":"Feature","id":"ponto_revitalizado.631","geometry":{"type":"Point","coordinates":[332207.6293,7393398.4413]},"geometry_name":"ge_ponto","properties":{"cd_identificador_ponto_revitalizado":631,"nm_endereco":"Rua Conselheiro Ramalho & Avenida Brigadeiro Luis Antônio","sg_subprefeitura":"SE","nm_subprefeitura":"Sé","cd_lote_servico":"2","tx_status_ponto_revitalizado":"Revitalizado","dt_atualizacao":"2021-12-08Z","tx_data_referencia":"1º quadrimestre 2021","dc_complemento_endereco":null}},{"type":"Feature","id":"ponto_revitalizado.632","geometry":{"type":"Point","coordinates":[356826.4614,7391448.8813]},"geometry_name":"ge_ponto","properties":{"cd_identificador_ponto_revitalizado":632,"nm_endereco":"Rua Conto de Areia & Rua Cavaleiro de Jorge","sg_subprefeitura":"CT","nm_subprefeitura":"Cidade Tiradentes","cd_lote_servico":"1","tx_status_ponto_revitalizado":"Revitalizado","dt_atualizacao":"2021-12-08Z","tx_data_referencia":"1º quadrimestre 2021","dc_complemento_endereco":null}},{"type":"Feature","id":"ponto_revitalizado.633","geometry":{"type":"Point","coordinates":[356924.2614,7391426.1406]},"geometry_name":"ge_ponto","properties":{"cd_identificador_ponto_revitalizado":633,"nm_endereco":"Rua Conto de Areia","sg_subprefeitura":"CT","nm_subprefeitura":"Cidade Tiradentes","cd_lote_servico":"1","tx_status_ponto_revitalizado":"Revitalizado","dt_atualizacao":"2021-12-08Z","tx_data_referencia":"1º quadrimestre 2021","dc_complemento_endereco":null}},{"type":"Feature","id":"ponto_revitalizado.634","geometry":{"type":"Point","coordinates":[330490.2634,7382751.465]},"geometry_name":"ge_ponto","properties":{"cd_identificador_ponto_revitalizado":634,"nm_endereco":"Rua Contos Gauchescos, 1000","sg_subprefeitura":"JA","nm_subprefeitura":"Jabaquara","cd_lote_servico":"3","tx_status_ponto_revitalizado":"Revitalizado","dt_atualizacao":"2021-12-08Z","tx_data_referencia":"1º quadrimestre 2021","dc_complemento_endereco":null}},{"type":"Feature","id":"ponto_revitalizado.635","geometry":{"type":"Point","coordinates":[356915.5284,7391306.8975]},"geometry_name":"ge_ponto","properties":{"cd_identificador_ponto_revitalizado":635,"nm_endereco":"Rua Coração de Maçã, 253","sg_subprefeitura":"CT","nm_subprefeitura":"Cidade Tiradentes","cd_lote_servico":"1","tx_status_ponto_revitalizado":"Revitalizado","dt_atualizacao":"2021-12-08Z","tx_data_referencia":"1º quadrimestre 2021","dc_complemento_endereco":null}},{"type":"Feature","id":"ponto_revitalizado.636","geometry":{"type":"Point","coordinates":[336112.2636,7395481.8676]},"geometry_name":"ge_ponto","properties":{"cd_identificador_ponto_revitalizado":636,"nm_endereco":"Rua Coronel Antonio Marcelo, 470","sg_subprefeitura":"MO","nm_subprefeitura":"Mooca","cd_lote_servico":"2","tx_status_ponto_revitalizado":"Revitalizado","dt_atualizacao":"2021-12-08Z","tx_data_referencia":"1º quadrimestre 2021","dc_complemento_endereco":null}},{"type":"Feature","id":"ponto_revitalizado.637","geometry":{"type":"Point","coordinates":[333924.2397,7391512.2036]},"geometry_name":"ge_ponto","properties":{"cd_identificador_ponto_revitalizado":637,"nm_endereco":"Rua Coronel Diogo, 50","sg_subprefeitura":"VM","nm_subprefeitura":"Vila Mariana","cd_lote_servico":"3","tx_status_ponto_revitalizado":"Revitalizado","dt_atualizacao":"2021-12-08Z","tx_data_referencia":"1º quadrimestre 2021","dc_complemento_endereco":null}},{"type":"Feature","id":"ponto_revitalizado.638","geometry":{"type":"Point","coordinates":[334854.3399,7396663.8478]},"geometry_name":"ge_ponto","properties":{"cd_identificador_ponto_revitalizado":638,"nm_endereco":"Rua Coronel Morais & Rua Doutor Ornelas","sg_subprefeitura":"MO","nm_subprefeitura":"Mooca","cd_lote_servico":"2","tx_status_ponto_revitalizado":"Revitalizado","dt_atualizacao":"2021-12-08Z","tx_data_referencia":"1º quadrimestre 2021","dc_complemento_endereco":null}},{"type":"Feature","id":"ponto_revitalizado.639","geometry":{"type":"Point","coordinates":[334958.0919,7396872.1226]},"geometry_name":"ge_ponto","properties":{"cd_identificador_ponto_revitalizado":639,"nm_endereco":"Rua Coronel Morais & Rua Doutor Pacheco e Silva","sg_subprefeitura":"MO","nm_subprefeitura":"Mooca","cd_lote_servico":"2","tx_status_ponto_revitalizado":"Revitalizado","dt_atualizacao":"2021-12-08Z","tx_data_referencia":"1º quadrimestre 2021","dc_complemento_endereco":null}},{"type":"Feature","id":"ponto_revitalizado.640","geometry":{"type":"Point","coordinates":[346772.1301,7390975.9067]},"geometry_name":"ge_ponto","properties":{"cd_identificador_ponto_revitalizado":640,"nm_endereco":"Rua Córrego do Ouro","sg_subprefeitura":"SM","nm_subprefeitura":"São Mateus","cd_lote_servico":"1","tx_status_ponto_revitalizado":"Eliminado","dt_atualizacao":"2021-12-08Z","tx_data_referencia":"1º quadrimestre 2021","dc_complemento_endereco":null}},{"type":"Feature","id":"ponto_revitalizado.641","geometry":{"type":"Point","coordinates":[327895.8727,7401188.926]},"geometry_name":"ge_ponto","properties":{"cd_identificador_ponto_revitalizado":641,"nm_endereco":"Rua Cosmo & Avenida Inajar de Souza","sg_subprefeitura":"FB","nm_subprefeitura":"Freguesia Do Ó","cd_lote_servico":"4","tx_status_ponto_revitalizado":"Revitalizado","dt_atualizacao":"2021-12-08Z","tx_data_referencia":"1º quadrimestre 2021","dc_complemento_endereco":null}},{"type":"Feature","id":"ponto_revitalizado.642","geometry":{"type":"Point","coordinates":[341360.8222,7389489.1547]},"geometry_name":"ge_ponto","properties":{"cd_identificador_ponto_revitalizado":642,"nm_endereco":"Rua Costa Barros & Rua Príncipe da Beira","sg_subprefeitura":"VP","nm_subprefeitura":"Vila Prudente","cd_lote_servico":"3","tx_status_ponto_revitalizado":"Revitalizado","dt_atualizacao":"2021-12-08Z","tx_data_referencia":"1º quadrimestre 2021","dc_complemento_endereco":null}},{"type":"Feature","id":"ponto_revitalizado.643","geometry":{"type":"Point","coordinates":[342214.4018,7389023.6246]},"geometry_name":"ge_ponto","properties":{"cd_identificador_ponto_revitalizado":643,"nm_endereco":"Rua Costa Barros, 2020","sg_subprefeitura":"VP","nm_subprefeitura":"Vila Prudente","cd_lote_servico":"3","tx_status_ponto_revitalizado":"Revitalizado","dt_atualizacao":"2021-12-08Z","tx_data_referencia":"1º quadrimestre 2021","dc_complemento_endereco":null}},{"type":"Feature","id":"ponto_revitalizado.644","geometry":{"type":"Point","coordinates":[345744.8789,7390832.2005]},"geometry_name":"ge_ponto","properties":{"cd_identificador_ponto_revitalizado":644,"nm_endereco":"Rua Couraça, 325","sg_subprefeitura":"AF","nm_subprefeitura":"Aricanduva","cd_lote_servico":"3","tx_status_ponto_revitalizado":"Revitalizado","dt_atualizacao":"2021-12-08Z","tx_data_referencia":"1º quadrimestre 2021","dc_complemento_endereco":null}},{"type":"Feature","id":"ponto_revitalizado.645","geometry":{"type":"Point","coordinates":[339038.7416,7402318.6501]},"geometry_name":"ge_ponto","properties":{"cd_identificador_ponto_revitalizado":645,"nm_endereco":"Rua Crisciuma & Rua Carlos dos Santos","sg_subprefeitura":"MG","nm_subprefeitura":"Vila Maria-Vila Guilherme","cd_lote_servico":"4","tx_status_ponto_revitalizado":"Revitalizado","dt_atualizacao":"2021-12-08Z","tx_data_referencia":"1º quadrimestre 2021","dc_complemento_endereco":null}},{"type":"Feature","id":"ponto_revitalizado.646","geometry":{"type":"Point","coordinates":[337980.2369,7401031.2864]},"geometry_name":"ge_ponto","properties":{"cd_identificador_ponto_revitalizado":646,"nm_endereco":"Rua Crispim Duarte, 351","sg_subprefeitura":"MG","nm_subprefeitura":"Vila Maria-Vila Guilherme","cd_lote_servico":"4","tx_status_ponto_revitalizado":"Revitalizado","dt_atualizacao":"2021-12-08Z","tx_data_referencia":"1º quadrimestre 2021","dc_complemento_endereco":null}},{"type":"Feature","id":"ponto_revitalizado.647","geometry":{"type":"Point","coordinates":[338121.2117,7400891.0833]},"geometry_name":"ge_ponto","properties":{"cd_identificador_ponto_revitalizado":647,"nm_endereco":"Rua Crispim Duarte, 123","sg_subprefeitura":"MG","nm_subprefeitura":"Vila Maria-Vila Guilherme","cd_lote_servico":"4","tx_status_ponto_revitalizado":"Eliminado","dt_atualizacao":"2021-12-08Z","tx_data_referencia":"1º quadrimestre 2021","dc_complemento_endereco":null}},{"type":"Feature","id":"ponto_revitalizado.648","geometry":{"type":"Point","coordinates":[326041.5868,7381654.9799]},"geometry_name":"ge_ponto","properties":{"cd_identificador_ponto_revitalizado":648,"nm_endereco":"Rua Cristalino Rolim de Freitas & Rua Coronel Jaime Bueno de Camargo","sg_subprefeitura":"SA","nm_subprefeitura":"Santo Amaro","cd_lote_servico":"6","tx_status_ponto_revitalizado":"Revitalizado","dt_atualizacao":"2021-12-08Z","tx_data_referencia":"1º quadrimestre 2021","dc_complemento_endereco":null}},{"type":"Feature","id":"ponto_revitalizado.649","geometry":{"type":"Point","coordinates":[357081.5874,7390191.1436]},"geometry_name":"ge_ponto","properties":{"cd_identificador_ponto_revitalizado":649,"nm_endereco":"Rua Cristiano Lobe, 100","sg_subprefeitura":"CT","nm_subprefeitura":"Cidade Tiradentes","cd_lote_servico":"1","tx_status_ponto_revitalizado":"Revitalizado","dt_atualizacao":"2021-12-08Z","tx_data_referencia":"1º quadrimestre 2021","dc_complemento_endereco":null}},{"type":"Feature","id":"ponto_revitalizado.650","geometry":{"type":"Point","coordinates":[357005.4952,7390186.6336]},"geometry_name":"ge_ponto","properties":{"cd_identificador_ponto_revitalizado":650,"nm_endereco":"Rua Cristiano Lobe, 519","sg_subprefeitura":"CT","nm_subprefeitura":"Cidade Tiradentes","cd_lote_servico":"1","tx_status_ponto_revitalizado":"Revitalizado","dt_atualizacao":"2021-12-08Z","tx_data_referencia":"1º quadrimestre 2021","dc_complemento_endereco":null}},{"type":"Feature","id":"ponto_revitalizado.651","geometry":{"type":"Point","coordinates":[357465.192,7390696.882]},"geometry_name":"ge_ponto","properties":{"cd_identificador_ponto_revitalizado":651,"nm_endereco":"Rua Cristovão de Molina","sg_subprefeitura":"CT","nm_subprefeitura":"Cidade Tiradentes","cd_lote_servico":"1","tx_status_ponto_revitalizado":"Revitalizado","dt_atualizacao":"2021-12-08Z","tx_data_referencia":"1º quadrimestre 2021","dc_complemento_endereco":null}},{"type":"Feature","id":"ponto_revitalizado.652","geometry":{"type":"Point","coordinates":[353760.4495,7398238.3584]},"geometry_name":"ge_ponto","properties":{"cd_identificador_ponto_revitalizado":652,"nm_endereco":"Rua Criuva, 763","sg_subprefeitura":"MP","nm_subprefeitura":"São Miguel Paulista","cd_lote_servico":"1","tx_status_ponto_revitalizado":"Revitalizado","dt_atualizacao":"2021-12-08Z","tx_data_referencia":"1º quadrimestre 2021","dc_complemento_endereco":null}},{"type":"Feature","id":"ponto_revitalizado.653","geometry":{"type":"Point","coordinates":[343185.2985,7398593.1546]},"geometry_name":"ge_ponto","properties":{"cd_identificador_ponto_revitalizado":653,"nm_endereco":"Rua Cumbé, 330","sg_subprefeitura":"PE","nm_subprefeitura":"Penha","cd_lote_servico":"4","tx_status_ponto_revitalizado":"Revitalizado","dt_atualizacao":"2021-12-08Z","tx_data_referencia":"1º quadrimestre 2021","dc_complemento_endereco":null}},{"type":"Feature","id":"ponto_revitalizado.654","geometry":{"type":"Point","coordinates":[344764.4659,7393959.2773]},"geometry_name":"ge_ponto","properties":{"cd_identificador_ponto_revitalizado":654,"nm_endereco":"Rua Cururipe","sg_subprefeitura":"AF","nm_subprefeitura":"Aricanduva","cd_lote_servico":"3","tx_status_ponto_revitalizado":"Revitalizado","dt_atualizacao":"2021-12-08Z","tx_data_referencia":"1º quadrimestre 2021","dc_complemento_endereco":null}},{"type":"Feature","id":"ponto_revitalizado.655","geometry":{"type":"Point","coordinates":[332431.1784,7397451.4644]},"geometry_name":"ge_ponto","properties":{"cd_identificador_ponto_revitalizado":655,"nm_endereco":"Rua da Graça, 796","sg_subprefeitura":"SE","nm_subprefeitura":"Sé","cd_lote_servico":"2","tx_status_ponto_revitalizado":"Revitalizado","dt_atualizacao":"2021-12-08Z","tx_data_referencia":"1º quadrimestre 2021","dc_complemento_endereco":null}},{"type":"Feature","id":"ponto_revitalizado.656","geometry":{"type":"Point","coordinates":[327224.7352,7403914.9147]},"geometry_name":"ge_ponto","properties":{"cd_identificador_ponto_revitalizado":656,"nm_endereco":"Rua da Moeda & Rua Tabatinga","sg_subprefeitura":"FB","nm_subprefeitura":"Freguesia Do Ó","cd_lote_servico":"4","tx_status_ponto_revitalizado":"Eliminado","dt_atualizacao":"2021-12-08Z","tx_data_referencia":"1º quadrimestre 2021","dc_complemento_endereco":null}},{"type":"Feature","id":"ponto_revitalizado.657","geometry":{"type":"Point","coordinates":[334182.8085,7394276.1979]},"geometry_name":"ge_ponto","properties":{"cd_identificador_ponto_revitalizado":657,"nm_endereco":"Rua da Mooca, 83","sg_subprefeitura":"MO","nm_subprefeitura":"Mooca","cd_lote_servico":"2","tx_status_ponto_revitalizado":"Revitalizado","dt_atualizacao":"2021-12-08Z","tx_data_referencia":"1º quadrimestre 2021","dc_complemento_endereco":null}},{"type":"Feature","id":"ponto_revitalizado.658","geometry":{"type":"Point","coordinates":[325992.5956,7386012.7283]},"geometry_name":"ge_ponto","properties":{"cd_identificador_ponto_revitalizado":658,"nm_endereco":"Rua da Paz, 1855","sg_subprefeitura":"SA","nm_subprefeitura":"Santo Amaro","cd_lote_servico":"6","tx_status_ponto_revitalizado":"Revitalizado","dt_atualizacao":"2021-12-08Z","tx_data_referencia":"1º quadrimestre 2021","dc_complemento_endereco":null}},{"type":"Feature","id":"ponto_revitalizado.659","geometry":{"type":"Point","coordinates":[318050.5868,7381069.901]},"geometry_name":"ge_ponto","properties":{"cd_identificador_ponto_revitalizado":659,"nm_endereco":"Rua da Safra & Rua Trevo de Cheiro","sg_subprefeitura":"CL","nm_subprefeitura":"Campo Limpo","cd_lote_servico":"6","tx_status_ponto_revitalizado":"Revitalizado","dt_atualizacao":"2021-12-08Z","tx_data_referencia":"1º quadrimestre 2021","dc_complemento_endereco":null}},{"type":"Feature","id":"ponto_revitalizado.660","geometry":{"type":"Point","coordinates":[318024.1771,7381060.7096]},"geometry_name":"ge_ponto","properties":{"cd_identificador_ponto_revitalizado":660,"nm_endereco":"Rua da Safra, 731","sg_subprefeitura":"CL","nm_subprefeitura":"Campo Limpo","cd_lote_servico":"6","tx_status_ponto_revitalizado":"Revitalizado","dt_atualizacao":"2021-12-08Z","tx_data_referencia":"1º quadrimestre 2021","dc_complemento_endereco":null}},{"type":"Feature","id":"ponto_revitalizado.661","geometry":{"type":"Point","coordinates":[318989.6897,7381551.1378]},"geometry_name":"ge_ponto","properties":{"cd_identificador_ponto_revitalizado":661,"nm_endereco":"Rua da Solidariedade, 18","sg_subprefeitura":"CL","nm_subprefeitura":"Campo Limpo","cd_lote_servico":"6","tx_status_ponto_revitalizado":"Revitalizado","dt_atualizacao":"2021-12-08Z","tx_data_referencia":"1º quadrimestre 2021","dc_complemento_endereco":null}},{"type":"Feature","id":"ponto_revitalizado.662","geometry":{"type":"Point","coordinates":[318806.2242,7381340.7315]},"geometry_name":"ge_ponto","properties":{"cd_identificador_ponto_revitalizado":662,"nm_endereco":"Rua da Solidariedade, 182","sg_subprefeitura":"CL","nm_subprefeitura":"Campo Limpo","cd_lote_servico":"6","tx_status_ponto_revitalizado":"Revitalizado","dt_atualizacao":"2021-12-08Z","tx_data_referencia":"1º quadrimestre 2021","dc_complemento_endereco":null}},{"type":"Feature","id":"ponto_revitalizado.663","geometry":{"type":"Point","coordinates":[327927.9997,7405684.8254]},"geometry_name":"ge_ponto","properties":{"cd_identificador_ponto_revitalizado":663,"nm_endereco":"Rua Dalva Barbosa Vila Verde & Rua Beira Rio","sg_subprefeitura":"FB","nm_subprefeitura":"Freguesia Do Ó","cd_lote_servico":"4","tx_status_ponto_revitalizado":"Revitalizado","dt_atualizacao":"2021-12-08Z","tx_data_referencia":"1º quadrimestre 2021","dc_complemento_endereco":null}},{"type":"Feature","id":"ponto_revitalizado.664","geometry":{"type":"Point","coordinates":[326880.8532,7406116.2164]},"geometry_name":"ge_ponto","properties":{"cd_identificador_ponto_revitalizado":664,"nm_endereco":"Rua Daniel Cerri, 923","sg_subprefeitura":"FB","nm_subprefeitura":"Freguesia Do Ó","cd_lote_servico":"4","tx_status_ponto_revitalizado":"Eliminado","dt_atualizacao":"2021-12-08Z","tx_data_referencia":"1º quadrimestre 2021","dc_complemento_endereco":null}},{"type":"Feature","id":"ponto_revitalizado.665","geometry":{"type":"Point","coordinates":[357453.2779,7390484.918]},"geometry_name":"ge_ponto","properties":{"cd_identificador_ponto_revitalizado":665,"nm_endereco":"Rua Dante Alderigo","sg_subprefeitura":"CT","nm_subprefeitura":"Cidade Tiradentes","cd_lote_servico":"1","tx_status_ponto_revitalizado":"Revitalizado","dt_atualizacao":"2021-12-08Z","tx_data_referencia":"1º quadrimestre 2021","dc_complemento_endereco":null}},{"type":"Feature","id":"ponto_revitalizado.666","geometry":{"type":"Point","coordinates":[326558.6357,7382868.4145]},"geometry_name":"ge_ponto","properties":{"cd_identificador_ponto_revitalizado":666,"nm_endereco":"Rua Darwin, 47","sg_subprefeitura":"SA","nm_subprefeitura":"Santo Amaro","cd_lote_servico":"6","tx_status_ponto_revitalizado":"Revitalizado","dt_atualizacao":"2021-12-08Z","tx_data_referencia":"1º quadrimestre 2021","dc_complemento_endereco":null}},{"type":"Feature","id":"ponto_revitalizado.667","geometry":{"type":"Point","coordinates":[332303.051,7382736.3527]},"geometry_name":"ge_ponto","properties":{"cd_identificador_ponto_revitalizado":667,"nm_endereco":"Rua das Cruzadas","sg_subprefeitura":"JA","nm_subprefeitura":"Jabaquara","cd_lote_servico":"3","tx_status_ponto_revitalizado":"Revitalizado","dt_atualizacao":"2021-12-08Z","tx_data_referencia":"1º quadrimestre 2021","dc_complemento_endereco":null}},{"type":"Feature","id":"ponto_revitalizado.668","geometry":{"type":"Point","coordinates":[339536.5806,7389374.3068]},"geometry_name":"ge_ponto","properties":{"cd_identificador_ponto_revitalizado":668,"nm_endereco":"Rua das Ipoméias, 352","sg_subprefeitura":"VP","nm_subprefeitura":"Vila Prudente","cd_lote_servico":"3","tx_status_ponto_revitalizado":"Revitalizado","dt_atualizacao":"2021-12-08Z","tx_data_referencia":"1º quadrimestre 2021","dc_complemento_endereco":null}},{"type":"Feature","id":"ponto_revitalizado.669","geometry":{"type":"Point","coordinates":[337014.7457,7389350.9127]},"geometry_name":"ge_ponto","properties":{"cd_identificador_ponto_revitalizado":669,"nm_endereco":"Rua das Juntas Provisórias, 1626","sg_subprefeitura":"IP","nm_subprefeitura":"Ipiranga","cd_lote_servico":"3","tx_status_ponto_revitalizado":"Revitalizado","dt_atualizacao":"2021-12-08Z","tx_data_referencia":"1º quadrimestre 2021","dc_complemento_endereco":null}},{"type":"Feature","id":"ponto_revitalizado.670","geometry":{"type":"Point","coordinates":[325362.5721,7369585.1214]},"geometry_name":"ge_ponto","properties":{"cd_identificador_ponto_revitalizado":670,"nm_endereco":"Rua Satélite Jápetus, 38","sg_subprefeitura":"PA","nm_subprefeitura":"Parelheiros","cd_lote_servico":"6","tx_status_ponto_revitalizado":"Revitalizado","dt_atualizacao":"2021-12-08Z","tx_data_referencia":"1º quadrimestre 2021","dc_complemento_endereco":null}},{"type":"Feature","id":"ponto_revitalizado.671","geometry":{"type":"Point","coordinates":[317992.3202,7377738.5166]},"geometry_name":"ge_ponto","properties":{"cd_identificador_ponto_revitalizado":671,"nm_endereco":"Rua das Três Marias, 100","sg_subprefeitura":"MB","nm_subprefeitura":"M'Boi Mirim","cd_lote_servico":"6","tx_status_ponto_revitalizado":"Revitalizado","dt_atualizacao":"2021-12-08Z","tx_data_referencia":"1º quadrimestre 2021","dc_complemento_endereco":null}},{"type":"Feature","id":"ponto_revitalizado.672","geometry":{"type":"Point","coordinates":[317727.6179,7377862.5763]},"geometry_name":"ge_ponto","properties":{"cd_identificador_ponto_revitalizado":672,"nm_endereco":"Rua das Três Marias, 326B","sg_subprefeitura":"MB","nm_subprefeitura":"M'Boi Mirim","cd_lote_servico":"6","tx_status_ponto_revitalizado":"Revitalizado","dt_atualizacao":"2021-12-08Z","tx_data_referencia":"1º quadrimestre 2021","dc_complemento_endereco":null}},{"type":"Feature","id":"ponto_revitalizado.673","geometry":{"type":"Point","coordinates":[346261.7896,7391372.5546]},"geometry_name":"ge_ponto","properties":{"cd_identificador_ponto_revitalizado":673,"nm_endereco":"Rua D'Avila Rebouças, 100","sg_subprefeitura":"AF","nm_subprefeitura":"Aricanduva","cd_lote_servico":"3","tx_status_ponto_revitalizado":"Revitalizado","dt_atualizacao":"2021-12-08Z","tx_data_referencia":"1º quadrimestre 2021","dc_complemento_endereco":null}},{"type":"Feature","id":"ponto_revitalizado.674","geometry":{"type":"Point","coordinates":[347625.1402,7394834.3414]},"geometry_name":"ge_ponto","properties":{"cd_identificador_ponto_revitalizado":674,"nm_endereco":"Rua Dejanira & Rua Morfeu","sg_subprefeitura":"PE","nm_subprefeitura":"Penha","cd_lote_servico":"4","tx_status_ponto_revitalizado":"Revitalizado","dt_atualizacao":"2021-12-08Z","tx_data_referencia":"1º quadrimestre 2021","dc_complemento_endereco":null}},{"type":"Feature","id":"ponto_revitalizado.675","geometry":{"type":"Point","coordinates":[343559.1572,7396969.1705]},"geometry_name":"ge_ponto","properties":{"cd_identificador_ponto_revitalizado":675,"nm_endereco":"Rua Demini & Rua Embiruçu","sg_subprefeitura":"PE","nm_subprefeitura":"Penha","cd_lote_servico":"4","tx_status_ponto_revitalizado":"Revitalizado","dt_atualizacao":"2021-12-08Z","tx_data_referencia":"1º quadrimestre 2021","dc_complemento_endereco":null}},{"type":"Feature","id":"ponto_revitalizado.676","geometry":{"type":"Point","coordinates":[331134.4587,7380313.9102]},"geometry_name":"ge_ponto","properties":{"cd_identificador_ponto_revitalizado":676,"nm_endereco":"Rua Desembargador Olavo Ferreira Prado, 511","sg_subprefeitura":"AD","nm_subprefeitura":"Cidade Ademar","cd_lote_servico":"3","tx_status_ponto_revitalizado":"Revitalizado","dt_atualizacao":"2021-12-08Z","tx_data_referencia":"1º quadrimestre 2021","dc_complemento_endereco":null}},{"type":"Feature","id":"ponto_revitalizado.677","geometry":{"type":"Point","coordinates":[356279.6334,7394579.7071]},"geometry_name":"ge_ponto","properties":{"cd_identificador_ponto_revitalizado":677,"nm_endereco":"Rua Diálogo dos Ecos","sg_subprefeitura":"G","nm_subprefeitura":"Guaianases","cd_lote_servico":"1","tx_status_ponto_revitalizado":"Revitalizado","dt_atualizacao":"2021-12-08Z","tx_data_referencia":"1º quadrimestre 2021","dc_complemento_endereco":null}},{"type":"Feature","id":"ponto_revitalizado.678","geometry":{"type":"Point","coordinates":[341286.4297,7395816.8604]},"geometry_name":"ge_ponto","properties":{"cd_identificador_ponto_revitalizado":678,"nm_endereco":"Rua Diamante Preto, 470","sg_subprefeitura":"AF","nm_subprefeitura":"Aricanduva","cd_lote_servico":"3","tx_status_ponto_revitalizado":"Revitalizado","dt_atualizacao":"2021-12-08Z","tx_data_referencia":"1º quadrimestre 2021","dc_complemento_endereco":null}},{"type":"Feature","id":"ponto_revitalizado.679","geometry":{"type":"Point","coordinates":[337436.8226,7391621.6951]},"geometry_name":"ge_ponto","properties":{"cd_identificador_ponto_revitalizado":679,"nm_endereco":"Rua Dianópolis","sg_subprefeitura":"MO","nm_subprefeitura":"Mooca","cd_lote_servico":"3","tx_status_ponto_revitalizado":"Eliminado","dt_atualizacao":"2021-12-08Z","tx_data_referencia":"1º quadrimestre 2021","dc_complemento_endereco":null}},{"type":"Feature","id":"ponto_revitalizado.680","geometry":{"type":"Point","coordinates":[337054.5206,7392474.4287]},"geometry_name":"ge_ponto","properties":{"cd_identificador_ponto_revitalizado":680,"nm_endereco":"Rua Dianópolis, 122","sg_subprefeitura":"MO","nm_subprefeitura":"Mooca","cd_lote_servico":"2","tx_status_ponto_revitalizado":"Revitalizado","dt_atualizacao":"2021-12-08Z","tx_data_referencia":"1º quadrimestre 2021","dc_complemento_endereco":null}},{"type":"Feature","id":"ponto_revitalizado.681","geometry":{"type":"Point","coordinates":[337625.7348,7391193.3069]},"geometry_name":"ge_ponto","properties":{"cd_identificador_ponto_revitalizado":681,"nm_endereco":"Rua Dianópolis, 1495","sg_subprefeitura":"MO","nm_subprefeitura":"Mooca","cd_lote_servico":"3","tx_status_ponto_revitalizado":"Eliminado","dt_atualizacao":"2021-12-08Z","tx_data_referencia":"1º quadrimestre 2021","dc_complemento_endereco":null}},{"type":"Feature","id":"ponto_revitalizado.682","geometry":{"type":"Point","coordinates":[337704.3937,7391013.3248]},"geometry_name":"ge_ponto","properties":{"cd_identificador_ponto_revitalizado":682,"nm_endereco":"Rua Dianópolis, 1675","sg_subprefeitura":"VP","nm_subprefeitura":"Vila Prudente","cd_lote_servico":"3","tx_status_ponto_revitalizado":"Eliminado","dt_atualizacao":"2021-12-08Z","tx_data_referencia":"1º quadrimestre 2021","dc_complemento_endereco":null}},{"type":"Feature","id":"ponto_revitalizado.683","geometry":{"type":"Point","coordinates":[320725.2431,7385978.8145]},"geometry_name":"ge_ponto","properties":{"cd_identificador_ponto_revitalizado":683,"nm_endereco":"Rua Diogo Martins, 432","sg_subprefeitura":"CL","nm_subprefeitura":"Campo Limpo","cd_lote_servico":"6","tx_status_ponto_revitalizado":"Revitalizado","dt_atualizacao":"2021-12-08Z","tx_data_referencia":"1º quadrimestre 2021","dc_complemento_endereco":null}},{"type":"Feature","id":"ponto_revitalizado.684","geometry":{"type":"Point","coordinates":[318407.4644,7379777.3248]},"geometry_name":"ge_ponto","properties":{"cd_identificador_ponto_revitalizado":684,"nm_endereco":"Rua Diogo Muleiro, 61","sg_subprefeitura":"CL","nm_subprefeitura":"Campo Limpo","cd_lote_servico":"6","tx_status_ponto_revitalizado":"Revitalizado","dt_atualizacao":"2021-12-08Z","tx_data_referencia":"1º quadrimestre 2021","dc_complemento_endereco":null}},{"type":"Feature","id":"ponto_revitalizado.685","geometry":{"type":"Point","coordinates":[355997.2028,7390553.4698]},"geometry_name":"ge_ponto","properties":{"cd_identificador_ponto_revitalizado":685,"nm_endereco":"Rua do Ar, 36","sg_subprefeitura":"CT","nm_subprefeitura":"Cidade Tiradentes","cd_lote_servico":"1","tx_status_ponto_revitalizado":"Eliminado","dt_atualizacao":"2021-12-08Z","tx_data_referencia":"1º quadrimestre 2021","dc_complemento_endereco":null}},{"type":"Feature","id":"ponto_revitalizado.686","geometry":{"type":"Point","coordinates":[332612.5542,7382791.9692]},"geometry_name":"ge_ponto","properties":{"cd_identificador_ponto_revitalizado":686,"nm_endereco":"Rua do Céu, 81","sg_subprefeitura":"JA","nm_subprefeitura":"Jabaquara","cd_lote_servico":"3","tx_status_ponto_revitalizado":"Revitalizado","dt_atualizacao":"2021-12-08Z","tx_data_referencia":"1º quadrimestre 2021","dc_complemento_endereco":null}},{"type":"Feature","id":"ponto_revitalizado.687","geometry":{"type":"Point","coordinates":[344109.4553,7399003.4717]},"geometry_name":"ge_ponto","properties":{"cd_identificador_ponto_revitalizado":687,"nm_endereco":"Rua do Direito & Avenida Tarumã","sg_subprefeitura":"PE","nm_subprefeitura":"Penha","cd_lote_servico":"4","tx_status_ponto_revitalizado":"Revitalizado","dt_atualizacao":"2021-12-08Z","tx_data_referencia":"1º quadrimestre 2021","dc_complemento_endereco":null}},{"type":"Feature","id":"ponto_revitalizado.688","geometry":{"type":"Point","coordinates":[333566.1237,7393647.8735]},"geometry_name":"ge_ponto","properties":{"cd_identificador_ponto_revitalizado":688,"nm_endereco":"Rua do Glicério, 780","sg_subprefeitura":"SE","nm_subprefeitura":"Sé","cd_lote_servico":"2","tx_status_ponto_revitalizado":"Eliminado","dt_atualizacao":"2021-12-08Z","tx_data_referencia":"1º quadrimestre 2021","dc_complemento_endereco":null}},{"type":"Feature","id":"ponto_revitalizado.689","geometry":{"type":"Point","coordinates":[327795.5303,7402863.4675]},"geometry_name":"ge_ponto","properties":{"cd_identificador_ponto_revitalizado":689,"nm_endereco":"Rua do Impressionismo, 282","sg_subprefeitura":"FB","nm_subprefeitura":"Freguesia Do Ó","cd_lote_servico":"4","tx_status_ponto_revitalizado":"Eliminado","dt_atualizacao":"2021-12-08Z","tx_data_referencia":"1º quadrimestre 2021","dc_complemento_endereco":null}},{"type":"Feature","id":"ponto_revitalizado.690","geometry":{"type":"Point","coordinates":[328027.2773,7402964.7547]},"geometry_name":"ge_ponto","properties":{"cd_identificador_ponto_revitalizado":690,"nm_endereco":"Rua do Indianismo & Avenida João Paulo I","sg_subprefeitura":"FB","nm_subprefeitura":"Freguesia Do Ó","cd_lote_servico":"4","tx_status_ponto_revitalizado":"Eliminado","dt_atualizacao":"2021-12-08Z","tx_data_referencia":"1º quadrimestre 2021","dc_complemento_endereco":null}},{"type":"Feature","id":"ponto_revitalizado.691","geometry":{"type":"Point","coordinates":[346739.2091,7394243.2318]},"geometry_name":"ge_ponto","properties":{"cd_identificador_ponto_revitalizado":691,"nm_endereco":"Rua Dolomites, 27","sg_subprefeitura":"IQ","nm_subprefeitura":"Itaquera","cd_lote_servico":"1","tx_status_ponto_revitalizado":"Revitalizado","dt_atualizacao":"2021-12-08Z","tx_data_referencia":"1º quadrimestre 2021","dc_complemento_endereco":null}},{"type":"Feature","id":"ponto_revitalizado.692","geometry":{"type":"Point","coordinates":[330347.7889,7401597.2506]},"geometry_name":"ge_ponto","properties":{"cd_identificador_ponto_revitalizado":692,"nm_endereco":"Rua Dom Bento Pickel","sg_subprefeitura":"CV","nm_subprefeitura":"Casa Verde","cd_lote_servico":"4","tx_status_ponto_revitalizado":"Revitalizado","dt_atualizacao":"2021-12-08Z","tx_data_referencia":"1º quadrimestre 2021","dc_complemento_endereco":null}},{"type":"Feature","id":"ponto_revitalizado.693","geometry":{"type":"Point","coordinates":[331413.4357,7378862.924]},"geometry_name":"ge_ponto","properties":{"cd_identificador_ponto_revitalizado":693,"nm_endereco":"Rua Dom João dos Santos, 260","sg_subprefeitura":"AD","nm_subprefeitura":"Cidade Ademar","cd_lote_servico":"3","tx_status_ponto_revitalizado":"Revitalizado","dt_atualizacao":"2021-12-08Z","tx_data_referencia":"1º quadrimestre 2021","dc_complemento_endereco":null}},{"type":"Feature","id":"ponto_revitalizado.694","geometry":{"type":"Point","coordinates":[331478.8004,7378767.3245]},"geometry_name":"ge_ponto","properties":{"cd_identificador_ponto_revitalizado":694,"nm_endereco":"Rua Dom João dos Santos,310","sg_subprefeitura":"AD","nm_subprefeitura":"Cidade Ademar","cd_lote_servico":"3","tx_status_ponto_revitalizado":"Revitalizado","dt_atualizacao":"2021-12-08Z","tx_data_referencia":"1º quadrimestre 2021","dc_complemento_endereco":null}},{"type":"Feature","id":"ponto_revitalizado.695","geometry":{"type":"Point","coordinates":[331555.4129,7380870.3543]},"geometry_name":"ge_ponto","properties":{"cd_identificador_ponto_revitalizado":695,"nm_endereco":"Rua Dom João Soares Coelho, 450","sg_subprefeitura":"AD","nm_subprefeitura":"Cidade Ademar","cd_lote_servico":"3","tx_status_ponto_revitalizado":"Eliminado","dt_atualizacao":"2021-12-08Z","tx_data_referencia":"1º quadrimestre 2021","dc_complemento_endereco":null}},{"type":"Feature","id":"ponto_revitalizado.696","geometry":{"type":"Point","coordinates":[332617.1555,7395324.2569]},"geometry_name":"ge_ponto","properties":{"cd_identificador_ponto_revitalizado":696,"nm_endereco":"Rua Dom José de Barros, 258","sg_subprefeitura":"SE","nm_subprefeitura":"Sé","cd_lote_servico":"2","tx_status_ponto_revitalizado":"Eliminado","dt_atualizacao":"2021-12-08Z","tx_data_referencia":"1º quadrimestre 2021","dc_complemento_endereco":null}},{"type":"Feature","id":"ponto_revitalizado.697","geometry":{"type":"Point","coordinates":[335639.4436,7387228.8756]},"geometry_name":"ge_ponto","properties":{"cd_identificador_ponto_revitalizado":697,"nm_endereco":"Rua Dom Macário, 196","sg_subprefeitura":"IP","nm_subprefeitura":"Ipiranga","cd_lote_servico":"3","tx_status_ponto_revitalizado":"Revitalizado","dt_atualizacao":"2021-12-08Z","tx_data_referencia":"1º quadrimestre 2021","dc_complemento_endereco":null}},{"type":"Feature","id":"ponto_revitalizado.698","geometry":{"type":"Point","coordinates":[335418.0858,7386967.551]},"geometry_name":"ge_ponto","properties":{"cd_identificador_ponto_revitalizado":698,"nm_endereco":"Rua Dom Macário, 680","sg_subprefeitura":"IP","nm_subprefeitura":"Ipiranga","cd_lote_servico":"3","tx_status_ponto_revitalizado":"Revitalizado","dt_atualizacao":"2021-12-08Z","tx_data_referencia":"1º quadrimestre 2021","dc_complemento_endereco":null}},{"type":"Feature","id":"ponto_revitalizado.699","geometry":{"type":"Point","coordinates":[334272.3179,7388635.4759]},"geometry_name":"ge_ponto","properties":{"cd_identificador_ponto_revitalizado":699,"nm_endereco":"Rua Dom Manuel de Andrade, 51A","sg_subprefeitura":"IP","nm_subprefeitura":"Ipiranga","cd_lote_servico":"3","tx_status_ponto_revitalizado":"Revitalizado","dt_atualizacao":"2021-12-08Z","tx_data_referencia":"1º quadrimestre 2021","dc_complemento_endereco":null}},{"type":"Feature","id":"ponto_revitalizado.700","geometry":{"type":"Point","coordinates":[346038.8784,7389792.5117]},"geometry_name":"ge_ponto","properties":{"cd_identificador_ponto_revitalizado":700,"nm_endereco":"Rua Domenico Visconti, 215","sg_subprefeitura":"SB","nm_subprefeitura":"Sapopemba","cd_lote_servico":"1","tx_status_ponto_revitalizado":"Eliminado","dt_atualizacao":"2021-12-08Z","tx_data_referencia":"1º quadrimestre 2021","dc_complemento_endereco":null}},{"type":"Feature","id":"ponto_revitalizado.701","geometry":{"type":"Point","coordinates":[329476.5393,7401789.0582]},"geometry_name":"ge_ponto","properties":{"cd_identificador_ponto_revitalizado":701,"nm_endereco":"Rua Domiciano Ribeiro","sg_subprefeitura":"CV","nm_subprefeitura":"Casa Verde","cd_lote_servico":"4","tx_status_ponto_revitalizado":"Revitalizado","dt_atualizacao":"2021-12-08Z","tx_data_referencia":"1º quadrimestre 2021","dc_complemento_endereco":null}},{"type":"Feature","id":"ponto_revitalizado.702","geometry":{"type":"Point","coordinates":[339115.2304,7395573.8775]},"geometry_name":"ge_ponto","properties":{"cd_identificador_ponto_revitalizado":702,"nm_endereco":"Rua Domingos Agostim, 91","sg_subprefeitura":"MO","nm_subprefeitura":"Mooca","cd_lote_servico":"2","tx_status_ponto_revitalizado":"Revitalizado","dt_atualizacao":"2021-12-08Z","tx_data_referencia":"1º quadrimestre 2021","dc_complemento_endereco":null}},{"type":"Feature","id":"ponto_revitalizado.703","geometry":{"type":"Point","coordinates":[333126.3889,7401197.6161]},"geometry_name":"ge_ponto","properties":{"cd_identificador_ponto_revitalizado":703,"nm_endereco":"Rua Domingos da Costa Mata, 300","sg_subprefeitura":"ST","nm_subprefeitura":"Santana-Tucuruvi","cd_lote_servico":"4","tx_status_ponto_revitalizado":"Revitalizado","dt_atualizacao":"2021-12-08Z","tx_data_referencia":"1º quadrimestre 2021","dc_complemento_endereco":null}},{"type":"Feature","id":"ponto_revitalizado.704","geometry":{"type":"Point","coordinates":[344722.4182,7392246.6838]},"geometry_name":"ge_ponto","properties":{"cd_identificador_ponto_revitalizado":704,"nm_endereco":"Rua Domingos dos Santos Gomes, 300","sg_subprefeitura":"AF","nm_subprefeitura":"Aricanduva","cd_lote_servico":"3","tx_status_ponto_revitalizado":"Revitalizado","dt_atualizacao":"2021-12-08Z","tx_data_referencia":"1º quadrimestre 2021","dc_complemento_endereco":null}},{"type":"Feature","id":"ponto_revitalizado.705","geometry":{"type":"Point","coordinates":[349129.8523,7389512.0305]},"geometry_name":"ge_ponto","properties":{"cd_identificador_ponto_revitalizado":705,"nm_endereco":"Rua Domiziano Rossi, 131","sg_subprefeitura":"SM","nm_subprefeitura":"São Mateus","cd_lote_servico":"1","tx_status_ponto_revitalizado":"Revitalizado","dt_atualizacao":"2021-12-08Z","tx_data_referencia":"1º quadrimestre 2021","dc_complemento_endereco":null}},{"type":"Feature","id":"ponto_revitalizado.706","geometry":{"type":"Point","coordinates":[337817.2148,7399747.0064]},"geometry_name":"ge_ponto","properties":{"cd_identificador_ponto_revitalizado":706,"nm_endereco":"Rua Dona Albertina Domingos, 470","sg_subprefeitura":"MG","nm_subprefeitura":"Vila Maria-Vila Guilherme","cd_lote_servico":"4","tx_status_ponto_revitalizado":"Revitalizado","dt_atualizacao":"2021-12-08Z","tx_data_referencia":"1º quadrimestre 2021","dc_complemento_endereco":null}},{"type":"Feature","id":"ponto_revitalizado.707","geometry":{"type":"Point","coordinates":[337847.4896,7399872.4881]},"geometry_name":"ge_ponto","properties":{"cd_identificador_ponto_revitalizado":707,"nm_endereco":"Rua Dona Albertina Domingos, 306","sg_subprefeitura":"MG","nm_subprefeitura":"Vila Maria-Vila Guilherme","cd_lote_servico":"4","tx_status_ponto_revitalizado":"Eliminado","dt_atualizacao":"2021-12-08Z","tx_data_referencia":"1º quadrimestre 2021","dc_complemento_endereco":null}},{"type":"Feature","id":"ponto_revitalizado.708","geometry":{"type":"Point","coordinates":[325796.3811,7394595.1917]},"geometry_name":"ge_ponto","properties":{"cd_identificador_ponto_revitalizado":708,"nm_endereco":"Rua Dona Elisa de Moraes Mendes & Rua Doutor Carlos Norberto de Souza Aranha","sg_subprefeitura":"PI","nm_subprefeitura":"Pinheiros","cd_lote_servico":"5","tx_status_ponto_revitalizado":"Revitalizado","dt_atualizacao":"2021-12-08Z","tx_data_referencia":"1º quadrimestre 2021","dc_complemento_endereco":null}},{"type":"Feature","id":"ponto_revitalizado.709","geometry":{"type":"Point","coordinates":[329311.1085,7396896.672]},"geometry_name":"ge_ponto","properties":{"cd_identificador_ponto_revitalizado":709,"nm_endereco":"Rua Dona Germanie Burchard","sg_subprefeitura":"LA","nm_subprefeitura":"Lapa","cd_lote_servico":"5","tx_status_ponto_revitalizado":"Revitalizado","dt_atualizacao":"2021-12-08Z","tx_data_referencia":"1º quadrimestre 2021","dc_complemento_endereco":null}},{"type":"Feature","id":"ponto_revitalizado.710","geometry":{"type":"Point","coordinates":[333560.3165,7391019.6425]},"geometry_name":"ge_ponto","properties":{"cd_identificador_ponto_revitalizado":710,"nm_endereco":"Rua Dona Inácia Uchoa, 547","sg_subprefeitura":"VM","nm_subprefeitura":"Vila Mariana","cd_lote_servico":"3","tx_status_ponto_revitalizado":"Revitalizado","dt_atualizacao":"2021-12-08Z","tx_data_referencia":"1º quadrimestre 2021","dc_complemento_endereco":null}},{"type":"Feature","id":"ponto_revitalizado.711","geometry":{"type":"Point","coordinates":[345015.8411,7398355.8043]},"geometry_name":"ge_ponto","properties":{"cd_identificador_ponto_revitalizado":711,"nm_endereco":"Rua Dona Joaquina Sanatana & Rua Vera","sg_subprefeitura":"PE","nm_subprefeitura":"Penha","cd_lote_servico":"4","tx_status_ponto_revitalizado":"Revitalizado","dt_atualizacao":"2021-12-08Z","tx_data_referencia":"1º quadrimestre 2021","dc_complemento_endereco":null}},{"type":"Feature","id":"ponto_revitalizado.712","geometry":{"type":"Point","coordinates":[336652.7369,7396001.7921]},"geometry_name":"ge_ponto","properties":{"cd_identificador_ponto_revitalizado":712,"nm_endereco":"Rua Dona Joaquina Francisca de Paiva & Avenida Celso Garcia","sg_subprefeitura":"MO","nm_subprefeitura":"Mooca","cd_lote_servico":"2","tx_status_ponto_revitalizado":"Revitalizado","dt_atualizacao":"2021-12-08Z","tx_data_referencia":"1º quadrimestre 2021","dc_complemento_endereco":null}},{"type":"Feature","id":"ponto_revitalizado.713","geometry":{"type":"Point","coordinates":[322557.6537,7378813.9939]},"geometry_name":"ge_ponto","properties":{"cd_identificador_ponto_revitalizado":713,"nm_endereco":"Rua Dona Virginia, 18","sg_subprefeitura":"MB","nm_subprefeitura":"M'Boi Mirim","cd_lote_servico":"6","tx_status_ponto_revitalizado":"Revitalizado","dt_atualizacao":"2021-12-08Z","tx_data_referencia":"1º quadrimestre 2021","dc_complemento_endereco":null}},{"type":"Feature","id":"ponto_revitalizado.714","geometry":{"type":"Point","coordinates":[333222.9839,7397061.7908]},"geometry_name":"ge_ponto","properties":{"cd_identificador_ponto_revitalizado":714,"nm_endereco":"Rua dos Bandeirantes & Rua Afonso Pena","sg_subprefeitura":"SE","nm_subprefeitura":"Sé","cd_lote_servico":"2","tx_status_ponto_revitalizado":"Revitalizado","dt_atualizacao":"2021-12-08Z","tx_data_referencia":"1º quadrimestre 2021","dc_complemento_endereco":null}},{"type":"Feature","id":"ponto_revitalizado.715","geometry":{"type":"Point","coordinates":[344896.3219,7390635.4807]},"geometry_name":"ge_ponto","properties":{"cd_identificador_ponto_revitalizado":715,"nm_endereco":"Rua dos Correntistas, 395","sg_subprefeitura":"SB","nm_subprefeitura":"Sapopemba","cd_lote_servico":"1","tx_status_ponto_revitalizado":"Revitalizado","dt_atualizacao":"2021-12-08Z","tx_data_referencia":"1º quadrimestre 2021","dc_complemento_endereco":null}},{"type":"Feature","id":"ponto_revitalizado.716","geometry":{"type":"Point","coordinates":[333667.886,7386060.2275]},"geometry_name":"ge_ponto","properties":{"cd_identificador_ponto_revitalizado":716,"nm_endereco":"Rua dos Democratas & Rua Prudente de Moraes Neto","sg_subprefeitura":"VM","nm_subprefeitura":"Vila Mariana","cd_lote_servico":"3","tx_status_ponto_revitalizado":"Revitalizado","dt_atualizacao":"2021-12-08Z","tx_data_referencia":"1º quadrimestre 2021","dc_complemento_endereco":null}},{"type":"Feature","id":"ponto_revitalizado.717","geometry":{"type":"Point","coordinates":[339598.5213,7389031.6623]},"geometry_name":"ge_ponto","properties":{"cd_identificador_ponto_revitalizado":717,"nm_endereco":"Rua dos Gerânios, 210","sg_subprefeitura":"VP","nm_subprefeitura":"Vila Prudente","cd_lote_servico":"3","tx_status_ponto_revitalizado":"Revitalizado","dt_atualizacao":"2021-12-08Z","tx_data_referencia":"1º quadrimestre 2021","dc_complemento_endereco":null}},{"type":"Feature","id":"ponto_revitalizado.718","geometry":{"type":"Point","coordinates":[341799.0483,7392187.761]},"geometry_name":"ge_ponto","properties":{"cd_identificador_ponto_revitalizado":718,"nm_endereco":"Rua do Hemisfério","sg_subprefeitura":"AF","nm_subprefeitura":"Aricanduva","cd_lote_servico":"3","tx_status_ponto_revitalizado":"Revitalizado","dt_atualizacao":"2021-12-08Z","tx_data_referencia":"1º quadrimestre 2021","dc_complemento_endereco":null}},{"type":"Feature","id":"ponto_revitalizado.719","geometry":{"type":"Point","coordinates":[326838.5375,7402397.5643]},"geometry_name":"ge_ponto","properties":{"cd_identificador_ponto_revitalizado":719,"nm_endereco":"Rua dos Morgados & Avenida Ministro Petrônio Portela","sg_subprefeitura":"FB","nm_subprefeitura":"Freguesia Do Ó","cd_lote_servico":"4","tx_status_ponto_revitalizado":"Eliminado","dt_atualizacao":"2021-12-08Z","tx_data_referencia":"1º quadrimestre 2021","dc_complemento_endereco":null}},{"type":"Feature","id":"ponto_revitalizado.720","geometry":{"type":"Point","coordinates":[318091.4655,7381227.3635]},"geometry_name":"ge_ponto","properties":{"cd_identificador_ponto_revitalizado":720,"nm_endereco":"Rua dos Mutirantes","sg_subprefeitura":"CL","nm_subprefeitura":"Campo Limpo","cd_lote_servico":"6","tx_status_ponto_revitalizado":"Revitalizado","dt_atualizacao":"2021-12-08Z","tx_data_referencia":"1º quadrimestre 2021","dc_complemento_endereco":null}},{"type":"Feature","id":"ponto_revitalizado.721","geometry":{"type":"Point","coordinates":[318189.9799,7381222.0598]},"geometry_name":"ge_ponto","properties":{"cd_identificador_ponto_revitalizado":721,"nm_endereco":"Rua dos Mutirantes, 12","sg_subprefeitura":"CL","nm_subprefeitura":"Campo Limpo","cd_lote_servico":"6","tx_status_ponto_revitalizado":"Revitalizado","dt_atualizacao":"2021-12-08Z","tx_data_referencia":"1º quadrimestre 2021","dc_complemento_endereco":null}},{"type":"Feature","id":"ponto_revitalizado.722","geometry":{"type":"Point","coordinates":[318128.9803,7381205.1261]},"geometry_name":"ge_ponto","properties":{"cd_identificador_ponto_revitalizado":722,"nm_endereco":"Rua dos Mutirantes, 16","sg_subprefeitura":"CL","nm_subprefeitura":"Campo Limpo","cd_lote_servico":"6","tx_status_ponto_revitalizado":"Revitalizado","dt_atualizacao":"2021-12-08Z","tx_data_referencia":"1º quadrimestre 2021","dc_complemento_endereco":null}},{"type":"Feature","id":"ponto_revitalizado.723","geometry":{"type":"Point","coordinates":[335579.6693,7384756.4252]},"geometry_name":"ge_ponto","properties":{"cd_identificador_ponto_revitalizado":723,"nm_endereco":"Rua dos Operários, 1780","sg_subprefeitura":"IP","nm_subprefeitura":"Ipiranga","cd_lote_servico":"3","tx_status_ponto_revitalizado":"Revitalizado","dt_atualizacao":"2021-12-08Z","tx_data_referencia":"1º quadrimestre 2021","dc_complemento_endereco":null}},{"type":"Feature","id":"ponto_revitalizado.724","geometry":{"type":"Point","coordinates":[335051.518,7393566.1307]},"geometry_name":"ge_ponto","properties":{"cd_identificador_ponto_revitalizado":724,"nm_endereco":"Rua dos Pescadores, 233","sg_subprefeitura":"SE","nm_subprefeitura":"Sé","cd_lote_servico":"2","tx_status_ponto_revitalizado":"Revitalizado","dt_atualizacao":"2021-12-08Z","tx_data_referencia":"1º quadrimestre 2021","dc_complemento_endereco":null}},{"type":"Feature","id":"ponto_revitalizado.725","geometry":{"type":"Point","coordinates":[347522.323,7396442.5086]},"geometry_name":"ge_ponto","properties":{"cd_identificador_ponto_revitalizado":725,"nm_endereco":"Rua dos Reis Magos (baixo do Viaduto Itinguçu)","sg_subprefeitura":"PE","nm_subprefeitura":"Penha","cd_lote_servico":"4","tx_status_ponto_revitalizado":"Revitalizado","dt_atualizacao":"2021-12-08Z","tx_data_referencia":"1º quadrimestre 2021","dc_complemento_endereco":null}},{"type":"Feature","id":"ponto_revitalizado.726","geometry":{"type":"Point","coordinates":[327113.5196,7393389.1722]},"geometry_name":"ge_ponto","properties":{"cd_identificador_ponto_revitalizado":726,"nm_endereco":"Rua dos Tamanás & Avenida Pedroso de Morais","sg_subprefeitura":"PI","nm_subprefeitura":"Pinheiros","cd_lote_servico":"5","tx_status_ponto_revitalizado":"Revitalizado","dt_atualizacao":"2021-12-08Z","tx_data_referencia":"1º quadrimestre 2021","dc_complemento_endereco":null}},{"type":"Feature","id":"ponto_revitalizado.727","geometry":{"type":"Point","coordinates":[333564.4976,7393342.1776]},"geometry_name":"ge_ponto","properties":{"cd_identificador_ponto_revitalizado":727,"nm_endereco":"Rua dos Tapes, 81","sg_subprefeitura":"SE","nm_subprefeitura":"Sé","cd_lote_servico":"2","tx_status_ponto_revitalizado":"Revitalizado","dt_atualizacao":"2021-12-08Z","tx_data_referencia":"1º quadrimestre 2021","dc_complemento_endereco":null}},{"type":"Feature","id":"ponto_revitalizado.728","geometry":{"type":"Point","coordinates":[357533.2181,7390764.7654]},"geometry_name":"ge_ponto","properties":{"cd_identificador_ponto_revitalizado":728,"nm_endereco":"Rua dos Têxteis & Avenida Naylor de Oliveira","sg_subprefeitura":"CT","nm_subprefeitura":"Cidade Tiradentes","cd_lote_servico":"1","tx_status_ponto_revitalizado":"Eliminado","dt_atualizacao":"2021-12-08Z","tx_data_referencia":"1º quadrimestre 2021","dc_complemento_endereco":null}},{"type":"Feature","id":"ponto_revitalizado.729","geometry":{"type":"Point","coordinates":[337162.4474,7394242.1062]},"geometry_name":"ge_ponto","properties":{"cd_identificador_ponto_revitalizado":729,"nm_endereco":"Rua dos Trilhos, 1462","sg_subprefeitura":"MO","nm_subprefeitura":"Mooca","cd_lote_servico":"2","tx_status_ponto_revitalizado":"Eliminado","dt_atualizacao":"2021-12-08Z","tx_data_referencia":"1º quadrimestre 2021","dc_complemento_endereco":null}},{"type":"Feature","id":"ponto_revitalizado.730","geometry":{"type":"Point","coordinates":[336027.0263,7383619.3854]},"geometry_name":"ge_ponto","properties":{"cd_identificador_ponto_revitalizado":730,"nm_endereco":"Rua Doutor Benedito Tolosa, 350","sg_subprefeitura":"IP","nm_subprefeitura":"Ipiranga","cd_lote_servico":"3","tx_status_ponto_revitalizado":"Revitalizado","dt_atualizacao":"2021-12-08Z","tx_data_referencia":"1º quadrimestre 2021","dc_complemento_endereco":null}},{"type":"Feature","id":"ponto_revitalizado.731","geometry":{"type":"Point","coordinates":[338155.0854,7400089.0784]},"geometry_name":"ge_ponto","properties":{"cd_identificador_ponto_revitalizado":731,"nm_endereco":"Rua Doutor Afrodisio Vidigal & Rua Paulo Lavrador","sg_subprefeitura":"MG","nm_subprefeitura":"Vila Maria-Vila Guilherme","cd_lote_servico":"4","tx_status_ponto_revitalizado":"Revitalizado","dt_atualizacao":"2021-12-08Z","tx_data_referencia":"1º quadrimestre 2021","dc_complemento_endereco":null}},{"type":"Feature","id":"ponto_revitalizado.732","geometry":{"type":"Point","coordinates":[329892.932,7404275.6519]},"geometry_name":"ge_ponto","properties":{"cd_identificador_ponto_revitalizado":732,"nm_endereco":"Rua Doutor Araújo Castro, 2","sg_subprefeitura":"CV","nm_subprefeitura":"Casa Verde","cd_lote_servico":"4","tx_status_ponto_revitalizado":"Revitalizado","dt_atualizacao":"2021-12-08Z","tx_data_referencia":"1º quadrimestre 2021","dc_complemento_endereco":null}},{"type":"Feature","id":"ponto_revitalizado.733","geometry":{"type":"Point","coordinates":[330112.2246,7404396.6947]},"geometry_name":"ge_ponto","properties":{"cd_identificador_ponto_revitalizado":733,"nm_endereco":"Rua Doutor Araújo Castro, 470","sg_subprefeitura":"CV","nm_subprefeitura":"Casa Verde","cd_lote_servico":"4","tx_status_ponto_revitalizado":"Revitalizado","dt_atualizacao":"2021-12-08Z","tx_data_referencia":"1º quadrimestre 2021","dc_complemento_endereco":null}},{"type":"Feature","id":"ponto_revitalizado.734","geometry":{"type":"Point","coordinates":[330099.2945,7404631.3418]},"geometry_name":"ge_ponto","properties":{"cd_identificador_ponto_revitalizado":734,"nm_endereco":"Rua Doutor Araújo Castro, 745","sg_subprefeitura":"CV","nm_subprefeitura":"Casa Verde","cd_lote_servico":"4","tx_status_ponto_revitalizado":"Revitalizado","dt_atualizacao":"2021-12-08Z","tx_data_referencia":"1º quadrimestre 2021","dc_complemento_endereco":null}},{"type":"Feature","id":"ponto_revitalizado.735","geometry":{"type":"Point","coordinates":[336497.5631,7398395.8174]},"geometry_name":"ge_ponto","properties":{"cd_identificador_ponto_revitalizado":735,"nm_endereco":"Rua Doutor Arthur Nardy de Moraes Goyano","sg_subprefeitura":"MG","nm_subprefeitura":"Vila Maria-Vila Guilherme","cd_lote_servico":"4","tx_status_ponto_revitalizado":"Revitalizado","dt_atualizacao":"2021-12-08Z","tx_data_referencia":"1º quadrimestre 2021","dc_complemento_endereco":null}},{"type":"Feature","id":"ponto_revitalizado.736","geometry":{"type":"Point","coordinates":[326658.5607,7393975.7804]},"geometry_name":"ge_ponto","properties":{"cd_identificador_ponto_revitalizado":736,"nm_endereco":"Rua Doutor Baeta Neves","sg_subprefeitura":"PI","nm_subprefeitura":"Pinheiros","cd_lote_servico":"5","tx_status_ponto_revitalizado":"Revitalizado","dt_atualizacao":"2021-12-08Z","tx_data_referencia":"1º quadrimestre 2021","dc_complemento_endereco":null}},{"type":"Feature","id":"ponto_revitalizado.737","geometry":{"type":"Point","coordinates":[328744.1068,7403249.9057]},"geometry_name":"ge_ponto","properties":{"cd_identificador_ponto_revitalizado":737,"nm_endereco":"Rua Doutor Couto de Barros & Rua Dom José Marcondes","sg_subprefeitura":"FB","nm_subprefeitura":"Freguesia Do Ó","cd_lote_servico":"4","tx_status_ponto_revitalizado":"Revitalizado","dt_atualizacao":"2021-12-08Z","tx_data_referencia":"1º quadrimestre 2021","dc_complemento_endereco":null}},{"type":"Feature","id":"ponto_revitalizado.738","geometry":{"type":"Point","coordinates":[326647.0498,7403612.5044]},"geometry_name":"ge_ponto","properties":{"cd_identificador_ponto_revitalizado":738,"nm_endereco":"Rua Doutor Diogo Canteras Garcia & Estrada do Sabão","sg_subprefeitura":"FB","nm_subprefeitura":"Freguesia Do Ó","cd_lote_servico":"4","tx_status_ponto_revitalizado":"Eliminado","dt_atualizacao":"2021-12-08Z","tx_data_referencia":"1º quadrimestre 2021","dc_complemento_endereco":null}},{"type":"Feature","id":"ponto_revitalizado.739","geometry":{"type":"Point","coordinates":[323686.0165,7363614.5636]},"geometry_name":"ge_ponto","properties":{"cd_identificador_ponto_revitalizado":739,"nm_endereco":"Rua Doutor Dioracy Nascimento & Estrada Engenheiro Marsilac","sg_subprefeitura":"PA","nm_subprefeitura":"Parelheiros","cd_lote_servico":"6","tx_status_ponto_revitalizado":"Revitalizado","dt_atualizacao":"2021-12-08Z","tx_data_referencia":"1º quadrimestre 2021","dc_complemento_endereco":null}},{"type":"Feature","id":"ponto_revitalizado.740","geometry":{"type":"Point","coordinates":[349414.0469,7388378.1656]},"geometry_name":"ge_ponto","properties":{"cd_identificador_ponto_revitalizado":740,"nm_endereco":"Rua Doutor Edmur Whitaker, 157","sg_subprefeitura":"SM","nm_subprefeitura":"São Mateus","cd_lote_servico":"1","tx_status_ponto_revitalizado":"Eliminado","dt_atualizacao":"2021-12-08Z","tx_data_referencia":"1º quadrimestre 2021","dc_complemento_endereco":null}},{"type":"Feature","id":"ponto_revitalizado.741","geometry":{"type":"Point","coordinates":[349543.0519,7388386.8054]},"geometry_name":"ge_ponto","properties":{"cd_identificador_ponto_revitalizado":741,"nm_endereco":"Rua Doutor Edmur Whitaker, 25","sg_subprefeitura":"SM","nm_subprefeitura":"São Mateus","cd_lote_servico":"1","tx_status_ponto_revitalizado":"Revitalizado","dt_atualizacao":"2021-12-08Z","tx_data_referencia":"1º quadrimestre 2021","dc_complemento_endereco":null}},{"type":"Feature","id":"ponto_revitalizado.742","geometry":{"type":"Point","coordinates":[349538.7087,7388224.076]},"geometry_name":"ge_ponto","properties":{"cd_identificador_ponto_revitalizado":742,"nm_endereco":"Rua Doutor Felice Buscaglia, 150","sg_subprefeitura":"SM","nm_subprefeitura":"São Mateus","cd_lote_servico":"1","tx_status_ponto_revitalizado":"Revitalizado","dt_atualizacao":"2021-12-08Z","tx_data_referencia":"1º quadrimestre 2021","dc_complemento_endereco":null}},{"type":"Feature","id":"ponto_revitalizado.743","geometry":{"type":"Point","coordinates":[329456.7594,7401284.6769]},"geometry_name":"ge_ponto","properties":{"cd_identificador_ponto_revitalizado":743,"nm_endereco":"Rua Doutor Fleury Silveira, 295","sg_subprefeitura":"CV","nm_subprefeitura":"Casa Verde","cd_lote_servico":"4","tx_status_ponto_revitalizado":"Revitalizado","dt_atualizacao":"2021-12-08Z","tx_data_referencia":"1º quadrimestre 2021","dc_complemento_endereco":null}},{"type":"Feature","id":"ponto_revitalizado.744","geometry":{"type":"Point","coordinates":[329155.6958,7401295.3515]},"geometry_name":"ge_ponto","properties":{"cd_identificador_ponto_revitalizado":744,"nm_endereco":"Rua Doutor Fleury Silveira, 563","sg_subprefeitura":"CV","nm_subprefeitura":"Casa Verde","cd_lote_servico":"4","tx_status_ponto_revitalizado":"Revitalizado","dt_atualizacao":"2021-12-08Z","tx_data_referencia":"1º quadrimestre 2021","dc_complemento_endereco":null}},{"type":"Feature","id":"ponto_revitalizado.745","geometry":{"type":"Point","coordinates":[341751.4367,7399124.6161]},"geometry_name":"ge_ponto","properties":{"cd_identificador_ponto_revitalizado":745,"nm_endereco":"Travessa Doutor Fuad Dabud & Rua Barra Fria","sg_subprefeitura":"PE","nm_subprefeitura":"Penha","cd_lote_servico":"4","tx_status_ponto_revitalizado":"Revitalizado","dt_atualizacao":"2021-12-08Z","tx_data_referencia":"1º quadrimestre 2021","dc_complemento_endereco":null}},{"type":"Feature","id":"ponto_revitalizado.746","geometry":{"type":"Point","coordinates":[336170.65,7388934.5627]},"geometry_name":"ge_ponto","properties":{"cd_identificador_ponto_revitalizado":746,"nm_endereco":"Avenida Doutor Gentil de Moura & Rua Bacharel de Cananéia","sg_subprefeitura":"IP","nm_subprefeitura":"Ipiranga","cd_lote_servico":"3","tx_status_ponto_revitalizado":"Revitalizado","dt_atualizacao":"2021-12-08Z","tx_data_referencia":"1º quadrimestre 2021","dc_complemento_endereco":null}},{"type":"Feature","id":"ponto_revitalizado.747","geometry":{"type":"Point","coordinates":[341645.9777,7396729.9953]},"geometry_name":"ge_ponto","properties":{"cd_identificador_ponto_revitalizado":747,"nm_endereco":"Rua Doutor Ismael Dias & Rua Alfredo de Franco","sg_subprefeitura":"PE","nm_subprefeitura":"Penha","cd_lote_servico":"4","tx_status_ponto_revitalizado":"Revitalizado","dt_atualizacao":"2021-12-08Z","tx_data_referencia":"1º quadrimestre 2021","dc_complemento_endereco":null}},{"type":"Feature","id":"ponto_revitalizado.748","geometry":{"type":"Point","coordinates":[335565.8537,7395502.874]},"geometry_name":"ge_ponto","properties":{"cd_identificador_ponto_revitalizado":748,"nm_endereco":"Rua Doutor João Alves Lima & Rua José de Alencar","sg_subprefeitura":"MO","nm_subprefeitura":"Mooca","cd_lote_servico":"2","tx_status_ponto_revitalizado":"Revitalizado","dt_atualizacao":"2021-12-08Z","tx_data_referencia":"1º quadrimestre 2021","dc_complemento_endereco":null}},{"type":"Feature","id":"ponto_revitalizado.749","geometry":{"type":"Point","coordinates":[327420.9928,7380567.9249]},"geometry_name":"ge_ponto","properties":{"cd_identificador_ponto_revitalizado":749,"nm_endereco":"Rua Doutor Jorge Canaan","sg_subprefeitura":"SA","nm_subprefeitura":"Santo Amaro","cd_lote_servico":"6","tx_status_ponto_revitalizado":"Revitalizado","dt_atualizacao":"2021-12-08Z","tx_data_referencia":"1º quadrimestre 2021","dc_complemento_endereco":null}},{"type":"Feature","id":"ponto_revitalizado.750","geometry":{"type":"Point","coordinates":[320490.6232,7379219.1437]},"geometry_name":"ge_ponto","properties":{"cd_identificador_ponto_revitalizado":750,"nm_endereco":"Rua Doutor José Carneiro Viana, 20","sg_subprefeitura":"MB","nm_subprefeitura":"M'Boi Mirim","cd_lote_servico":"6","tx_status_ponto_revitalizado":"Revitalizado","dt_atualizacao":"2021-12-08Z","tx_data_referencia":"1º quadrimestre 2021","dc_complemento_endereco":null}},{"type":"Feature","id":"ponto_revitalizado.751","geometry":{"type":"Point","coordinates":[330314.4085,7404716.6703]},"geometry_name":"ge_ponto","properties":{"cd_identificador_ponto_revitalizado":751,"nm_endereco":"Rua Doutor José Mário Teixeira Leão","sg_subprefeitura":"CV","nm_subprefeitura":"Casa Verde","cd_lote_servico":"4","tx_status_ponto_revitalizado":"Revitalizado","dt_atualizacao":"2021-12-08Z","tx_data_referencia":"1º quadrimestre 2021","dc_complemento_endereco":null}},{"type":"Feature","id":"ponto_revitalizado.752","geometry":{"type":"Point","coordinates":[320832.2562,7392094.6594]},"geometry_name":"ge_ponto","properties":{"cd_identificador_ponto_revitalizado":752,"nm_endereco":"Rua Doutor Laudelino de Abreu","sg_subprefeitura":"BT","nm_subprefeitura":"Butantã","cd_lote_servico":"5","tx_status_ponto_revitalizado":"Revitalizado","dt_atualizacao":"2021-12-08Z","tx_data_referencia":"1º quadrimestre 2021","dc_complemento_endereco":null}},{"type":"Feature","id":"ponto_revitalizado.753","geometry":{"type":"Point","coordinates":[331664.4432,7393880.8447]},"geometry_name":"ge_ponto","properties":{"cd_identificador_ponto_revitalizado":753,"nm_endereco":"Rua Doutor Lourenço Granato & Rua Cardeal Leme","sg_subprefeitura":"SE","nm_subprefeitura":"Sé","cd_lote_servico":"2","tx_status_ponto_revitalizado":"Revitalizado","dt_atualizacao":"2021-12-08Z","tx_data_referencia":"1º quadrimestre 2021","dc_complemento_endereco":null}},{"type":"Feature","id":"ponto_revitalizado.754","geometry":{"type":"Point","coordinates":[331859.0291,7393828.8133]},"geometry_name":"ge_ponto","properties":{"cd_identificador_ponto_revitalizado":754,"nm_endereco":"Rua Doutor Luis Barreto, 304","sg_subprefeitura":"SE","nm_subprefeitura":"Sé","cd_lote_servico":"2","tx_status_ponto_revitalizado":"Revitalizado","dt_atualizacao":"2021-12-08Z","tx_data_referencia":"1º quadrimestre 2021","dc_complemento_endereco":null}},{"type":"Feature","id":"ponto_revitalizado.755","geometry":{"type":"Point","coordinates":[334181.8695,7389140.5897]},"geometry_name":"ge_ponto","properties":{"cd_identificador_ponto_revitalizado":755,"nm_endereco":"Rua Doutor Luna, 20","sg_subprefeitura":"VM","nm_subprefeitura":"Vila Mariana","cd_lote_servico":"3","tx_status_ponto_revitalizado":"Revitalizado","dt_atualizacao":"2021-12-08Z","tx_data_referencia":"1º quadrimestre 2021","dc_complemento_endereco":null}},{"type":"Feature","id":"ponto_revitalizado.756","geometry":{"type":"Point","coordinates":[332416.7499,7390066.2714]},"geometry_name":"ge_ponto","properties":{"cd_identificador_ponto_revitalizado":756,"nm_endereco":"Rua Doutor Mário Cardim, 210","sg_subprefeitura":"VM","nm_subprefeitura":"Vila Mariana","cd_lote_servico":"3","tx_status_ponto_revitalizado":"Revitalizado","dt_atualizacao":"2021-12-08Z","tx_data_referencia":"1º quadrimestre 2021","dc_complemento_endereco":null}},{"type":"Feature","id":"ponto_revitalizado.757","geometry":{"type":"Point","coordinates":[332455.1506,7390064.3861]},"geometry_name":"ge_ponto","properties":{"cd_identificador_ponto_revitalizado":757,"nm_endereco":"Rua Doutor Mário Cardim, 48","sg_subprefeitura":"VM","nm_subprefeitura":"Vila Mariana","cd_lote_servico":"3","tx_status_ponto_revitalizado":"Revitalizado","dt_atualizacao":"2021-12-08Z","tx_data_referencia":"1º quadrimestre 2021","dc_complemento_endereco":null}},{"type":"Feature","id":"ponto_revitalizado.758","geometry":{"type":"Point","coordinates":[331776.6386,7389961.4485]},"geometry_name":"ge_ponto","properties":{"cd_identificador_ponto_revitalizado":758,"nm_endereco":"Rua Doutor Mário Cardim, 680","sg_subprefeitura":"VM","nm_subprefeitura":"Vila Mariana","cd_lote_servico":"3","tx_status_ponto_revitalizado":"Revitalizado","dt_atualizacao":"2021-12-08Z","tx_data_referencia":"1º quadrimestre 2021","dc_complemento_endereco":null}},{"type":"Feature","id":"ponto_revitalizado.759","geometry":{"type":"Point","coordinates":[332277.7347,7381923.1202]},"geometry_name":"ge_ponto","properties":{"cd_identificador_ponto_revitalizado":759,"nm_endereco":"Rua Doutor Mário de Campos, 520","sg_subprefeitura":"JA","nm_subprefeitura":"Jabaquara","cd_lote_servico":"3","tx_status_ponto_revitalizado":"Revitalizado","dt_atualizacao":"2021-12-08Z","tx_data_referencia":"1º quadrimestre 2021","dc_complemento_endereco":null}},{"type":"Feature","id":"ponto_revitalizado.760","geometry":{"type":"Point","coordinates":[333593.4697,7386321.8645]},"geometry_name":"ge_ponto","properties":{"cd_identificador_ponto_revitalizado":760,"nm_endereco":"Rua Doutor Mauricio Lacerda & Rua Palermo","sg_subprefeitura":"VM","nm_subprefeitura":"Vila Mariana","cd_lote_servico":"3","tx_status_ponto_revitalizado":"Revitalizado","dt_atualizacao":"2021-12-08Z","tx_data_referencia":"1º quadrimestre 2021","dc_complemento_endereco":null}},{"type":"Feature","id":"ponto_revitalizado.761","geometry":{"type":"Point","coordinates":[324523.8595,7401465.9768]},"geometry_name":"ge_ponto","properties":{"cd_identificador_ponto_revitalizado":761,"nm_endereco":"Rua Doutor Osvaldo Urioeste, 100","sg_subprefeitura":"PJ","nm_subprefeitura":"Pirituba-Jaragua","cd_lote_servico":"5","tx_status_ponto_revitalizado":"Revitalizado","dt_atualizacao":"2021-12-08Z","tx_data_referencia":"1º quadrimestre 2021","dc_complemento_endereco":null}},{"type":"Feature","id":"ponto_revitalizado.762","geometry":{"type":"Point","coordinates":[348678.0651,7390297.3017]},"geometry_name":"ge_ponto","properties":{"cd_identificador_ponto_revitalizado":762,"nm_endereco":"Rua Doutor Paulo Queiroz, 1330","sg_subprefeitura":"SM","nm_subprefeitura":"São Mateus","cd_lote_servico":"1","tx_status_ponto_revitalizado":"Revitalizado","dt_atualizacao":"2021-12-08Z","tx_data_referencia":"1º quadrimestre 2021","dc_complemento_endereco":null}},{"type":"Feature","id":"ponto_revitalizado.763","geometry":{"type":"Point","coordinates":[332102.0627,7394376.9546]},"geometry_name":"ge_ponto","properties":{"cd_identificador_ponto_revitalizado":763,"nm_endereco":"Rua Doutor Ricardo Batista & Rua Conselheiro Ramalho","sg_subprefeitura":"SE","nm_subprefeitura":"Sé","cd_lote_servico":"2","tx_status_ponto_revitalizado":"Revitalizado","dt_atualizacao":"2021-12-08Z","tx_data_referencia":"1º quadrimestre 2021","dc_complemento_endereco":null}},{"type":"Feature","id":"ponto_revitalizado.764","geometry":{"type":"Point","coordinates":[340038.3769,7389313.3634]},"geometry_name":"ge_ponto","properties":{"cd_identificador_ponto_revitalizado":764,"nm_endereco":"Rua Doutor Vicente Giacaglini & Rua Orlando","sg_subprefeitura":"VP","nm_subprefeitura":"Vila Prudente","cd_lote_servico":"3","tx_status_ponto_revitalizado":"Revitalizado","dt_atualizacao":"2021-12-08Z","tx_data_referencia":"1º quadrimestre 2021","dc_complemento_endereco":null}},{"type":"Feature","id":"ponto_revitalizado.765","geometry":{"type":"Point","coordinates":[335614.4064,7398300.7712]},"geometry_name":"ge_ponto","properties":{"cd_identificador_ponto_revitalizado":765,"nm_endereco":"Rua Doze de Setembro, 572","sg_subprefeitura":"MG","nm_subprefeitura":"Vila Maria-Vila Guilherme","cd_lote_servico":"4","tx_status_ponto_revitalizado":"Revitalizado","dt_atualizacao":"2021-12-08Z","tx_data_referencia":"1º quadrimestre 2021","dc_complemento_endereco":null}},{"type":"Feature","id":"ponto_revitalizado.766","geometry":{"type":"Point","coordinates":[352209.6873,7386315.3455]},"geometry_name":"ge_ponto","properties":{"cd_identificador_ponto_revitalizado":766,"nm_endereco":"Rua Duque de Caxias, 75","sg_subprefeitura":"SM","nm_subprefeitura":"São Mateus","cd_lote_servico":"1","tx_status_ponto_revitalizado":"Revitalizado","dt_atualizacao":"2021-12-08Z","tx_data_referencia":"1º quadrimestre 2021","dc_complemento_endereco":null}},{"type":"Feature","id":"ponto_revitalizado.767","geometry":{"type":"Point","coordinates":[348559.4665,7396004.6447]},"geometry_name":"ge_ponto","properties":{"cd_identificador_ponto_revitalizado":767,"nm_endereco":"Rua Durande (baixo do Viaduto Milton Leão)","sg_subprefeitura":"PE","nm_subprefeitura":"Penha","cd_lote_servico":"4","tx_status_ponto_revitalizado":"Revitalizado","dt_atualizacao":"2021-12-08Z","tx_data_referencia":"1º quadrimestre 2021","dc_complemento_endereco":null}},{"type":"Feature","id":"ponto_revitalizado.768","geometry":{"type":"Point","coordinates":[331749.5251,7383933.8735]},"geometry_name":"ge_ponto","properties":{"cd_identificador_ponto_revitalizado":768,"nm_endereco":"Rua Edgar Amorim Amaral","sg_subprefeitura":"JA","nm_subprefeitura":"Jabaquara","cd_lote_servico":"3","tx_status_ponto_revitalizado":"Revitalizado","dt_atualizacao":"2021-12-08Z","tx_data_referencia":"1º quadrimestre 2021","dc_complemento_endereco":null}},{"type":"Feature","id":"ponto_revitalizado.769","geometry":{"type":"Point","coordinates":[335694.0775,7388168.0063]},"geometry_name":"ge_ponto","properties":{"cd_identificador_ponto_revitalizado":769,"nm_endereco":"Rua Edgar de Campos & Rua Jeremias Junior","sg_subprefeitura":"IP","nm_subprefeitura":"Ipiranga","cd_lote_servico":"3","tx_status_ponto_revitalizado":"Revitalizado","dt_atualizacao":"2021-12-08Z","tx_data_referencia":"1º quadrimestre 2021","dc_complemento_endereco":null}},{"type":"Feature","id":"ponto_revitalizado.770","geometry":{"type":"Point","coordinates":[336995.3995,7400080.1122]},"geometry_name":"ge_ponto","properties":{"cd_identificador_ponto_revitalizado":770,"nm_endereco":"Rua Edgar, 393","sg_subprefeitura":"MG","nm_subprefeitura":"Vila Maria-Vila Guilherme","cd_lote_servico":"4","tx_status_ponto_revitalizado":"Revitalizado","dt_atualizacao":"2021-12-08Z","tx_data_referencia":"1º quadrimestre 2021","dc_complemento_endereco":null}},{"type":"Feature","id":"ponto_revitalizado.771","geometry":{"type":"Point","coordinates":[345297.2679,7390122.3412]},"geometry_name":"ge_ponto","properties":{"cd_identificador_ponto_revitalizado":771,"nm_endereco":"Rua Edouard Corbiere, 47","sg_subprefeitura":"SB","nm_subprefeitura":"Sapopemba","cd_lote_servico":"1","tx_status_ponto_revitalizado":"Revitalizado","dt_atualizacao":"2021-12-08Z","tx_data_referencia":"1º quadrimestre 2021","dc_complemento_endereco":null}},{"type":"Feature","id":"ponto_revitalizado.772","geometry":{"type":"Point","coordinates":[334812.7605,7385794.1466]},"geometry_name":"ge_ponto","properties":{"cd_identificador_ponto_revitalizado":772,"nm_endereco":"Rua Eduardo Ferreira França, 200","sg_subprefeitura":"IP","nm_subprefeitura":"Ipiranga","cd_lote_servico":"3","tx_status_ponto_revitalizado":"Revitalizado","dt_atualizacao":"2021-12-08Z","tx_data_referencia":"1º quadrimestre 2021","dc_complemento_endereco":null}},{"type":"Feature","id":"ponto_revitalizado.773","geometry":{"type":"Point","coordinates":[316337.9896,7405978.355]},"geometry_name":"ge_ponto","properties":{"cd_identificador_ponto_revitalizado":773,"nm_endereco":"Rua Eduardo Grusius","sg_subprefeitura":"PR","nm_subprefeitura":"Perus-Anhanguera","cd_lote_servico":"5","tx_status_ponto_revitalizado":"Revitalizado","dt_atualizacao":"2021-12-08Z","tx_data_referencia":"1º quadrimestre 2021","dc_complemento_endereco":null}},{"type":"Feature","id":"ponto_revitalizado.774","geometry":{"type":"Point","coordinates":[346044.9135,7390740.1235]},"geometry_name":"ge_ponto","properties":{"cd_identificador_ponto_revitalizado":774,"nm_endereco":"Rua Eduardo Palmerio (Canteiro Central)","sg_subprefeitura":"AF","nm_subprefeitura":"Aricanduva","cd_lote_servico":"3","tx_status_ponto_revitalizado":"Revitalizado","dt_atualizacao":"2021-12-08Z","tx_data_referencia":"1º quadrimestre 2021","dc_complemento_endereco":null}},{"type":"Feature","id":"ponto_revitalizado.775","geometry":{"type":"Point","coordinates":[345979.9831,7390702.7819]},"geometry_name":"ge_ponto","properties":{"cd_identificador_ponto_revitalizado":775,"nm_endereco":"Rua Eduardo Palmerio, 66","sg_subprefeitura":"AF","nm_subprefeitura":"Aricanduva","cd_lote_servico":"3","tx_status_ponto_revitalizado":"Revitalizado","dt_atualizacao":"2021-12-08Z","tx_data_referencia":"1º quadrimestre 2021","dc_complemento_endereco":null}},{"type":"Feature","id":"ponto_revitalizado.776","geometry":{"type":"Point","coordinates":[329779.9062,7379436.433]},"geometry_name":"ge_ponto","properties":{"cd_identificador_ponto_revitalizado":776,"nm_endereco":"Rua Eliseu Borges, 72","sg_subprefeitura":"AD","nm_subprefeitura":"Cidade Ademar","cd_lote_servico":"3","tx_status_ponto_revitalizado":"Revitalizado","dt_atualizacao":"2021-12-08Z","tx_data_referencia":"1º quadrimestre 2021","dc_complemento_endereco":null}},{"type":"Feature","id":"ponto_revitalizado.777","geometry":{"type":"Point","coordinates":[346401.8067,7390093.7989]},"geometry_name":"ge_ponto","properties":{"cd_identificador_ponto_revitalizado":777,"nm_endereco":"Rua Elói Mendes, 186","sg_subprefeitura":"SM","nm_subprefeitura":"São Mateus","cd_lote_servico":"1","tx_status_ponto_revitalizado":"Revitalizado","dt_atualizacao":"2021-12-08Z","tx_data_referencia":"1º quadrimestre 2021","dc_complemento_endereco":null}},{"type":"Feature","id":"ponto_revitalizado.778","geometry":{"type":"Point","coordinates":[327701.0689,7402285.4384]},"geometry_name":"ge_ponto","properties":{"cd_identificador_ponto_revitalizado":778,"nm_endereco":"Rua Embaixador Pais do Nascimento","sg_subprefeitura":"FB","nm_subprefeitura":"Freguesia Do Ó","cd_lote_servico":"4","tx_status_ponto_revitalizado":"Eliminado","dt_atualizacao":"2021-12-08Z","tx_data_referencia":"1º quadrimestre 2021","dc_complemento_endereco":null}},{"type":"Feature","id":"ponto_revitalizado.779","geometry":{"type":"Point","coordinates":[331375.1101,7383463.929]},"geometry_name":"ge_ponto","properties":{"cd_identificador_ponto_revitalizado":779,"nm_endereco":"Rua Embiara & Rua Coriolano Durant","sg_subprefeitura":"JA","nm_subprefeitura":"Jabaquara","cd_lote_servico":"3","tx_status_ponto_revitalizado":"Revitalizado","dt_atualizacao":"2021-12-08Z","tx_data_referencia":"1º quadrimestre 2021","dc_complemento_endereco":null}},{"type":"Feature","id":"ponto_revitalizado.780","geometry":{"type":"Point","coordinates":[331445.6384,7383390.9825]},"geometry_name":"ge_ponto","properties":{"cd_identificador_ponto_revitalizado":780,"nm_endereco":"Rua Embiara, 138","sg_subprefeitura":"JA","nm_subprefeitura":"Jabaquara","cd_lote_servico":"3","tx_status_ponto_revitalizado":"Revitalizado","dt_atualizacao":"2021-12-08Z","tx_data_referencia":"1º quadrimestre 2021","dc_complemento_endereco":null}},{"type":"Feature","id":"ponto_revitalizado.781","geometry":{"type":"Point","coordinates":[345784.6017,7394188.459]},"geometry_name":"ge_ponto","properties":{"cd_identificador_ponto_revitalizado":781,"nm_endereco":"Rua Embiu & Rua Uvilha","sg_subprefeitura":"IQ","nm_subprefeitura":"Itaquera","cd_lote_servico":"1","tx_status_ponto_revitalizado":"Revitalizado","dt_atualizacao":"2021-12-08Z","tx_data_referencia":"1º quadrimestre 2021","dc_complemento_endereco":null}},{"type":"Feature","id":"ponto_revitalizado.782","geometry":{"type":"Point","coordinates":[320550.7499,7381116.7926]},"geometry_name":"ge_ponto","properties":{"cd_identificador_ponto_revitalizado":782,"nm_endereco":"Rua Emerico Lobo de Mesquita, 190","sg_subprefeitura":"MB","nm_subprefeitura":"M'Boi Mirim","cd_lote_servico":"6","tx_status_ponto_revitalizado":"Revitalizado","dt_atualizacao":"2021-12-08Z","tx_data_referencia":"1º quadrimestre 2021","dc_complemento_endereco":null}},{"type":"Feature","id":"ponto_revitalizado.783","geometry":{"type":"Point","coordinates":[331253.8251,7382440.6952]},"geometry_name":"ge_ponto","properties":{"cd_identificador_ponto_revitalizado":783,"nm_endereco":"Rua Emilio de Sousa Docca, 1130","sg_subprefeitura":"JA","nm_subprefeitura":"Jabaquara","cd_lote_servico":"3","tx_status_ponto_revitalizado":"Revitalizado","dt_atualizacao":"2021-12-08Z","tx_data_referencia":"1º quadrimestre 2021","dc_complemento_endereco":null}},{"type":"Feature","id":"ponto_revitalizado.784","geometry":{"type":"Point","coordinates":[325911.1024,7404286.6089]},"geometry_name":"ge_ponto","properties":{"cd_identificador_ponto_revitalizado":784,"nm_endereco":"Rua Encruzilhada do Sul, 378","sg_subprefeitura":"FB","nm_subprefeitura":"Freguesia Do Ó","cd_lote_servico":"4","tx_status_ponto_revitalizado":"Revitalizado","dt_atualizacao":"2021-12-08Z","tx_data_referencia":"1º quadrimestre 2021","dc_complemento_endereco":null}},{"type":"Feature","id":"ponto_revitalizado.785","geometry":{"type":"Point","coordinates":[329074.7747,7383953.68]},"geometry_name":"ge_ponto","properties":{"cd_identificador_ponto_revitalizado":785,"nm_endereco":"Rua Engenheiro Alonso de Azevedo","sg_subprefeitura":"SA","nm_subprefeitura":"Santo Amaro","cd_lote_servico":"6","tx_status_ponto_revitalizado":"Revitalizado","dt_atualizacao":"2021-12-08Z","tx_data_referencia":"1º quadrimestre 2021","dc_complemento_endereco":null}},{"type":"Feature","id":"ponto_revitalizado.786","geometry":{"type":"Point","coordinates":[321501.0857,7410191.3497]},"geometry_name":"ge_ponto","properties":{"cd_identificador_ponto_revitalizado":786,"nm_endereco":"Rua Engenheiro Augusto Durante, 498","sg_subprefeitura":"PR","nm_subprefeitura":"Perus-Anhanguera","cd_lote_servico":"5","tx_status_ponto_revitalizado":"Revitalizado","dt_atualizacao":"2021-12-08Z","tx_data_referencia":"1º quadrimestre 2021","dc_complemento_endereco":null}},{"type":"Feature","id":"ponto_revitalizado.787","geometry":{"type":"Point","coordinates":[326682.3866,7403431.8368]},"geometry_name":"ge_ponto","properties":{"cd_identificador_ponto_revitalizado":787,"nm_endereco":"Rua Engenheiro Dário Machado de Campos","sg_subprefeitura":"FB","nm_subprefeitura":"Freguesia Do Ó","cd_lote_servico":"4","tx_status_ponto_revitalizado":"Eliminado","dt_atualizacao":"2021-12-08Z","tx_data_referencia":"1º quadrimestre 2021","dc_complemento_endereco":null}},{"type":"Feature","id":"ponto_revitalizado.788","geometry":{"type":"Point","coordinates":[326547.4406,7385728.4905]},"geometry_name":"ge_ponto","properties":{"cd_identificador_ponto_revitalizado":788,"nm_endereco":"Rua Engenheiro Mesquita Sampaio","sg_subprefeitura":"SA","nm_subprefeitura":"Santo Amaro","cd_lote_servico":"6","tx_status_ponto_revitalizado":"Revitalizado","dt_atualizacao":"2021-12-08Z","tx_data_referencia":"1º quadrimestre 2021","dc_complemento_endereco":null}},{"type":"Feature","id":"ponto_revitalizado.789","geometry":{"type":"Point","coordinates":[342722.6952,7394939.4024]},"geometry_name":"ge_ponto","properties":{"cd_identificador_ponto_revitalizado":789,"nm_endereco":"Rua Engenheiro Pegado & Rua Lutécia","sg_subprefeitura":"AF","nm_subprefeitura":"Aricanduva","cd_lote_servico":"3","tx_status_ponto_revitalizado":"Revitalizado","dt_atualizacao":"2021-12-08Z","tx_data_referencia":"1º quadrimestre 2021","dc_complemento_endereco":null}},{"type":"Feature","id":"ponto_revitalizado.790","geometry":{"type":"Point","coordinates":[330579.7495,7401422.8356]},"geometry_name":"ge_ponto","properties":{"cd_identificador_ponto_revitalizado":790,"nm_endereco":"Rua Epaminondas Melo do Amaral, 999","sg_subprefeitura":"CV","nm_subprefeitura":"Casa Verde","cd_lote_servico":"4","tx_status_ponto_revitalizado":"Revitalizado","dt_atualizacao":"2021-12-08Z","tx_data_referencia":"1º quadrimestre 2021","dc_complemento_endereco":null}},{"type":"Feature","id":"ponto_revitalizado.791","geometry":{"type":"Point","coordinates":[356674.9603,7390318.1659]},"geometry_name":"ge_ponto","properties":{"cd_identificador_ponto_revitalizado":791,"nm_endereco":"Rua Ernestina Lesina","sg_subprefeitura":"CT","nm_subprefeitura":"Cidade Tiradentes","cd_lote_servico":"1","tx_status_ponto_revitalizado":"Revitalizado","dt_atualizacao":"2021-12-08Z","tx_data_referencia":"1º quadrimestre 2021","dc_complemento_endereco":null}},{"type":"Feature","id":"ponto_revitalizado.792","geometry":{"type":"Point","coordinates":[347626.3294,7395230.0464]},"geometry_name":"ge_ponto","properties":{"cd_identificador_ponto_revitalizado":792,"nm_endereco":"Rua Esperantinópolis, 278","sg_subprefeitura":"PE","nm_subprefeitura":"Penha","cd_lote_servico":"4","tx_status_ponto_revitalizado":"Revitalizado","dt_atualizacao":"2021-12-08Z","tx_data_referencia":"1º quadrimestre 2021","dc_complemento_endereco":null}},{"type":"Feature","id":"ponto_revitalizado.793","geometry":{"type":"Point","coordinates":[347636.3736,7395422.5153]},"geometry_name":"ge_ponto","properties":{"cd_identificador_ponto_revitalizado":793,"nm_endereco":"Rua Esperantinópolis, 78","sg_subprefeitura":"PE","nm_subprefeitura":"Penha","cd_lote_servico":"4","tx_status_ponto_revitalizado":"Revitalizado","dt_atualizacao":"2021-12-08Z","tx_data_referencia":"1º quadrimestre 2021","dc_complemento_endereco":null}},{"type":"Feature","id":"ponto_revitalizado.794","geometry":{"type":"Point","coordinates":[344901.097,7387630.4207]},"geometry_name":"ge_ponto","properties":{"cd_identificador_ponto_revitalizado":794,"nm_endereco":"Rua Espinhel, 100","sg_subprefeitura":"SB","nm_subprefeitura":"Sapopemba","cd_lote_servico":"1","tx_status_ponto_revitalizado":"Eliminado","dt_atualizacao":"2021-12-08Z","tx_data_referencia":"1º quadrimestre 2021","dc_complemento_endereco":null}},{"type":"Feature","id":"ponto_revitalizado.795","geometry":{"type":"Point","coordinates":[347211.0973,7390101.1807]},"geometry_name":"ge_ponto","properties":{"cd_identificador_ponto_revitalizado":795,"nm_endereco":"Rua Estado do Ceará, 372","sg_subprefeitura":"SM","nm_subprefeitura":"São Mateus","cd_lote_servico":"1","tx_status_ponto_revitalizado":"Revitalizado","dt_atualizacao":"2021-12-08Z","tx_data_referencia":"1º quadrimestre 2021","dc_complemento_endereco":null}},{"type":"Feature","id":"ponto_revitalizado.796","geometry":{"type":"Point","coordinates":[344721.1205,7391696.2571]},"geometry_name":"ge_ponto","properties":{"cd_identificador_ponto_revitalizado":796,"nm_endereco":"Rua Estanislau Bonk Filho","sg_subprefeitura":"AF","nm_subprefeitura":"Aricanduva","cd_lote_servico":"3","tx_status_ponto_revitalizado":"Revitalizado","dt_atualizacao":"2021-12-08Z","tx_data_referencia":"1º quadrimestre 2021","dc_complemento_endereco":null}},{"type":"Feature","id":"ponto_revitalizado.797","geometry":{"type":"Point","coordinates":[344475.552,7391751.2344]},"geometry_name":"ge_ponto","properties":{"cd_identificador_ponto_revitalizado":797,"nm_endereco":"Rua Estanislau Bonk Filho, 10","sg_subprefeitura":"AF","nm_subprefeitura":"Aricanduva","cd_lote_servico":"3","tx_status_ponto_revitalizado":"Eliminado","dt_atualizacao":"2021-12-08Z","tx_data_referencia":"1º quadrimestre 2021","dc_complemento_endereco":null}},{"type":"Feature","id":"ponto_revitalizado.798","geometry":{"type":"Point","coordinates":[331696.611,7391175.4988]},"geometry_name":"ge_ponto","properties":{"cd_identificador_ponto_revitalizado":798,"nm_endereco":"Rua Estela, 894","sg_subprefeitura":"VM","nm_subprefeitura":"Vila Mariana","cd_lote_servico":"3","tx_status_ponto_revitalizado":"Revitalizado","dt_atualizacao":"2021-12-08Z","tx_data_referencia":"1º quadrimestre 2021","dc_complemento_endereco":null}},{"type":"Feature","id":"ponto_revitalizado.799","geometry":{"type":"Point","coordinates":[329607.3,7385557.021]},"geometry_name":"ge_ponto","properties":{"cd_identificador_ponto_revitalizado":799,"nm_endereco":"Rua Estevão Baião, 56","sg_subprefeitura":"SA","nm_subprefeitura":"Santo Amaro","cd_lote_servico":"6","tx_status_ponto_revitalizado":"Revitalizado","dt_atualizacao":"2021-12-08Z","tx_data_referencia":"1º quadrimestre 2021","dc_complemento_endereco":null}},{"type":"Feature","id":"ponto_revitalizado.800","geometry":{"type":"Point","coordinates":[326066.3493,7402729.7856]},"geometry_name":"ge_ponto","properties":{"cd_identificador_ponto_revitalizado":800,"nm_endereco":"Rua Estevão da Gama & Rua Antonio Genele","sg_subprefeitura":"FB","nm_subprefeitura":"Freguesia Do Ó","cd_lote_servico":"4","tx_status_ponto_revitalizado":"Eliminado","dt_atualizacao":"2021-12-08Z","tx_data_referencia":"1º quadrimestre 2021","dc_complemento_endereco":null}},{"type":"Feature","id":"ponto_revitalizado.801","geometry":{"type":"Point","coordinates":[331053.1619,7383802.8748]},"geometry_name":"ge_ponto","properties":{"cd_identificador_ponto_revitalizado":801,"nm_endereco":"Avenida Estevão de Medonça & Rua Nelson Washington Pereira","sg_subprefeitura":"JA","nm_subprefeitura":"Jabaquara","cd_lote_servico":"3","tx_status_ponto_revitalizado":"Revitalizado","dt_atualizacao":"2021-12-08Z","tx_data_referencia":"1º quadrimestre 2021","dc_complemento_endereco":null}},{"type":"Feature","id":"ponto_revitalizado.802","geometry":{"type":"Point","coordinates":[317683.5681,7383208.7961]},"geometry_name":"ge_ponto","properties":{"cd_identificador_ponto_revitalizado":802,"nm_endereco":"Rua Estrelas e Diamantes, 11","sg_subprefeitura":"CL","nm_subprefeitura":"Campo Limpo","cd_lote_servico":"6","tx_status_ponto_revitalizado":"Revitalizado","dt_atualizacao":"2021-12-08Z","tx_data_referencia":"1º quadrimestre 2021","dc_complemento_endereco":null}},{"type":"Feature","id":"ponto_revitalizado.803","geometry":{"type":"Point","coordinates":[344168.2241,7395207.7013]},"geometry_name":"ge_ponto","properties":{"cd_identificador_ponto_revitalizado":803,"nm_endereco":"Rua Eugênia de Carvalho, 120","sg_subprefeitura":"PE","nm_subprefeitura":"Penha","cd_lote_servico":"4","tx_status_ponto_revitalizado":"Revitalizado","dt_atualizacao":"2021-12-08Z","tx_data_referencia":"1º quadrimestre 2021","dc_complemento_endereco":null}},{"type":"Feature","id":"ponto_revitalizado.804","geometry":{"type":"Point","coordinates":[353410.3686,7394273.2789]},"geometry_name":"ge_ponto","properties":{"cd_identificador_ponto_revitalizado":804,"nm_endereco":"Rua Eugênio Félix, 220","sg_subprefeitura":"IQ","nm_subprefeitura":"Itaquera","cd_lote_servico":"1","tx_status_ponto_revitalizado":"Revitalizado","dt_atualizacao":"2021-12-08Z","tx_data_referencia":"1º quadrimestre 2021","dc_complemento_endereco":null}},{"type":"Feature","id":"ponto_revitalizado.805","geometry":{"type":"Point","coordinates":[359367.7907,7399743.5901]},"geometry_name":"ge_ponto","properties":{"cd_identificador_ponto_revitalizado":805,"nm_endereco":"Rua Eugênio Grieco, 05","sg_subprefeitura":"IT","nm_subprefeitura":"Itaim Paulista","cd_lote_servico":"1","tx_status_ponto_revitalizado":"Revitalizado","dt_atualizacao":"2021-12-08Z","tx_data_referencia":"1º quadrimestre 2021","dc_complemento_endereco":null}},{"type":"Feature","id":"ponto_revitalizado.806","geometry":{"type":"Point","coordinates":[335311.6054,7385715.6187]},"geometry_name":"ge_ponto","properties":{"cd_identificador_ponto_revitalizado":806,"nm_endereco":"Rua Evolução & Rua Doutor Odilon","sg_subprefeitura":"IP","nm_subprefeitura":"Ipiranga","cd_lote_servico":"3","tx_status_ponto_revitalizado":"Revitalizado","dt_atualizacao":"2021-12-08Z","tx_data_referencia":"1º quadrimestre 2021","dc_complemento_endereco":null}},{"type":"Feature","id":"ponto_revitalizado.807","geometry":{"type":"Point","coordinates":[335572.2733,7385131.5721]},"geometry_name":"ge_ponto","properties":{"cd_identificador_ponto_revitalizado":807,"nm_endereco":"Rua Evolução & Rua Lorenzo da Viterbo","sg_subprefeitura":"IP","nm_subprefeitura":"Ipiranga","cd_lote_servico":"3","tx_status_ponto_revitalizado":"Revitalizado","dt_atualizacao":"2021-12-08Z","tx_data_referencia":"1º quadrimestre 2021","dc_complemento_endereco":null}},{"type":"Feature","id":"ponto_revitalizado.808","geometry":{"type":"Point","coordinates":[322051.8653,7390006.6784]},"geometry_name":"ge_ponto","properties":{"cd_identificador_ponto_revitalizado":808,"nm_endereco":"Rua Felice Bruni","sg_subprefeitura":"BT","nm_subprefeitura":"Butantã","cd_lote_servico":"5","tx_status_ponto_revitalizado":"Revitalizado","dt_atualizacao":"2021-12-08Z","tx_data_referencia":"1º quadrimestre 2021","dc_complemento_endereco":null}},{"type":"Feature","id":"ponto_revitalizado.809","geometry":{"type":"Point","coordinates":[330854.2492,7378972.7211]},"geometry_name":"ge_ponto","properties":{"cd_identificador_ponto_revitalizado":809,"nm_endereco":"Rua Felicio Rocito & Rua Vicente de Paulo da Silva","sg_subprefeitura":"AD","nm_subprefeitura":"Cidade Ademar","cd_lote_servico":"3","tx_status_ponto_revitalizado":"Revitalizado","dt_atualizacao":"2021-12-08Z","tx_data_referencia":"1º quadrimestre 2021","dc_complemento_endereco":null}},{"type":"Feature","id":"ponto_revitalizado.810","geometry":{"type":"Point","coordinates":[329429.624,7403312.7058]},"geometry_name":"ge_ponto","properties":{"cd_identificador_ponto_revitalizado":810,"nm_endereco":"Rua Felix Alves Pereira, 10","sg_subprefeitura":"CV","nm_subprefeitura":"Casa Verde","cd_lote_servico":"4","tx_status_ponto_revitalizado":"Revitalizado","dt_atualizacao":"2021-12-08Z","tx_data_referencia":"1º quadrimestre 2021","dc_complemento_endereco":null}},{"type":"Feature","id":"ponto_revitalizado.811","geometry":{"type":"Point","coordinates":[334042.6759,7391141.7522]},"geometry_name":"ge_ponto","properties":{"cd_identificador_ponto_revitalizado":811,"nm_endereco":"Rua Ferdinando Galiani & Avenida Lacerda Franco","sg_subprefeitura":"VM","nm_subprefeitura":"Vila Mariana","cd_lote_servico":"3","tx_status_ponto_revitalizado":"Revitalizado","dt_atualizacao":"2021-12-08Z","tx_data_referencia":"1º quadrimestre 2021","dc_complemento_endereco":null}},{"type":"Feature","id":"ponto_revitalizado.812","geometry":{"type":"Point","coordinates":[357433.9097,7389311.7583]},"geometry_name":"ge_ponto","properties":{"cd_identificador_ponto_revitalizado":812,"nm_endereco":"Rua Fernando Ganga","sg_subprefeitura":"CT","nm_subprefeitura":"Cidade Tiradentes","cd_lote_servico":"1","tx_status_ponto_revitalizado":"Revitalizado","dt_atualizacao":"2021-12-08Z","tx_data_referencia":"1º quadrimestre 2021","dc_complemento_endereco":null}},{"type":"Feature","id":"ponto_revitalizado.813","geometry":{"type":"Point","coordinates":[357338.6886,7389260.1086]},"geometry_name":"ge_ponto","properties":{"cd_identificador_ponto_revitalizado":813,"nm_endereco":"Rua Fernando Ganga, 52","sg_subprefeitura":"CT","nm_subprefeitura":"Cidade Tiradentes","cd_lote_servico":"1","tx_status_ponto_revitalizado":"Revitalizado","dt_atualizacao":"2021-12-08Z","tx_data_referencia":"1º quadrimestre 2021","dc_complemento_endereco":null}},{"type":"Feature","id":"ponto_revitalizado.814","geometry":{"type":"Point","coordinates":[343375.1407,7388165.4226]},"geometry_name":"ge_ponto","properties":{"cd_identificador_ponto_revitalizado":814,"nm_endereco":"Rua Fernando Leger","sg_subprefeitura":"VP","nm_subprefeitura":"Vila Prudente","cd_lote_servico":"3","tx_status_ponto_revitalizado":"Revitalizado","dt_atualizacao":"2021-12-08Z","tx_data_referencia":"1º quadrimestre 2021","dc_complemento_endereco":null}},{"type":"Feature","id":"ponto_revitalizado.815","geometry":{"type":"Point","coordinates":[330023.7244,7403833.0451]},"geometry_name":"ge_ponto","properties":{"cd_identificador_ponto_revitalizado":815,"nm_endereco":"Rua Fernando Pessoa, 215","sg_subprefeitura":"CV","nm_subprefeitura":"Casa Verde","cd_lote_servico":"4","tx_status_ponto_revitalizado":"Revitalizado","dt_atualizacao":"2021-12-08Z","tx_data_referencia":"1º quadrimestre 2021","dc_complemento_endereco":null}},{"type":"Feature","id":"ponto_revitalizado.816","geometry":{"type":"Point","coordinates":[336290.1624,7397470.728]},"geometry_name":"ge_ponto","properties":{"cd_identificador_ponto_revitalizado":816,"nm_endereco":"Rua Ferreira de Oliveira, 74","sg_subprefeitura":"MO","nm_subprefeitura":"Mooca","cd_lote_servico":"2","tx_status_ponto_revitalizado":"Eliminado","dt_atualizacao":"2021-12-08Z","tx_data_referencia":"1º quadrimestre 2021","dc_complemento_endereco":null}},{"type":"Feature","id":"ponto_revitalizado.817","geometry":{"type":"Point","coordinates":[343169.7876,7393196.9361]},"geometry_name":"ge_ponto","properties":{"cd_identificador_ponto_revitalizado":817,"nm_endereco":"Rua Filhas do Sagrado Coração, 456","sg_subprefeitura":"AF","nm_subprefeitura":"Aricanduva","cd_lote_servico":"3","tx_status_ponto_revitalizado":"Revitalizado","dt_atualizacao":"2021-12-08Z","tx_data_referencia":"1º quadrimestre 2021","dc_complemento_endereco":null}},{"type":"Feature","id":"ponto_revitalizado.818","geometry":{"type":"Point","coordinates":[321752.8285,7410488.7899]},"geometry_name":"ge_ponto","properties":{"cd_identificador_ponto_revitalizado":818,"nm_endereco":"Rua Filomena Fongaro (Viela Joaquim Veríssimo Neto)","sg_subprefeitura":"PR","nm_subprefeitura":"Perus-Anhanguera","cd_lote_servico":"5","tx_status_ponto_revitalizado":"Revitalizado","dt_atualizacao":"2021-12-08Z","tx_data_referencia":"1º quadrimestre 2021","dc_complemento_endereco":null}},{"type":"Feature","id":"ponto_revitalizado.819","geometry":{"type":"Point","coordinates":[356150.9758,7395776.6614]},"geometry_name":"ge_ponto","properties":{"cd_identificador_ponto_revitalizado":819,"nm_endereco":"Rua Flantenor de Lima Paiva, 5","sg_subprefeitura":"G","nm_subprefeitura":"Guaianases","cd_lote_servico":"1","tx_status_ponto_revitalizado":"Revitalizado","dt_atualizacao":"2021-12-08Z","tx_data_referencia":"1º quadrimestre 2021","dc_complemento_endereco":null}},{"type":"Feature","id":"ponto_revitalizado.820","geometry":{"type":"Point","coordinates":[327945.0752,7399328.2676]},"geometry_name":"ge_ponto","properties":{"cd_identificador_ponto_revitalizado":820,"nm_endereco":"Rua Doutor Freire Cisneiro","sg_subprefeitura":"CV","nm_subprefeitura":"Casa Verde","cd_lote_servico":"4","tx_status_ponto_revitalizado":"Revitalizado","dt_atualizacao":"2021-12-08Z","tx_data_referencia":"1º quadrimestre 2021","dc_complemento_endereco":null}},{"type":"Feature","id":"ponto_revitalizado.821","geometry":{"type":"Point","coordinates":[334771.9994,7394540.9156]},"geometry_name":"ge_ponto","properties":{"cd_identificador_ponto_revitalizado":821,"nm_endereco":"Rua Flora & Rua Paraná","sg_subprefeitura":"MO","nm_subprefeitura":"Mooca","cd_lote_servico":"2","tx_status_ponto_revitalizado":"Revitalizado","dt_atualizacao":"2021-12-08Z","tx_data_referencia":"1º quadrimestre 2021","dc_complemento_endereco":null}},{"type":"Feature","id":"ponto_revitalizado.822","geometry":{"type":"Point","coordinates":[351935.8633,7386221.2033]},"geometry_name":"ge_ponto","properties":{"cd_identificador_ponto_revitalizado":822,"nm_endereco":"Rua Flores da Primavera","sg_subprefeitura":"SM","nm_subprefeitura":"São Mateus","cd_lote_servico":"1","tx_status_ponto_revitalizado":"Revitalizado","dt_atualizacao":"2021-12-08Z","tx_data_referencia":"1º quadrimestre 2021","dc_complemento_endereco":null}},{"type":"Feature","id":"ponto_revitalizado.823","geometry":{"type":"Point","coordinates":[344505.2601,7391933.1759]},"geometry_name":"ge_ponto","properties":{"cd_identificador_ponto_revitalizado":823,"nm_endereco":"Rua Floriza","sg_subprefeitura":"AF","nm_subprefeitura":"Aricanduva","cd_lote_servico":"3","tx_status_ponto_revitalizado":"Revitalizado","dt_atualizacao":"2021-12-08Z","tx_data_referencia":"1º quadrimestre 2021","dc_complemento_endereco":null}},{"type":"Feature","id":"ponto_revitalizado.824","geometry":{"type":"Point","coordinates":[338679.2467,7389152.8823]},"geometry_name":"ge_ponto","properties":{"cd_identificador_ponto_revitalizado":824,"nm_endereco":"Rua Forte de São Bartolomeu","sg_subprefeitura":"VP","nm_subprefeitura":"Vila Prudente","cd_lote_servico":"3","tx_status_ponto_revitalizado":"Revitalizado","dt_atualizacao":"2021-12-08Z","tx_data_referencia":"1º quadrimestre 2021","dc_complemento_endereco":null}},{"type":"Feature","id":"ponto_revitalizado.825","geometry":{"type":"Point","coordinates":[330855.5013,7404621.2367]},"geometry_name":"ge_ponto","properties":{"cd_identificador_ponto_revitalizado":825,"nm_endereco":"Rua Forte de São Caetano, 40","sg_subprefeitura":"CV","nm_subprefeitura":"Casa Verde","cd_lote_servico":"4","tx_status_ponto_revitalizado":"Revitalizado","dt_atualizacao":"2021-12-08Z","tx_data_referencia":"1º quadrimestre 2021","dc_complemento_endereco":null}},{"type":"Feature","id":"ponto_revitalizado.826","geometry":{"type":"Point","coordinates":[325744.7944,7368486.5542]},"geometry_name":"ge_ponto","properties":{"cd_identificador_ponto_revitalizado":826,"nm_endereco":"Rua Forte de Tamandaré, 32","sg_subprefeitura":"PA","nm_subprefeitura":"Parelheiros","cd_lote_servico":"6","tx_status_ponto_revitalizado":"Revitalizado","dt_atualizacao":"2021-12-08Z","tx_data_referencia":"1º quadrimestre 2021","dc_complemento_endereco":null}},{"type":"Feature","id":"ponto_revitalizado.827","geometry":{"type":"Point","coordinates":[325528.9062,7368377.6228]},"geometry_name":"ge_ponto","properties":{"cd_identificador_ponto_revitalizado":827,"nm_endereco":"Rua Forte de Trindade, 183","sg_subprefeitura":"PA","nm_subprefeitura":"Parelheiros","cd_lote_servico":"6","tx_status_ponto_revitalizado":"Revitalizado","dt_atualizacao":"2021-12-08Z","tx_data_referencia":"1º quadrimestre 2021","dc_complemento_endereco":null}},{"type":"Feature","id":"ponto_revitalizado.828","geometry":{"type":"Point","coordinates":[325464.466,7368548.6352]},"geometry_name":"ge_ponto","properties":{"cd_identificador_ponto_revitalizado":828,"nm_endereco":"Rua Forte de Vila Bela, 150","sg_subprefeitura":"PA","nm_subprefeitura":"Parelheiros","cd_lote_servico":"6","tx_status_ponto_revitalizado":"Revitalizado","dt_atualizacao":"2021-12-08Z","tx_data_referencia":"1º quadrimestre 2021","dc_complemento_endereco":null}},{"type":"Feature","id":"ponto_revitalizado.829","geometry":{"type":"Point","coordinates":[352119.7624,7389852.7026]},"geometry_name":"ge_ponto","properties":{"cd_identificador_ponto_revitalizado":829,"nm_endereco":"Rua Fortim do Descalvado, 38","sg_subprefeitura":"SM","nm_subprefeitura":"São Mateus","cd_lote_servico":"1","tx_status_ponto_revitalizado":"Eliminado","dt_atualizacao":"2021-12-08Z","tx_data_referencia":"1º quadrimestre 2021","dc_complemento_endereco":null}},{"type":"Feature","id":"ponto_revitalizado.830","geometry":{"type":"Point","coordinates":[345985.7913,7389435.9011]},"geometry_name":"ge_ponto","properties":{"cd_identificador_ponto_revitalizado":830,"nm_endereco":"Rua Foz do Douro, 93","sg_subprefeitura":"SB","nm_subprefeitura":"Sapopemba","cd_lote_servico":"1","tx_status_ponto_revitalizado":"Revitalizado","dt_atualizacao":"2021-12-08Z","tx_data_referencia":"1º quadrimestre 2021","dc_complemento_endereco":null}},{"type":"Feature","id":"ponto_revitalizado.831","geometry":{"type":"Point","coordinates":[346009.798,7388508.6124]},"geometry_name":"ge_ponto","properties":{"cd_identificador_ponto_revitalizado":831,"nm_endereco":"Avenida Professor Luiz Ignácio Anhaia Mello, 9881","sg_subprefeitura":"SB","nm_subprefeitura":"Sapopemba","cd_lote_servico":"1","tx_status_ponto_revitalizado":"Revitalizado","dt_atualizacao":"2021-12-08Z","tx_data_referencia":"1º quadrimestre 2021","dc_complemento_endereco":null}},{"type":"Feature","id":"ponto_revitalizado.832","geometry":{"type":"Point","coordinates":[326225.3837,7397146.2503]},"geometry_name":"ge_ponto","properties":{"cd_identificador_ponto_revitalizado":832,"nm_endereco":"Rua Francisco Alves, 100","sg_subprefeitura":"LA","nm_subprefeitura":"Lapa","cd_lote_servico":"5","tx_status_ponto_revitalizado":"Revitalizado","dt_atualizacao":"2021-12-08Z","tx_data_referencia":"1º quadrimestre 2021","dc_complemento_endereco":null}},{"type":"Feature","id":"ponto_revitalizado.833","geometry":{"type":"Point","coordinates":[326219.653,7396441.44]},"geometry_name":"ge_ponto","properties":{"cd_identificador_ponto_revitalizado":833,"nm_endereco":"Rua Francisco Alves, 800","sg_subprefeitura":"LA","nm_subprefeitura":"Lapa","cd_lote_servico":"5","tx_status_ponto_revitalizado":"Revitalizado","dt_atualizacao":"2021-12-08Z","tx_data_referencia":"1º quadrimestre 2021","dc_complemento_endereco":null}},{"type":"Feature","id":"ponto_revitalizado.834","geometry":{"type":"Point","coordinates":[320549.6006,7411268.5381]},"geometry_name":"ge_ponto","properties":{"cd_identificador_ponto_revitalizado":834,"nm_endereco":"Rua Francisco Araújo Correa, 272","sg_subprefeitura":"PR","nm_subprefeitura":"Perus-Anhanguera","cd_lote_servico":"5","tx_status_ponto_revitalizado":"Revitalizado","dt_atualizacao":"2021-12-08Z","tx_data_referencia":"1º quadrimestre 2021","dc_complemento_endereco":null}},{"type":"Feature","id":"ponto_revitalizado.835","geometry":{"type":"Point","coordinates":[320552.2625,7411301.7978]},"geometry_name":"ge_ponto","properties":{"cd_identificador_ponto_revitalizado":835,"nm_endereco":"Rua Francisco Araújo Correa, 254","sg_subprefeitura":"PR","nm_subprefeitura":"Perus-Anhanguera","cd_lote_servico":"5","tx_status_ponto_revitalizado":"Revitalizado","dt_atualizacao":"2021-12-08Z","tx_data_referencia":"1º quadrimestre 2021","dc_complemento_endereco":null}},{"type":"Feature","id":"ponto_revitalizado.836","geometry":{"type":"Point","coordinates":[319577.4248,7385133.9428]},"geometry_name":"ge_ponto","properties":{"cd_identificador_ponto_revitalizado":836,"nm_endereco":"Rua Francisco de Holanda, 479","sg_subprefeitura":"CL","nm_subprefeitura":"Campo Limpo","cd_lote_servico":"6","tx_status_ponto_revitalizado":"Revitalizado","dt_atualizacao":"2021-12-08Z","tx_data_referencia":"1º quadrimestre 2021","dc_complemento_endereco":null}},{"type":"Feature","id":"ponto_revitalizado.837","geometry":{"type":"Point","coordinates":[356679.9661,7401006.5825]},"geometry_name":"ge_ponto","properties":{"cd_identificador_ponto_revitalizado":837,"nm_endereco":"Rua Francisco de Sá Peixoto, 1","sg_subprefeitura":"IT","nm_subprefeitura":"Itaim Paulista","cd_lote_servico":"1","tx_status_ponto_revitalizado":"Revitalizado","dt_atualizacao":"2021-12-08Z","tx_data_referencia":"1º quadrimestre 2021","dc_complemento_endereco":null}},{"type":"Feature","id":"ponto_revitalizado.838","geometry":{"type":"Point","coordinates":[357373.7255,7396236.0165]},"geometry_name":"ge_ponto","properties":{"cd_identificador_ponto_revitalizado":838,"nm_endereco":"Rua Francisco Ferraz Cardoso & Rua João da Silva Aguiar","sg_subprefeitura":"G","nm_subprefeitura":"Guaianases","cd_lote_servico":"1","tx_status_ponto_revitalizado":"Revitalizado","dt_atualizacao":"2021-12-08Z","tx_data_referencia":"1º quadrimestre 2021","dc_complemento_endereco":null}},{"type":"Feature","id":"ponto_revitalizado.839","geometry":{"type":"Point","coordinates":[327022.5248,7394963.0493]},"geometry_name":"ge_ponto","properties":{"cd_identificador_ponto_revitalizado":839,"nm_endereco":"Rua Francisco Isoldi","sg_subprefeitura":"PI","nm_subprefeitura":"Pinheiros","cd_lote_servico":"5","tx_status_ponto_revitalizado":"Revitalizado","dt_atualizacao":"2021-12-08Z","tx_data_referencia":"1º quadrimestre 2021","dc_complemento_endereco":null}},{"type":"Feature","id":"ponto_revitalizado.840","geometry":{"type":"Point","coordinates":[336228.2236,7384998.5242]},"geometry_name":"ge_ponto","properties":{"cd_identificador_ponto_revitalizado":840,"nm_endereco":"Rua Francisco Pestana","sg_subprefeitura":"IP","nm_subprefeitura":"Ipiranga","cd_lote_servico":"3","tx_status_ponto_revitalizado":"Revitalizado","dt_atualizacao":"2021-12-08Z","tx_data_referencia":"1º quadrimestre 2021","dc_complemento_endereco":null}},{"type":"Feature","id":"ponto_revitalizado.841","geometry":{"type":"Point","coordinates":[340654.3965,7388698.7951]},"geometry_name":"ge_ponto","properties":{"cd_identificador_ponto_revitalizado":841,"nm_endereco":"Rua Francisco Rebelo, 588","sg_subprefeitura":"VP","nm_subprefeitura":"Vila Prudente","cd_lote_servico":"3","tx_status_ponto_revitalizado":"Revitalizado","dt_atualizacao":"2021-12-08Z","tx_data_referencia":"1º quadrimestre 2021","dc_complemento_endereco":null}},{"type":"Feature","id":"ponto_revitalizado.842","geometry":{"type":"Point","coordinates":[320902.9821,7382047.6519]},"geometry_name":"ge_ponto","properties":{"cd_identificador_ponto_revitalizado":842,"nm_endereco":"Rua Francisco Ricarte da Silva, 168","sg_subprefeitura":"MB","nm_subprefeitura":"M'Boi Mirim","cd_lote_servico":"6","tx_status_ponto_revitalizado":"Revitalizado","dt_atualizacao":"2021-12-08Z","tx_data_referencia":"1º quadrimestre 2021","dc_complemento_endereco":null}},{"type":"Feature","id":"ponto_revitalizado.843","geometry":{"type":"Point","coordinates":[322609.5674,7383600.3656]},"geometry_name":"ge_ponto","properties":{"cd_identificador_ponto_revitalizado":843,"nm_endereco":"Rua Francisco Xavier de Abreu, 610","sg_subprefeitura":"MB","nm_subprefeitura":"M'Boi Mirim","cd_lote_servico":"6","tx_status_ponto_revitalizado":"Revitalizado","dt_atualizacao":"2021-12-08Z","tx_data_referencia":"1º quadrimestre 2021","dc_complemento_endereco":null}},{"type":"Feature","id":"ponto_revitalizado.844","geometry":{"type":"Point","coordinates":[321801.4038,7381680.0988]},"geometry_name":"ge_ponto","properties":{"cd_identificador_ponto_revitalizado":844,"nm_endereco":"Rua Francisco Xavier de Sales, 1177","sg_subprefeitura":"MB","nm_subprefeitura":"M'Boi Mirim","cd_lote_servico":"6","tx_status_ponto_revitalizado":"Revitalizado","dt_atualizacao":"2021-12-08Z","tx_data_referencia":"1º quadrimestre 2021","dc_complemento_endereco":null}},{"type":"Feature","id":"ponto_revitalizado.845","geometry":{"type":"Point","coordinates":[342568.6578,7398660.4129]},"geometry_name":"ge_ponto","properties":{"cd_identificador_ponto_revitalizado":845,"nm_endereco":"Rua Francisco Xavier Paes Barreto & Rua Tujuba","sg_subprefeitura":"PE","nm_subprefeitura":"Penha","cd_lote_servico":"4","tx_status_ponto_revitalizado":"Revitalizado","dt_atualizacao":"2021-12-08Z","tx_data_referencia":"1º quadrimestre 2021","dc_complemento_endereco":null}},{"type":"Feature","id":"ponto_revitalizado.846","geometry":{"type":"Point","coordinates":[333692.0432,7394641.7592]},"geometry_name":"ge_ponto","properties":{"cd_identificador_ponto_revitalizado":846,"nm_endereco":"Rua Frederico Alvarenga, 121","sg_subprefeitura":"SE","nm_subprefeitura":"Sé","cd_lote_servico":"2","tx_status_ponto_revitalizado":"Eliminado","dt_atualizacao":"2021-12-08Z","tx_data_referencia":"1º quadrimestre 2021","dc_complemento_endereco":null}},{"type":"Feature","id":"ponto_revitalizado.847","geometry":{"type":"Point","coordinates":[326050.7917,7375568.6696]},"geometry_name":"ge_ponto","properties":{"cd_identificador_ponto_revitalizado":847,"nm_endereco":"Rua Frederico René de Jaegher, 958","sg_subprefeitura":"CS","nm_subprefeitura":"Capela Do Socorro","cd_lote_servico":"6","tx_status_ponto_revitalizado":"Revitalizado","dt_atualizacao":"2021-12-08Z","tx_data_referencia":"1º quadrimestre 2021","dc_complemento_endereco":null}},{"type":"Feature","id":"ponto_revitalizado.848","geometry":{"type":"Point","coordinates":[331527.4845,7379230.8479]},"geometry_name":"ge_ponto","properties":{"cd_identificador_ponto_revitalizado":848,"nm_endereco":"Rua Frei Francisco Ferreira, 128","sg_subprefeitura":"AD","nm_subprefeitura":"Cidade Ademar","cd_lote_servico":"3","tx_status_ponto_revitalizado":"Revitalizado","dt_atualizacao":"2021-12-08Z","tx_data_referencia":"1º quadrimestre 2021","dc_complemento_endereco":null}},{"type":"Feature","id":"ponto_revitalizado.849","geometry":{"type":"Point","coordinates":[331506.0354,7379321.419]},"geometry_name":"ge_ponto","properties":{"cd_identificador_ponto_revitalizado":849,"nm_endereco":"Rua Frei Lourenço de Alcantara, 449","sg_subprefeitura":"AD","nm_subprefeitura":"Cidade Ademar","cd_lote_servico":"3","tx_status_ponto_revitalizado":"Revitalizado","dt_atualizacao":"2021-12-08Z","tx_data_referencia":"1º quadrimestre 2021","dc_complemento_endereco":null}},{"type":"Feature","id":"ponto_revitalizado.850","geometry":{"type":"Point","coordinates":[335017.5892,7397428.5435]},"geometry_name":"ge_ponto","properties":{"cd_identificador_ponto_revitalizado":850,"nm_endereco":"Rua Frei Pacifico Wagner & Rua Pardal","sg_subprefeitura":"MO","nm_subprefeitura":"Mooca","cd_lote_servico":"2","tx_status_ponto_revitalizado":"Revitalizado","dt_atualizacao":"2021-12-08Z","tx_data_referencia":"1º quadrimestre 2021","dc_complemento_endereco":null}},{"type":"Feature","id":"ponto_revitalizado.851","geometry":{"type":"Point","coordinates":[331563.3908,7384792.7317]},"geometry_name":"ge_ponto","properties":{"cd_identificador_ponto_revitalizado":851,"nm_endereco":"Rua Freire Farto & Rua Orlando Murgel","sg_subprefeitura":"SA","nm_subprefeitura":"Santo Amaro","cd_lote_servico":"6","tx_status_ponto_revitalizado":"Revitalizado","dt_atualizacao":"2021-12-08Z","tx_data_referencia":"1º quadrimestre 2021","dc_complemento_endereco":null}},{"type":"Feature","id":"ponto_revitalizado.852","geometry":{"type":"Point","coordinates":[328161.2695,7370679.6807]},"geometry_name":"ge_ponto","properties":{"cd_identificador_ponto_revitalizado":852,"nm_endereco":"Rua Frederick Delius, 129","sg_subprefeitura":"CS","nm_subprefeitura":"Capela Do Socorro","cd_lote_servico":"6","tx_status_ponto_revitalizado":"Revitalizado","dt_atualizacao":"2021-12-08Z","tx_data_referencia":"1º quadrimestre 2021","dc_complemento_endereco":null}},{"type":"Feature","id":"ponto_revitalizado.853","geometry":{"type":"Point","coordinates":[355714.2519,7390391.5414]},"geometry_name":"ge_ponto","properties":{"cd_identificador_ponto_revitalizado":853,"nm_endereco":"Rua Fruta do Conde, 51","sg_subprefeitura":"CT","nm_subprefeitura":"Cidade Tiradentes","cd_lote_servico":"1","tx_status_ponto_revitalizado":"Eliminado","dt_atualizacao":"2021-12-08Z","tx_data_referencia":"1º quadrimestre 2021","dc_complemento_endereco":null}},{"type":"Feature","id":"ponto_revitalizado.854","geometry":{"type":"Point","coordinates":[355668.0784,7390385.4374]},"geometry_name":"ge_ponto","properties":{"cd_identificador_ponto_revitalizado":854,"nm_endereco":"Rua Fruta Pão, 42","sg_subprefeitura":"CT","nm_subprefeitura":"Cidade Tiradentes","cd_lote_servico":"1","tx_status_ponto_revitalizado":"Eliminado","dt_atualizacao":"2021-12-08Z","tx_data_referencia":"1º quadrimestre 2021","dc_complemento_endereco":null}},{"type":"Feature","id":"ponto_revitalizado.855","geometry":{"type":"Point","coordinates":[349973.6654,7389433.2372]},"geometry_name":"ge_ponto","properties":{"cd_identificador_ponto_revitalizado":855,"nm_endereco":"Rua Gabriel Rodrigues, 57","sg_subprefeitura":"SM","nm_subprefeitura":"São Mateus","cd_lote_servico":"1","tx_status_ponto_revitalizado":"Revitalizado","dt_atualizacao":"2021-12-08Z","tx_data_referencia":"1º quadrimestre 2021","dc_complemento_endereco":null}},{"type":"Feature","id":"ponto_revitalizado.856","geometry":{"type":"Point","coordinates":[328793.8361,7386702.6772]},"geometry_name":"ge_ponto","properties":{"cd_identificador_ponto_revitalizado":856,"nm_endereco":"Rua Gabriele D'Annunzio, 485","sg_subprefeitura":"SA","nm_subprefeitura":"Santo Amaro","cd_lote_servico":"6","tx_status_ponto_revitalizado":"Revitalizado","dt_atualizacao":"2021-12-08Z","tx_data_referencia":"1º quadrimestre 2021","dc_complemento_endereco":null}},{"type":"Feature","id":"ponto_revitalizado.857","geometry":{"type":"Point","coordinates":[329191.0521,7387893.6416]},"geometry_name":"ge_ponto","properties":{"cd_identificador_ponto_revitalizado":857,"nm_endereco":"Rua Gaivota, 1901","sg_subprefeitura":"VM","nm_subprefeitura":"Vila Mariana","cd_lote_servico":"3","tx_status_ponto_revitalizado":"Revitalizado","dt_atualizacao":"2021-12-08Z","tx_data_referencia":"1º quadrimestre 2021","dc_complemento_endereco":null}},{"type":"Feature","id":"ponto_revitalizado.858","geometry":{"type":"Point","coordinates":[320982.3986,7401414.2352]},"geometry_name":"ge_ponto","properties":{"cd_identificador_ponto_revitalizado":858,"nm_endereco":"Rua Galdino Catunda Gondim, 306","sg_subprefeitura":"PJ","nm_subprefeitura":"Pirituba-Jaragua","cd_lote_servico":"5","tx_status_ponto_revitalizado":"Revitalizado","dt_atualizacao":"2021-12-08Z","tx_data_referencia":"1º quadrimestre 2021","dc_complemento_endereco":null}},{"type":"Feature","id":"ponto_revitalizado.859","geometry":{"type":"Point","coordinates":[325948.4823,7382069.8754]},"geometry_name":"ge_ponto","properties":{"cd_identificador_ponto_revitalizado":859,"nm_endereco":"Rua Galeno de Castro & Avenida Vitor Manzini","sg_subprefeitura":"SA","nm_subprefeitura":"Santo Amaro","cd_lote_servico":"6","tx_status_ponto_revitalizado":"Revitalizado","dt_atualizacao":"2021-12-08Z","tx_data_referencia":"1º quadrimestre 2021","dc_complemento_endereco":null}},{"type":"Feature","id":"ponto_revitalizado.860","geometry":{"type":"Point","coordinates":[338486.5684,7397860.2474]},"geometry_name":"ge_ponto","properties":{"cd_identificador_ponto_revitalizado":860,"nm_endereco":"Rua Galileu Gaia","sg_subprefeitura":"MG","nm_subprefeitura":"Vila Maria-Vila Guilherme","cd_lote_servico":"4","tx_status_ponto_revitalizado":"Revitalizado","dt_atualizacao":"2021-12-08Z","tx_data_referencia":"1º quadrimestre 2021","dc_complemento_endereco":null}},{"type":"Feature","id":"ponto_revitalizado.861","geometry":{"type":"Point","coordinates":[343817.7115,7395351.148]},"geometry_name":"ge_ponto","properties":{"cd_identificador_ponto_revitalizado":861,"nm_endereco":"Rua Ganges & Avenida Aricanduva","sg_subprefeitura":"AF","nm_subprefeitura":"Aricanduva","cd_lote_servico":"3","tx_status_ponto_revitalizado":"Revitalizado","dt_atualizacao":"2021-12-08Z","tx_data_referencia":"1º quadrimestre 2021","dc_complemento_endereco":null}},{"type":"Feature","id":"ponto_revitalizado.862","geometry":{"type":"Point","coordinates":[333562.9219,7391050.7938]},"geometry_name":"ge_ponto","properties":{"cd_identificador_ponto_revitalizado":862,"nm_endereco":"Rua Gaspar Lourenço, 610","sg_subprefeitura":"VM","nm_subprefeitura":"Vila Mariana","cd_lote_servico":"3","tx_status_ponto_revitalizado":"Revitalizado","dt_atualizacao":"2021-12-08Z","tx_data_referencia":"1º quadrimestre 2021","dc_complemento_endereco":null}},{"type":"Feature","id":"ponto_revitalizado.863","geometry":{"type":"Point","coordinates":[333741.8261,7397829.3307]},"geometry_name":"ge_ponto","properties":{"cd_identificador_ponto_revitalizado":863,"nm_endereco":"Rua General Carmona","sg_subprefeitura":"SE","nm_subprefeitura":"Sé","cd_lote_servico":"2","tx_status_ponto_revitalizado":"Revitalizado","dt_atualizacao":"2021-12-08Z","tx_data_referencia":"1º quadrimestre 2021","dc_complemento_endereco":null}},{"type":"Feature","id":"ponto_revitalizado.864","geometry":{"type":"Point","coordinates":[333838.719,7387277.1409]},"geometry_name":"ge_ponto","properties":{"cd_identificador_ponto_revitalizado":864,"nm_endereco":"Rua General Chagas Santos, 710","sg_subprefeitura":"VM","nm_subprefeitura":"Vila Mariana","cd_lote_servico":"3","tx_status_ponto_revitalizado":"Revitalizado","dt_atualizacao":"2021-12-08Z","tx_data_referencia":"1º quadrimestre 2021","dc_complemento_endereco":null}},{"type":"Feature","id":"ponto_revitalizado.865","geometry":{"type":"Point","coordinates":[330617.841,7384914.2345]},"geometry_name":"ge_ponto","properties":{"cd_identificador_ponto_revitalizado":865,"nm_endereco":"Rua General Dantas Barreto","sg_subprefeitura":"SA","nm_subprefeitura":"Santo Amaro","cd_lote_servico":"6","tx_status_ponto_revitalizado":"Revitalizado","dt_atualizacao":"2021-12-08Z","tx_data_referencia":"1º quadrimestre 2021","dc_complemento_endereco":null}},{"type":"Feature","id":"ponto_revitalizado.866","geometry":{"type":"Point","coordinates":[341198.5858,7390930.784]},"geometry_name":"ge_ponto","properties":{"cd_identificador_ponto_revitalizado":866,"nm_endereco":"Rua General Irulegui Cunha, 645","sg_subprefeitura":"VP","nm_subprefeitura":"Vila Prudente","cd_lote_servico":"3","tx_status_ponto_revitalizado":"Revitalizado","dt_atualizacao":"2021-12-08Z","tx_data_referencia":"1º quadrimestre 2021","dc_complemento_endereco":null}},{"type":"Feature","id":"ponto_revitalizado.867","geometry":{"type":"Point","coordinates":[341259.9667,7390918.1612]},"geometry_name":"ge_ponto","properties":{"cd_identificador_ponto_revitalizado":867,"nm_endereco":"Rua General Irulegui Cunha, 711","sg_subprefeitura":"VP","nm_subprefeitura":"Vila Prudente","cd_lote_servico":"3","tx_status_ponto_revitalizado":"Revitalizado","dt_atualizacao":"2021-12-08Z","tx_data_referencia":"1º quadrimestre 2021","dc_complemento_endereco":null}},{"type":"Feature","id":"ponto_revitalizado.868","geometry":{"type":"Point","coordinates":[338857.7814,7398139.1033]},"geometry_name":"ge_ponto","properties":{"cd_identificador_ponto_revitalizado":868,"nm_endereco":"Rua General João Carlos Lobo Botelho","sg_subprefeitura":"MG","nm_subprefeitura":"Vila Maria-Vila Guilherme","cd_lote_servico":"4","tx_status_ponto_revitalizado":"Eliminado","dt_atualizacao":"2021-12-08Z","tx_data_referencia":"1º quadrimestre 2021","dc_complemento_endereco":null}},{"type":"Feature","id":"ponto_revitalizado.869","geometry":{"type":"Point","coordinates":[324408.669,7387482.5557]},"geometry_name":"ge_ponto","properties":{"cd_identificador_ponto_revitalizado":869,"nm_endereco":"Rua General João Pereira de Oliveira, 18","sg_subprefeitura":"CL","nm_subprefeitura":"Campo Limpo","cd_lote_servico":"6","tx_status_ponto_revitalizado":"Revitalizado","dt_atualizacao":"2021-12-08Z","tx_data_referencia":"1º quadrimestre 2021","dc_complemento_endereco":null}},{"type":"Feature","id":"ponto_revitalizado.870","geometry":{"type":"Point","coordinates":[332113.9697,7396089.5577]},"geometry_name":"ge_ponto","properties":{"cd_identificador_ponto_revitalizado":870,"nm_endereco":"Rua General Rondon & Rua Conselheiro Nébias","sg_subprefeitura":"SE","nm_subprefeitura":"Sé","cd_lote_servico":"2","tx_status_ponto_revitalizado":"Revitalizado","dt_atualizacao":"2021-12-08Z","tx_data_referencia":"1º quadrimestre 2021","dc_complemento_endereco":null}},{"type":"Feature","id":"ponto_revitalizado.871","geometry":{"type":"Point","coordinates":[332189.8034,7396146.2466]},"geometry_name":"ge_ponto","properties":{"cd_identificador_ponto_revitalizado":871,"nm_endereco":"Rua General Rondon & Rua Guaianases","sg_subprefeitura":"SE","nm_subprefeitura":"Sé","cd_lote_servico":"2","tx_status_ponto_revitalizado":"Revitalizado","dt_atualizacao":"2021-12-08Z","tx_data_referencia":"1º quadrimestre 2021","dc_complemento_endereco":null}},{"type":"Feature","id":"ponto_revitalizado.872","geometry":{"type":"Point","coordinates":[333268.6067,7383339.2027]},"geometry_name":"ge_ponto","properties":{"cd_identificador_ponto_revitalizado":872,"nm_endereco":"Rua Geni, 63","sg_subprefeitura":"JA","nm_subprefeitura":"Jabaquara","cd_lote_servico":"3","tx_status_ponto_revitalizado":"Revitalizado","dt_atualizacao":"2021-12-08Z","tx_data_referencia":"1º quadrimestre 2021","dc_complemento_endereco":null}},{"type":"Feature","id":"ponto_revitalizado.873","geometry":{"type":"Point","coordinates":[345793.2013,7399423.2857]},"geometry_name":"ge_ponto","properties":{"cd_identificador_ponto_revitalizado":873,"nm_endereco":"Rua Gentil Braga, 646","sg_subprefeitura":"PE","nm_subprefeitura":"Penha","cd_lote_servico":"4","tx_status_ponto_revitalizado":"Revitalizado","dt_atualizacao":"2021-12-08Z","tx_data_referencia":"1º quadrimestre 2021","dc_complemento_endereco":null}},{"type":"Feature","id":"ponto_revitalizado.874","geometry":{"type":"Point","coordinates":[332703.5069,7381580.3617]},"geometry_name":"ge_ponto","properties":{"cd_identificador_ponto_revitalizado":874,"nm_endereco":"Rua Giovanni Pannini & Rua João Xavier de Matos","sg_subprefeitura":"JA","nm_subprefeitura":"Jabaquara","cd_lote_servico":"3","tx_status_ponto_revitalizado":"Revitalizado","dt_atualizacao":"2021-12-08Z","tx_data_referencia":"1º quadrimestre 2021","dc_complemento_endereco":null}},{"type":"Feature","id":"ponto_revitalizado.875","geometry":{"type":"Point","coordinates":[325694.4063,7373954.7252]},"geometry_name":"ge_ponto","properties":{"cd_identificador_ponto_revitalizado":875,"nm_endereco":"Rua Geraldo do Brumado","sg_subprefeitura":"CS","nm_subprefeitura":"Capela Do Socorro","cd_lote_servico":"6","tx_status_ponto_revitalizado":"Revitalizado","dt_atualizacao":"2021-12-08Z","tx_data_referencia":"1º quadrimestre 2021","dc_complemento_endereco":null}},{"type":"Feature","id":"ponto_revitalizado.876","geometry":{"type":"Point","coordinates":[329606.957,7404795.0943]},"geometry_name":"ge_ponto","properties":{"cd_identificador_ponto_revitalizado":876,"nm_endereco":"Rua Gervásio Leite Rebelo & Rua Serrana Fluminense","sg_subprefeitura":"CV","nm_subprefeitura":"Casa Verde","cd_lote_servico":"4","tx_status_ponto_revitalizado":"Revitalizado","dt_atualizacao":"2021-12-08Z","tx_data_referencia":"1º quadrimestre 2021","dc_complemento_endereco":null}},{"type":"Feature","id":"ponto_revitalizado.877","geometry":{"type":"Point","coordinates":[353486.0535,7394565.2897]},"geometry_name":"ge_ponto","properties":{"cd_identificador_ponto_revitalizado":877,"nm_endereco":"Rua Giúlio Ferro, 148","sg_subprefeitura":"IQ","nm_subprefeitura":"Itaquera","cd_lote_servico":"1","tx_status_ponto_revitalizado":"Revitalizado","dt_atualizacao":"2021-12-08Z","tx_data_referencia":"1º quadrimestre 2021","dc_complemento_endereco":null}},{"type":"Feature","id":"ponto_revitalizado.878","geometry":{"type":"Point","coordinates":[326688.8063,7372388.8762]},"geometry_name":"ge_ponto","properties":{"cd_identificador_ponto_revitalizado":878,"nm_endereco":"Rua Giuseppe Tartini & Rua Giuseppe Piermarini","sg_subprefeitura":"CS","nm_subprefeitura":"Capela Do Socorro","cd_lote_servico":"6","tx_status_ponto_revitalizado":"Revitalizado","dt_atualizacao":"2021-12-08Z","tx_data_referencia":"1º quadrimestre 2021","dc_complemento_endereco":null}},{"type":"Feature","id":"ponto_revitalizado.879","geometry":{"type":"Point","coordinates":[332290.2207,7380043.7507]},"geometry_name":"ge_ponto","properties":{"cd_identificador_ponto_revitalizado":879,"nm_endereco":"Rua Giuseppe Boschi, 284","sg_subprefeitura":"AD","nm_subprefeitura":"Cidade Ademar","cd_lote_servico":"3","tx_status_ponto_revitalizado":"Eliminado","dt_atualizacao":"2021-12-08Z","tx_data_referencia":"1º quadrimestre 2021","dc_complemento_endereco":null}},{"type":"Feature","id":"ponto_revitalizado.880","geometry":{"type":"Point","coordinates":[331253.4678,7379639.6814]},"geometry_name":"ge_ponto","properties":{"cd_identificador_ponto_revitalizado":880,"nm_endereco":"Rua Glycério Almeida Maciel, 679","sg_subprefeitura":"AD","nm_subprefeitura":"Cidade Ademar","cd_lote_servico":"3","tx_status_ponto_revitalizado":"Revitalizado","dt_atualizacao":"2021-12-08Z","tx_data_referencia":"1º quadrimestre 2021","dc_complemento_endereco":null}},{"type":"Feature","id":"ponto_revitalizado.881","geometry":{"type":"Point","coordinates":[335690.0613,7396982.2431]},"geometry_name":"ge_ponto","properties":{"cd_identificador_ponto_revitalizado":881,"nm_endereco":"Rua Godói Preto & Rua Silva Teles","sg_subprefeitura":"MO","nm_subprefeitura":"Mooca","cd_lote_servico":"2","tx_status_ponto_revitalizado":"Revitalizado","dt_atualizacao":"2021-12-08Z","tx_data_referencia":"1º quadrimestre 2021","dc_complemento_endereco":null}},{"type":"Feature","id":"ponto_revitalizado.882","geometry":{"type":"Point","coordinates":[345684.7834,7396907.3306]},"geometry_name":"ge_ponto","properties":{"cd_identificador_ponto_revitalizado":882,"nm_endereco":"Rua Goiandira (Muro da Eletropaulo)","sg_subprefeitura":"PE","nm_subprefeitura":"Penha","cd_lote_servico":"4","tx_status_ponto_revitalizado":"Revitalizado","dt_atualizacao":"2021-12-08Z","tx_data_referencia":"1º quadrimestre 2021","dc_complemento_endereco":null}},{"type":"Feature","id":"ponto_revitalizado.883","geometry":{"type":"Point","coordinates":[321911.3928,7380695.6735]},"geometry_name":"ge_ponto","properties":{"cd_identificador_ponto_revitalizado":883,"nm_endereco":"Rua Gonçalo Fernandes (Escadão)","sg_subprefeitura":"MB","nm_subprefeitura":"M'Boi Mirim","cd_lote_servico":"6","tx_status_ponto_revitalizado":"Revitalizado","dt_atualizacao":"2021-12-08Z","tx_data_referencia":"1º quadrimestre 2021","dc_complemento_endereco":null}},{"type":"Feature","id":"ponto_revitalizado.884","geometry":{"type":"Point","coordinates":[336319.2462,7396330.3203]},"geometry_name":"ge_ponto","properties":{"cd_identificador_ponto_revitalizado":884,"nm_endereco":"Rua Gonçalves Dias & Rua Belisário de Sousa","sg_subprefeitura":"MO","nm_subprefeitura":"Mooca","cd_lote_servico":"2","tx_status_ponto_revitalizado":"Revitalizado","dt_atualizacao":"2021-12-08Z","tx_data_referencia":"1º quadrimestre 2021","dc_complemento_endereco":null}},{"type":"Feature","id":"ponto_revitalizado.885","geometry":{"type":"Point","coordinates":[326092.6585,7374934.1884]},"geometry_name":"ge_ponto","properties":{"cd_identificador_ponto_revitalizado":885,"nm_endereco":"Rua Gregório de Torres, 310","sg_subprefeitura":"CS","nm_subprefeitura":"Capela Do Socorro","cd_lote_servico":"6","tx_status_ponto_revitalizado":"Revitalizado","dt_atualizacao":"2021-12-08Z","tx_data_referencia":"1º quadrimestre 2021","dc_complemento_endereco":null}},{"type":"Feature","id":"ponto_revitalizado.886","geometry":{"type":"Point","coordinates":[326849.2569,7405545.2361]},"geometry_name":"ge_ponto","properties":{"cd_identificador_ponto_revitalizado":886,"nm_endereco":"Rua Gregório Pomar & Rua Domingos Arevalo","sg_subprefeitura":"FB","nm_subprefeitura":"Freguesia Do Ó","cd_lote_servico":"4","tx_status_ponto_revitalizado":"Eliminado","dt_atualizacao":"2021-12-08Z","tx_data_referencia":"1º quadrimestre 2021","dc_complemento_endereco":null}},{"type":"Feature","id":"ponto_revitalizado.887","geometry":{"type":"Point","coordinates":[332152.5633,7379598.0337]},"geometry_name":"ge_ponto","properties":{"cd_identificador_ponto_revitalizado":887,"nm_endereco":"Rua Guaicuri, 67","sg_subprefeitura":"AD","nm_subprefeitura":"Cidade Ademar","cd_lote_servico":"3","tx_status_ponto_revitalizado":"Revitalizado","dt_atualizacao":"2021-12-08Z","tx_data_referencia":"1º quadrimestre 2021","dc_complemento_endereco":null}},{"type":"Feature","id":"ponto_revitalizado.888","geometry":{"type":"Point","coordinates":[350095.9765,7394076.014]},"geometry_name":"ge_ponto","properties":{"cd_identificador_ponto_revitalizado":888,"nm_endereco":"Rua Guarujá do Sul, 504","sg_subprefeitura":"IQ","nm_subprefeitura":"Itaquera","cd_lote_servico":"1","tx_status_ponto_revitalizado":"Revitalizado","dt_atualizacao":"2021-12-08Z","tx_data_referencia":"1º quadrimestre 2021","dc_complemento_endereco":null}},{"type":"Feature","id":"ponto_revitalizado.889","geometry":{"type":"Point","coordinates":[326241.6468,7382295.4485]},"geometry_name":"ge_ponto","properties":{"cd_identificador_ponto_revitalizado":889,"nm_endereco":"Rua Guaxatuba","sg_subprefeitura":"SA","nm_subprefeitura":"Santo Amaro","cd_lote_servico":"6","tx_status_ponto_revitalizado":"Revitalizado","dt_atualizacao":"2021-12-08Z","tx_data_referencia":"1º quadrimestre 2021","dc_complemento_endereco":null}},{"type":"Feature","id":"ponto_revitalizado.890","geometry":{"type":"Point","coordinates":[328857.9339,7384459.5064]},"geometry_name":"ge_ponto","properties":{"cd_identificador_ponto_revitalizado":890,"nm_endereco":"Rua Guilherme Asbhar Neto, 580","sg_subprefeitura":"SA","nm_subprefeitura":"Santo Amaro","cd_lote_servico":"6","tx_status_ponto_revitalizado":"Revitalizado","dt_atualizacao":"2021-12-08Z","tx_data_referencia":"1º quadrimestre 2021","dc_complemento_endereco":null}},{"type":"Feature","id":"ponto_revitalizado.891","geometry":{"type":"Point","coordinates":[320200.8433,7386132.9605]},"geometry_name":"ge_ponto","properties":{"cd_identificador_ponto_revitalizado":891,"nm_endereco":"Rua Guilherme Mainard, 243","sg_subprefeitura":"CL","nm_subprefeitura":"Campo Limpo","cd_lote_servico":"6","tx_status_ponto_revitalizado":"Revitalizado","dt_atualizacao":"2021-12-08Z","tx_data_referencia":"1º quadrimestre 2021","dc_complemento_endereco":null}},{"type":"Feature","id":"ponto_revitalizado.892","geometry":{"type":"Point","coordinates":[323227.0589,7381744.1165]},"geometry_name":"ge_ponto","properties":{"cd_identificador_ponto_revitalizado":892,"nm_endereco":"Rua Guilherme Valente","sg_subprefeitura":"MB","nm_subprefeitura":"M'Boi Mirim","cd_lote_servico":"6","tx_status_ponto_revitalizado":"Revitalizado","dt_atualizacao":"2021-12-08Z","tx_data_referencia":"1º quadrimestre 2021","dc_complemento_endereco":null}},{"type":"Feature","id":"ponto_revitalizado.893","geometry":{"type":"Point","coordinates":[331807.8203,7394855.242]},"geometry_name":"ge_ponto","properties":{"cd_identificador_ponto_revitalizado":893,"nm_endereco":"Rua João Guimarães Rosa, 241","sg_subprefeitura":"SE","nm_subprefeitura":"Sé","cd_lote_servico":"2","tx_status_ponto_revitalizado":"Revitalizado","dt_atualizacao":"2021-12-08Z","tx_data_referencia":"1º quadrimestre 2021","dc_complemento_endereco":null}},{"type":"Feature","id":"ponto_revitalizado.894","geometry":{"type":"Point","coordinates":[318848.8903,7383076.9113]},"geometry_name":"ge_ponto","properties":{"cd_identificador_ponto_revitalizado":894,"nm_endereco":"Rua Guntur, 205","sg_subprefeitura":"CL","nm_subprefeitura":"Campo Limpo","cd_lote_servico":"6","tx_status_ponto_revitalizado":"Revitalizado","dt_atualizacao":"2021-12-08Z","tx_data_referencia":"1º quadrimestre 2021","dc_complemento_endereco":null}},{"type":"Feature","id":"ponto_revitalizado.895","geometry":{"type":"Point","coordinates":[329502.0799,7385767.6668]},"geometry_name":"ge_ponto","properties":{"cd_identificador_ponto_revitalizado":895,"nm_endereco":"Rua Gutemberg","sg_subprefeitura":"SA","nm_subprefeitura":"Santo Amaro","cd_lote_servico":"6","tx_status_ponto_revitalizado":"Revitalizado","dt_atualizacao":"2021-12-08Z","tx_data_referencia":"1º quadrimestre 2021","dc_complemento_endereco":null}},{"type":"Feature","id":"ponto_revitalizado.896","geometry":{"type":"Point","coordinates":[334216.8781,7389140.5443]},"geometry_name":"ge_ponto","properties":{"cd_identificador_ponto_revitalizado":896,"nm_endereco":"Rua Helen Keller (baixo do Viaduto Doutor Eduardo Saigh)","sg_subprefeitura":"VM","nm_subprefeitura":"Vila Mariana","cd_lote_servico":"3","tx_status_ponto_revitalizado":"Revitalizado","dt_atualizacao":"2021-12-08Z","tx_data_referencia":"1º quadrimestre 2021","dc_complemento_endereco":null}},{"type":"Feature","id":"ponto_revitalizado.897","geometry":{"type":"Point","coordinates":[334218.784,7389125.5035]},"geometry_name":"ge_ponto","properties":{"cd_identificador_ponto_revitalizado":897,"nm_endereco":"Rua Helen Keller, 252","sg_subprefeitura":"VM","nm_subprefeitura":"Vila Mariana","cd_lote_servico":"3","tx_status_ponto_revitalizado":"Revitalizado","dt_atualizacao":"2021-12-08Z","tx_data_referencia":"1º quadrimestre 2021","dc_complemento_endereco":null}},{"type":"Feature","id":"ponto_revitalizado.898","geometry":{"type":"Point","coordinates":[331313.0956,7384616.6153]},"geometry_name":"ge_ponto","properties":{"cd_identificador_ponto_revitalizado":898,"nm_endereco":"Avenida Hélio Lobo, 02","sg_subprefeitura":"SA","nm_subprefeitura":"Santo Amaro","cd_lote_servico":"6","tx_status_ponto_revitalizado":"Revitalizado","dt_atualizacao":"2021-12-08Z","tx_data_referencia":"1º quadrimestre 2021","dc_complemento_endereco":null}},{"type":"Feature","id":"ponto_revitalizado.899","geometry":{"type":"Point","coordinates":[326846.382,7385698.3742]},"geometry_name":"ge_ponto","properties":{"cd_identificador_ponto_revitalizado":899,"nm_endereco":"Rua Henri Dunant, 495","sg_subprefeitura":"SA","nm_subprefeitura":"Santo Amaro","cd_lote_servico":"6","tx_status_ponto_revitalizado":"Revitalizado","dt_atualizacao":"2021-12-08Z","tx_data_referencia":"1º quadrimestre 2021","dc_complemento_endereco":null}},{"type":"Feature","id":"ponto_revitalizado.900","geometry":{"type":"Point","coordinates":[335588.9865,7384735.4873]},"geometry_name":"ge_ponto","properties":{"cd_identificador_ponto_revitalizado":900,"nm_endereco":"Rua Henri Lebasque & Rua dos Operários","sg_subprefeitura":"IP","nm_subprefeitura":"Ipiranga","cd_lote_servico":"3","tx_status_ponto_revitalizado":"Revitalizado","dt_atualizacao":"2021-12-08Z","tx_data_referencia":"1º quadrimestre 2021","dc_complemento_endereco":null}},{"type":"Feature","id":"ponto_revitalizado.901","geometry":{"type":"Point","coordinates":[318417.5196,7380197.464]},"geometry_name":"ge_ponto","properties":{"cd_identificador_ponto_revitalizado":901,"nm_endereco":"Rua Henrique Sam Midlin, 654","sg_subprefeitura":"CL","nm_subprefeitura":"Campo Limpo","cd_lote_servico":"6","tx_status_ponto_revitalizado":"Revitalizado","dt_atualizacao":"2021-12-08Z","tx_data_referencia":"1º quadrimestre 2021","dc_complemento_endereco":null}},{"type":"Feature","id":"ponto_revitalizado.902","geometry":{"type":"Point","coordinates":[355171.6615,7392783.9575]},"geometry_name":"ge_ponto","properties":{"cd_identificador_ponto_revitalizado":902,"nm_endereco":"Rua Henriqueta Noguez Brieba","sg_subprefeitura":"CT","nm_subprefeitura":"Cidade Tiradentes","cd_lote_servico":"1","tx_status_ponto_revitalizado":"Revitalizado","dt_atualizacao":"2021-12-08Z","tx_data_referencia":"1º quadrimestre 2021","dc_complemento_endereco":null}},{"type":"Feature","id":"ponto_revitalizado.903","geometry":{"type":"Point","coordinates":[326157.7454,7403087.0576]},"geometry_name":"ge_ponto","properties":{"cd_identificador_ponto_revitalizado":903,"nm_endereco":"Rua Hilário Correia & Avenida Tomás Rabelo e Silva","sg_subprefeitura":"FB","nm_subprefeitura":"Freguesia Do Ó","cd_lote_servico":"4","tx_status_ponto_revitalizado":"Eliminado","dt_atualizacao":"2021-12-08Z","tx_data_referencia":"1º quadrimestre 2021","dc_complemento_endereco":null}},{"type":"Feature","id":"ponto_revitalizado.904","geometry":{"type":"Point","coordinates":[328643.734,7382112.268]},"geometry_name":"ge_ponto","properties":{"cd_identificador_ponto_revitalizado":904,"nm_endereco":"Rua Irmãs da Santa Cruz (Rua Ignoto Peverell)","sg_subprefeitura":"SA","nm_subprefeitura":"Santo Amaro","cd_lote_servico":"6","tx_status_ponto_revitalizado":"Revitalizado","dt_atualizacao":"2021-12-08Z","tx_data_referencia":"1º quadrimestre 2021","dc_complemento_endereco":null}},{"type":"Feature","id":"ponto_revitalizado.905","geometry":{"type":"Point","coordinates":[336139.5804,7392323.4371]},"geometry_name":"ge_ponto","properties":{"cd_identificador_ponto_revitalizado":905,"nm_endereco":"Rua Hipólito Soares","sg_subprefeitura":"IP","nm_subprefeitura":"Ipiranga","cd_lote_servico":"3","tx_status_ponto_revitalizado":"Revitalizado","dt_atualizacao":"2021-12-08Z","tx_data_referencia":"1º quadrimestre 2021","dc_complemento_endereco":null}},{"type":"Feature","id":"ponto_revitalizado.906","geometry":{"type":"Point","coordinates":[321362.1895,7382138.8028]},"geometry_name":"ge_ponto","properties":{"cd_identificador_ponto_revitalizado":906,"nm_endereco":"Rua Holda Botto Malanconi, 66","sg_subprefeitura":"MB","nm_subprefeitura":"M'Boi Mirim","cd_lote_servico":"6","tx_status_ponto_revitalizado":"Revitalizado","dt_atualizacao":"2021-12-08Z","tx_data_referencia":"1º quadrimestre 2021","dc_complemento_endereco":null}},{"type":"Feature","id":"ponto_revitalizado.907","geometry":{"type":"Point","coordinates":[343501.7743,7392605.7783]},"geometry_name":"ge_ponto","properties":{"cd_identificador_ponto_revitalizado":907,"nm_endereco":"Rua Homero Batista, 162","sg_subprefeitura":"AF","nm_subprefeitura":"Aricanduva","cd_lote_servico":"3","tx_status_ponto_revitalizado":"Revitalizado","dt_atualizacao":"2021-12-08Z","tx_data_referencia":"1º quadrimestre 2021","dc_complemento_endereco":null}},{"type":"Feature","id":"ponto_revitalizado.908","geometry":{"type":"Point","coordinates":[343601.1728,7392475.0524]},"geometry_name":"ge_ponto","properties":{"cd_identificador_ponto_revitalizado":908,"nm_endereco":"Rua Homero Batista, 355","sg_subprefeitura":"AF","nm_subprefeitura":"Aricanduva","cd_lote_servico":"3","tx_status_ponto_revitalizado":"Revitalizado","dt_atualizacao":"2021-12-08Z","tx_data_referencia":"1º quadrimestre 2021","dc_complemento_endereco":null}},{"type":"Feature","id":"ponto_revitalizado.909","geometry":{"type":"Point","coordinates":[327778.1888,7393639.6802]},"geometry_name":"ge_ponto","properties":{"cd_identificador_ponto_revitalizado":909,"nm_endereco":"Rua Horácio Lane & Rua Inácio Pereira Rocha","sg_subprefeitura":"PI","nm_subprefeitura":"Pinheiros","cd_lote_servico":"5","tx_status_ponto_revitalizado":"Revitalizado","dt_atualizacao":"2021-12-08Z","tx_data_referencia":"1º quadrimestre 2021","dc_complemento_endereco":null}},{"type":"Feature","id":"ponto_revitalizado.910","geometry":{"type":"Point","coordinates":[354680.1101,7396612.4088]},"geometry_name":"ge_ponto","properties":{"cd_identificador_ponto_revitalizado":910,"nm_endereco":"Rua Horácio Quiroga, 13","sg_subprefeitura":"G","nm_subprefeitura":"Guaianases","cd_lote_servico":"1","tx_status_ponto_revitalizado":"Revitalizado","dt_atualizacao":"2021-12-08Z","tx_data_referencia":"1º quadrimestre 2021","dc_complemento_endereco":null}},{"type":"Feature","id":"ponto_revitalizado.911","geometry":{"type":"Point","coordinates":[330202.4628,7398541.0957]},"geometry_name":"ge_ponto","properties":{"cd_identificador_ponto_revitalizado":911,"nm_endereco":"Rua Horacio Vergueiro Rudge, 27","sg_subprefeitura":"CV","nm_subprefeitura":"Casa Verde","cd_lote_servico":"4","tx_status_ponto_revitalizado":"Revitalizado","dt_atualizacao":"2021-12-08Z","tx_data_referencia":"1º quadrimestre 2021","dc_complemento_endereco":null}},{"type":"Feature","id":"ponto_revitalizado.912","geometry":{"type":"Point","coordinates":[358945.7654,7391409.9148]},"geometry_name":"ge_ponto","properties":{"cd_identificador_ponto_revitalizado":912,"nm_endereco":"Rua Hugo Della Santa, 5","sg_subprefeitura":"CT","nm_subprefeitura":"Cidade Tiradentes","cd_lote_servico":"1","tx_status_ponto_revitalizado":"Revitalizado","dt_atualizacao":"2021-12-08Z","tx_data_referencia":"1º quadrimestre 2021","dc_complemento_endereco":null}},{"type":"Feature","id":"ponto_revitalizado.913","geometry":{"type":"Point","coordinates":[332530.1751,7381608.0502]},"geometry_name":"ge_ponto","properties":{"cd_identificador_ponto_revitalizado":913,"nm_endereco":"Rua Hugo Vitor da Silva & Rua Luis Vicente de Simoni","sg_subprefeitura":"JA","nm_subprefeitura":"Jabaquara","cd_lote_servico":"3","tx_status_ponto_revitalizado":"Revitalizado","dt_atualizacao":"2021-12-08Z","tx_data_referencia":"1º quadrimestre 2021","dc_complemento_endereco":null}},{"type":"Feature","id":"ponto_revitalizado.914","geometry":{"type":"Point","coordinates":[332643.6361,7381685.8871]},"geometry_name":"ge_ponto","properties":{"cd_identificador_ponto_revitalizado":914,"nm_endereco":"Rua Hugo Vitor da Silva, 320","sg_subprefeitura":"JA","nm_subprefeitura":"Jabaquara","cd_lote_servico":"3","tx_status_ponto_revitalizado":"Revitalizado","dt_atualizacao":"2021-12-08Z","tx_data_referencia":"1º quadrimestre 2021","dc_complemento_endereco":null}},{"type":"Feature","id":"ponto_revitalizado.915","geometry":{"type":"Point","coordinates":[332629.7794,7381684.3986]},"geometry_name":"ge_ponto","properties":{"cd_identificador_ponto_revitalizado":915,"nm_endereco":"Rua Hugo Vitor da Silva, 344","sg_subprefeitura":"JA","nm_subprefeitura":"Jabaquara","cd_lote_servico":"3","tx_status_ponto_revitalizado":"Revitalizado","dt_atualizacao":"2021-12-08Z","tx_data_referencia":"1º quadrimestre 2021","dc_complemento_endereco":null}},{"type":"Feature","id":"ponto_revitalizado.916","geometry":{"type":"Point","coordinates":[326321.2649,7404197.3206]},"geometry_name":"ge_ponto","properties":{"cd_identificador_ponto_revitalizado":916,"nm_endereco":"Rua Hulétia & Rua Mercedes Baravelle Fraga","sg_subprefeitura":"FB","nm_subprefeitura":"Freguesia Do Ó","cd_lote_servico":"4","tx_status_ponto_revitalizado":"Eliminado","dt_atualizacao":"2021-12-08Z","tx_data_referencia":"1º quadrimestre 2021","dc_complemento_endereco":null}},{"type":"Feature","id":"ponto_revitalizado.917","geometry":{"type":"Point","coordinates":[322809.4731,7363578.6914]},"geometry_name":"ge_ponto","properties":{"cd_identificador_ponto_revitalizado":917,"nm_endereco":"Rua Humberto Ravello, 22","sg_subprefeitura":"PA","nm_subprefeitura":"Parelheiros","cd_lote_servico":"6","tx_status_ponto_revitalizado":"Revitalizado","dt_atualizacao":"2021-12-08Z","tx_data_referencia":"1º quadrimestre 2021","dc_complemento_endereco":null}},{"type":"Feature","id":"ponto_revitalizado.918","geometry":{"type":"Point","coordinates":[327053.0515,7391510.0286]},"geometry_name":"ge_ponto","properties":{"cd_identificador_ponto_revitalizado":918,"nm_endereco":"Rua Hungria & Rua Campo Verde","sg_subprefeitura":"PI","nm_subprefeitura":"Pinheiros","cd_lote_servico":"5","tx_status_ponto_revitalizado":"Revitalizado","dt_atualizacao":"2021-12-08Z","tx_data_referencia":"1º quadrimestre 2021","dc_complemento_endereco":null}},{"type":"Feature","id":"ponto_revitalizado.919","geometry":{"type":"Point","coordinates":[337996.4579,7399516.4136]},"geometry_name":"ge_ponto","properties":{"cd_identificador_ponto_revitalizado":919,"nm_endereco":"Rua Iacanga & Rua Sobral Junior","sg_subprefeitura":"MG","nm_subprefeitura":"Vila Maria-Vila Guilherme","cd_lote_servico":"4","tx_status_ponto_revitalizado":"Revitalizado","dt_atualizacao":"2021-12-08Z","tx_data_referencia":"1º quadrimestre 2021","dc_complemento_endereco":null}},{"type":"Feature","id":"ponto_revitalizado.920","geometry":{"type":"Point","coordinates":[345872.3115,7388072.1843]},"geometry_name":"ge_ponto","properties":{"cd_identificador_ponto_revitalizado":920,"nm_endereco":"Rua Iambu, 395","sg_subprefeitura":"SB","nm_subprefeitura":"Sapopemba","cd_lote_servico":"1","tx_status_ponto_revitalizado":"Revitalizado","dt_atualizacao":"2021-12-08Z","tx_data_referencia":"1º quadrimestre 2021","dc_complemento_endereco":null}},{"type":"Feature","id":"ponto_revitalizado.921","geometry":{"type":"Point","coordinates":[330315.111,7398541.4034]},"geometry_name":"ge_ponto","properties":{"cd_identificador_ponto_revitalizado":921,"nm_endereco":"Rua Iapó","sg_subprefeitura":"CV","nm_subprefeitura":"Casa Verde","cd_lote_servico":"4","tx_status_ponto_revitalizado":"Revitalizado","dt_atualizacao":"2021-12-08Z","tx_data_referencia":"1º quadrimestre 2021","dc_complemento_endereco":null}},{"type":"Feature","id":"ponto_revitalizado.922","geometry":{"type":"Point","coordinates":[347853.9219,7391019.6611]},"geometry_name":"ge_ponto","properties":{"cd_identificador_ponto_revitalizado":922,"nm_endereco":"Rua Ibatipó, 68","sg_subprefeitura":"SM","nm_subprefeitura":"São Mateus","cd_lote_servico":"1","tx_status_ponto_revitalizado":"Revitalizado","dt_atualizacao":"2021-12-08Z","tx_data_referencia":"1º quadrimestre 2021","dc_complemento_endereco":null}},{"type":"Feature","id":"ponto_revitalizado.923","geometry":{"type":"Point","coordinates":[336250.3733,7400942.3108]},"geometry_name":"ge_ponto","properties":{"cd_identificador_ponto_revitalizado":923,"nm_endereco":"Rua Ibéria, 366","sg_subprefeitura":"MG","nm_subprefeitura":"Vila Maria-Vila Guilherme","cd_lote_servico":"4","tx_status_ponto_revitalizado":"Revitalizado","dt_atualizacao":"2021-12-08Z","tx_data_referencia":"1º quadrimestre 2021","dc_complemento_endereco":null}},{"type":"Feature","id":"ponto_revitalizado.924","geometry":{"type":"Point","coordinates":[347195.5114,7390127.5967]},"geometry_name":"ge_ponto","properties":{"cd_identificador_ponto_revitalizado":924,"nm_endereco":"Rua Ibiracatu, 123","sg_subprefeitura":"SM","nm_subprefeitura":"São Mateus","cd_lote_servico":"1","tx_status_ponto_revitalizado":"Eliminado","dt_atualizacao":"2021-12-08Z","tx_data_referencia":"1º quadrimestre 2021","dc_complemento_endereco":null}},{"type":"Feature","id":"ponto_revitalizado.925","geometry":{"type":"Point","coordinates":[327513.5386,7405563.3447]},"geometry_name":"ge_ponto","properties":{"cd_identificador_ponto_revitalizado":925,"nm_endereco":"Rua Ibiraiaras, 488","sg_subprefeitura":"FB","nm_subprefeitura":"Freguesia Do Ó","cd_lote_servico":"4","tx_status_ponto_revitalizado":"Eliminado","dt_atualizacao":"2021-12-08Z","tx_data_referencia":"1º quadrimestre 2021","dc_complemento_endereco":null}},{"type":"Feature","id":"ponto_revitalizado.926","geometry":{"type":"Point","coordinates":[340368.3685,7396380.2251]},"geometry_name":"ge_ponto","properties":{"cd_identificador_ponto_revitalizado":926,"nm_endereco":"Rua Sousa Breves, 80","sg_subprefeitura":"MO","nm_subprefeitura":"Mooca","cd_lote_servico":"2","tx_status_ponto_revitalizado":"Eliminado","dt_atualizacao":"2021-12-08Z","tx_data_referencia":"1º quadrimestre 2021","dc_complemento_endereco":null}},{"type":"Feature","id":"ponto_revitalizado.927","geometry":{"type":"Point","coordinates":[329566.4165,7385597.6335]},"geometry_name":"ge_ponto","properties":{"cd_identificador_ponto_revitalizado":927,"nm_endereco":"Rua Iguaçu","sg_subprefeitura":"SA","nm_subprefeitura":"Santo Amaro","cd_lote_servico":"6","tx_status_ponto_revitalizado":"Revitalizado","dt_atualizacao":"2021-12-08Z","tx_data_referencia":"1º quadrimestre 2021","dc_complemento_endereco":null}},{"type":"Feature","id":"ponto_revitalizado.928","geometry":{"type":"Point","coordinates":[356711.0102,7395117.266]},"geometry_name":"ge_ponto","properties":{"cd_identificador_ponto_revitalizado":928,"nm_endereco":"Rua Ilha de Amboino, 132","sg_subprefeitura":"G","nm_subprefeitura":"Guaianases","cd_lote_servico":"1","tx_status_ponto_revitalizado":"Revitalizado","dt_atualizacao":"2021-12-08Z","tx_data_referencia":"1º quadrimestre 2021","dc_complemento_endereco":null}},{"type":"Feature","id":"ponto_revitalizado.929","geometry":{"type":"Point","coordinates":[336721.1647,7388141.4363]},"geometry_name":"ge_ponto","properties":{"cd_identificador_ponto_revitalizado":929,"nm_endereco":"Rua Iliria, 60","sg_subprefeitura":"IP","nm_subprefeitura":"Ipiranga","cd_lote_servico":"3","tx_status_ponto_revitalizado":"Revitalizado","dt_atualizacao":"2021-12-08Z","tx_data_referencia":"1º quadrimestre 2021","dc_complemento_endereco":null}},{"type":"Feature","id":"ponto_revitalizado.930","geometry":{"type":"Point","coordinates":[340448.1317,7397166.302]},"geometry_name":"ge_ponto","properties":{"cd_identificador_ponto_revitalizado":930,"nm_endereco":"Rua Imbocui & Rua Dona Ana Franco","sg_subprefeitura":"MO","nm_subprefeitura":"Mooca","cd_lote_servico":"2","tx_status_ponto_revitalizado":"Eliminado","dt_atualizacao":"2021-12-08Z","tx_data_referencia":"1º quadrimestre 2021","dc_complemento_endereco":null}},{"type":"Feature","id":"ponto_revitalizado.931","geometry":{"type":"Point","coordinates":[355848.7811,7400518.9336]},"geometry_name":"ge_ponto","properties":{"cd_identificador_ponto_revitalizado":931,"nm_endereco":"Rua Inácio Gomes, 1","sg_subprefeitura":"IT","nm_subprefeitura":"Itaim Paulista","cd_lote_servico":"1","tx_status_ponto_revitalizado":"Revitalizado","dt_atualizacao":"2021-12-08Z","tx_data_referencia":"1º quadrimestre 2021","dc_complemento_endereco":null}},{"type":"Feature","id":"ponto_revitalizado.932","geometry":{"type":"Point","coordinates":[321268.9198,7385516.5292]},"geometry_name":"ge_ponto","properties":{"cd_identificador_ponto_revitalizado":932,"nm_endereco":"Rua Inácio Manuel Tourinho, 744","sg_subprefeitura":"CL","nm_subprefeitura":"Campo Limpo","cd_lote_servico":"6","tx_status_ponto_revitalizado":"Revitalizado","dt_atualizacao":"2021-12-08Z","tx_data_referencia":"1º quadrimestre 2021","dc_complemento_endereco":null}},{"type":"Feature","id":"ponto_revitalizado.933","geometry":{"type":"Point","coordinates":[358188.0181,7391620.2963]},"geometry_name":"ge_ponto","properties":{"cd_identificador_ponto_revitalizado":933,"nm_endereco":"Rua Inácio Monteiro","sg_subprefeitura":"CT","nm_subprefeitura":"Cidade Tiradentes","cd_lote_servico":"1","tx_status_ponto_revitalizado":"Revitalizado","dt_atualizacao":"2021-12-08Z","tx_data_referencia":"1º quadrimestre 2021","dc_complemento_endereco":null}},{"type":"Feature","id":"ponto_revitalizado.934","geometry":{"type":"Point","coordinates":[358591.4697,7391264.4103]},"geometry_name":"ge_ponto","properties":{"cd_identificador_ponto_revitalizado":934,"nm_endereco":"Rua Inácio Monteiro, 7323","sg_subprefeitura":"CT","nm_subprefeitura":"Cidade Tiradentes","cd_lote_servico":"1","tx_status_ponto_revitalizado":"Revitalizado","dt_atualizacao":"2021-12-08Z","tx_data_referencia":"1º quadrimestre 2021","dc_complemento_endereco":null}},{"type":"Feature","id":"ponto_revitalizado.935","geometry":{"type":"Point","coordinates":[356466.0921,7393264.6042]},"geometry_name":"ge_ponto","properties":{"cd_identificador_ponto_revitalizado":935,"nm_endereco":"Rua Inácio Monteiro, 930","sg_subprefeitura":"CT","nm_subprefeitura":"Cidade Tiradentes","cd_lote_servico":"1","tx_status_ponto_revitalizado":"Revitalizado","dt_atualizacao":"2021-12-08Z","tx_data_referencia":"1º quadrimestre 2021","dc_complemento_endereco":null}},{"type":"Feature","id":"ponto_revitalizado.936","geometry":{"type":"Point","coordinates":[354449.1103,7399258.166]},"geometry_name":"ge_ponto","properties":{"cd_identificador_ponto_revitalizado":936,"nm_endereco":"Rua Inácio Sinkus Filho, 144","sg_subprefeitura":"IT","nm_subprefeitura":"Itaim Paulista","cd_lote_servico":"1","tx_status_ponto_revitalizado":"Eliminado","dt_atualizacao":"2021-12-08Z","tx_data_referencia":"1º quadrimestre 2021","dc_complemento_endereco":null}},{"type":"Feature","id":"ponto_revitalizado.937","geometry":{"type":"Point","coordinates":[359497.1718,7400181.806]},"geometry_name":"ge_ponto","properties":{"cd_identificador_ponto_revitalizado":937,"nm_endereco":"Rua Inocêncio Preto Moreira, 05","sg_subprefeitura":"IT","nm_subprefeitura":"Itaim Paulista","cd_lote_servico":"1","tx_status_ponto_revitalizado":"Revitalizado, Reativado","dt_atualizacao":"2021-12-08Z","tx_data_referencia":"1º quadrimestre 2021","dc_complemento_endereco":null}},{"type":"Feature","id":"ponto_revitalizado.938","geometry":{"type":"Point","coordinates":[318725.5149,7381718.4238]},"geometry_name":"ge_ponto","properties":{"cd_identificador_ponto_revitalizado":938,"nm_endereco":"Rua Integrada, 126","sg_subprefeitura":"CL","nm_subprefeitura":"Campo Limpo","cd_lote_servico":"6","tx_status_ponto_revitalizado":"Revitalizado","dt_atualizacao":"2021-12-08Z","tx_data_referencia":"1º quadrimestre 2021","dc_complemento_endereco":null}},{"type":"Feature","id":"ponto_revitalizado.939","geometry":{"type":"Point","coordinates":[318393.264,7381732.0034]},"geometry_name":"ge_ponto","properties":{"cd_identificador_ponto_revitalizado":939,"nm_endereco":"Rua Integrada, 24","sg_subprefeitura":"CL","nm_subprefeitura":"Campo Limpo","cd_lote_servico":"6","tx_status_ponto_revitalizado":"Revitalizado","dt_atualizacao":"2021-12-08Z","tx_data_referencia":"1º quadrimestre 2021","dc_complemento_endereco":null}},{"type":"Feature","id":"ponto_revitalizado.940","geometry":{"type":"Point","coordinates":[318380.8342,7381738.8263]},"geometry_name":"ge_ponto","properties":{"cd_identificador_ponto_revitalizado":940,"nm_endereco":"Rua Integrada, 35","sg_subprefeitura":"CL","nm_subprefeitura":"Campo Limpo","cd_lote_servico":"6","tx_status_ponto_revitalizado":"Revitalizado","dt_atualizacao":"2021-12-08Z","tx_data_referencia":"1º quadrimestre 2021","dc_complemento_endereco":null}},{"type":"Feature","id":"ponto_revitalizado.941","geometry":{"type":"Point","coordinates":[355589.7929,7399884.2784]},"geometry_name":"ge_ponto","properties":{"cd_identificador_ponto_revitalizado":941,"nm_endereco":"Rua Ipê Roxo, 1704","sg_subprefeitura":"IT","nm_subprefeitura":"Itaim Paulista","cd_lote_servico":"1","tx_status_ponto_revitalizado":"Revitalizado","dt_atualizacao":"2021-12-08Z","tx_data_referencia":"1º quadrimestre 2021","dc_complemento_endereco":null}},{"type":"Feature","id":"ponto_revitalizado.942","geometry":{"type":"Point","coordinates":[321948.7633,7379659.7404]},"geometry_name":"ge_ponto","properties":{"cd_identificador_ponto_revitalizado":942,"nm_endereco":"Rua Irumu, 28","sg_subprefeitura":"MB","nm_subprefeitura":"M'Boi Mirim","cd_lote_servico":"6","tx_status_ponto_revitalizado":"Revitalizado","dt_atualizacao":"2021-12-08Z","tx_data_referencia":"1º quadrimestre 2021","dc_complemento_endereco":null}},{"type":"Feature","id":"ponto_revitalizado.943","geometry":{"type":"Point","coordinates":[344049.7407,7397704.9979]},"geometry_name":"ge_ponto","properties":{"cd_identificador_ponto_revitalizado":943,"nm_endereco":"Rua Isabel & Rua Mapunaro","sg_subprefeitura":"PE","nm_subprefeitura":"Penha","cd_lote_servico":"4","tx_status_ponto_revitalizado":"Eliminado","dt_atualizacao":"2021-12-08Z","tx_data_referencia":"1º quadrimestre 2021","dc_complemento_endereco":null}},{"type":"Feature","id":"ponto_revitalizado.944","geometry":{"type":"Point","coordinates":[327610.8336,7373333.6786]},"geometry_name":"ge_ponto","properties":{"cd_identificador_ponto_revitalizado":944,"nm_endereco":"Rua Isabel Aguiar de Campos, 22","sg_subprefeitura":"CS","nm_subprefeitura":"Capela Do Socorro","cd_lote_servico":"6","tx_status_ponto_revitalizado":"Revitalizado","dt_atualizacao":"2021-12-08Z","tx_data_referencia":"1º quadrimestre 2021","dc_complemento_endereco":null}},{"type":"Feature","id":"ponto_revitalizado.945","geometry":{"type":"Point","coordinates":[352482.3331,7397255.8874]},"geometry_name":"ge_ponto","properties":{"cd_identificador_ponto_revitalizado":945,"nm_endereco":"Rua Isaias Coelho, 130","sg_subprefeitura":"IQ","nm_subprefeitura":"Itaquera","cd_lote_servico":"1","tx_status_ponto_revitalizado":"Revitalizado","dt_atualizacao":"2021-12-08Z","tx_data_referencia":"1º quadrimestre 2021","dc_complemento_endereco":null}},{"type":"Feature","id":"ponto_revitalizado.946","geometry":{"type":"Point","coordinates":[352985.1597,7395472.8953]},"geometry_name":"ge_ponto","properties":{"cd_identificador_ponto_revitalizado":946,"nm_endereco":"Rua Isidoro de Lara, 70","sg_subprefeitura":"IQ","nm_subprefeitura":"Itaquera","cd_lote_servico":"1","tx_status_ponto_revitalizado":"Revitalizado","dt_atualizacao":"2021-12-08Z","tx_data_referencia":"1º quadrimestre 2021","dc_complemento_endereco":null}},{"type":"Feature","id":"ponto_revitalizado.947","geometry":{"type":"Point","coordinates":[339503.2532,7400934.2856]},"geometry_name":"ge_ponto","properties":{"cd_identificador_ponto_revitalizado":947,"nm_endereco":"Rua Izidro Ortiz","sg_subprefeitura":"MG","nm_subprefeitura":"Vila Maria-Vila Guilherme","cd_lote_servico":"4","tx_status_ponto_revitalizado":"Revitalizado","dt_atualizacao":"2021-12-08Z","tx_data_referencia":"1º quadrimestre 2021","dc_complemento_endereco":null}},{"type":"Feature","id":"ponto_revitalizado.948","geometry":{"type":"Point","coordinates":[332181.7412,7379279.3952]},"geometry_name":"ge_ponto","properties":{"cd_identificador_ponto_revitalizado":948,"nm_endereco":"Rua Coronel Isaías, 62 (Praça Samuel Alves)","sg_subprefeitura":"AD","nm_subprefeitura":"Cidade Ademar","cd_lote_servico":"3","tx_status_ponto_revitalizado":"Revitalizado","dt_atualizacao":"2021-12-08Z","tx_data_referencia":"1º quadrimestre 2021","dc_complemento_endereco":null}},{"type":"Feature","id":"ponto_revitalizado.949","geometry":{"type":"Point","coordinates":[327315.8839,7381456.5056]},"geometry_name":"ge_ponto","properties":{"cd_identificador_ponto_revitalizado":949,"nm_endereco":"Rua Itabapoana","sg_subprefeitura":"SA","nm_subprefeitura":"Santo Amaro","cd_lote_servico":"6","tx_status_ponto_revitalizado":"Revitalizado","dt_atualizacao":"2021-12-08Z","tx_data_referencia":"1º quadrimestre 2021","dc_complemento_endereco":null}},{"type":"Feature","id":"ponto_revitalizado.950","geometry":{"type":"Point","coordinates":[357079.7227,7401079.9158]},"geometry_name":"ge_ponto","properties":{"cd_identificador_ponto_revitalizado":950,"nm_endereco":"Rua Itaim, 2A","sg_subprefeitura":"IT","nm_subprefeitura":"Itaim Paulista","cd_lote_servico":"1","tx_status_ponto_revitalizado":"Revitalizado","dt_atualizacao":"2021-12-08Z","tx_data_referencia":"1º quadrimestre 2021","dc_complemento_endereco":null}},{"type":"Feature","id":"ponto_revitalizado.951","geometry":{"type":"Point","coordinates":[353077.6614,7396256.2194]},"geometry_name":"ge_ponto","properties":{"cd_identificador_ponto_revitalizado":951,"nm_endereco":"Rua Italo Azoni","sg_subprefeitura":"IQ","nm_subprefeitura":"Itaquera","cd_lote_servico":"1","tx_status_ponto_revitalizado":"Revitalizado","dt_atualizacao":"2021-12-08Z","tx_data_referencia":"1º quadrimestre 2021","dc_complemento_endereco":null}},{"type":"Feature","id":"ponto_revitalizado.952","geometry":{"type":"Point","coordinates":[339887.8134,7402086.8358]},"geometry_name":"ge_ponto","properties":{"cd_identificador_ponto_revitalizado":952,"nm_endereco":"Rua Itamonte & Rua Francisco Alves Bezerra","sg_subprefeitura":"MG","nm_subprefeitura":"Vila Maria-Vila Guilherme","cd_lote_servico":"4","tx_status_ponto_revitalizado":"Revitalizado","dt_atualizacao":"2021-12-08Z","tx_data_referencia":"1º quadrimestre 2021","dc_complemento_endereco":null}},{"type":"Feature","id":"ponto_revitalizado.953","geometry":{"type":"Point","coordinates":[323711.3557,7384279.6293]},"geometry_name":"ge_ponto","properties":{"cd_identificador_ponto_revitalizado":953,"nm_endereco":"Rua Itapaiuna, 651","sg_subprefeitura":"CL","nm_subprefeitura":"Campo Limpo","cd_lote_servico":"6","tx_status_ponto_revitalizado":"Revitalizado","dt_atualizacao":"2021-12-08Z","tx_data_referencia":"1º quadrimestre 2021","dc_complemento_endereco":null}},{"type":"Feature","id":"ponto_revitalizado.954","geometry":{"type":"Point","coordinates":[333570.8445,7397238.0776]},"geometry_name":"ge_ponto","properties":{"cd_identificador_ponto_revitalizado":954,"nm_endereco":"Rua Itapirapes & Avenida Tiradentes","sg_subprefeitura":"SE","nm_subprefeitura":"Sé","cd_lote_servico":"2","tx_status_ponto_revitalizado":"Revitalizado","dt_atualizacao":"2021-12-08Z","tx_data_referencia":"1º quadrimestre 2021","dc_complemento_endereco":null}},{"type":"Feature","id":"ponto_revitalizado.955","geometry":{"type":"Point","coordinates":[339827.7726,7392045.4655]},"geometry_name":"ge_ponto","properties":{"cd_identificador_ponto_revitalizado":955,"nm_endereco":"Rua Itiuba, 20","sg_subprefeitura":"MO","nm_subprefeitura":"Mooca","cd_lote_servico":"2","tx_status_ponto_revitalizado":"Eliminado","dt_atualizacao":"2021-12-08Z","tx_data_referencia":"1º quadrimestre 2021","dc_complemento_endereco":null}},{"type":"Feature","id":"ponto_revitalizado.956","geometry":{"type":"Point","coordinates":[333287.8444,7404026.6075]},"geometry_name":"ge_ponto","properties":{"cd_identificador_ponto_revitalizado":956,"nm_endereco":"Rua Ivolandia, 50","sg_subprefeitura":"ST","nm_subprefeitura":"Santana-Tucuruvi","cd_lote_servico":"4","tx_status_ponto_revitalizado":"Revitalizado","dt_atualizacao":"2021-12-08Z","tx_data_referencia":"1º quadrimestre 2021","dc_complemento_endereco":null}},{"type":"Feature","id":"ponto_revitalizado.957","geometry":{"type":"Point","coordinates":[342729.9014,7397805.1817]},"geometry_name":"ge_ponto","properties":{"cd_identificador_ponto_revitalizado":957,"nm_endereco":"Rua Jaborandi & Avenida Amador Bueno da Veiga","sg_subprefeitura":"PE","nm_subprefeitura":"Penha","cd_lote_servico":"4","tx_status_ponto_revitalizado":"Revitalizado","dt_atualizacao":"2021-12-08Z","tx_data_referencia":"1º quadrimestre 2021","dc_complemento_endereco":null}},{"type":"Feature","id":"ponto_revitalizado.958","geometry":{"type":"Point","coordinates":[331566.7193,7395541.0239]},"geometry_name":"ge_ponto","properties":{"cd_identificador_ponto_revitalizado":958,"nm_endereco":"Rua Jaguaribe & Rua Jesuino Pascoal","sg_subprefeitura":"SE","nm_subprefeitura":"Sé","cd_lote_servico":"2","tx_status_ponto_revitalizado":"Eliminado","dt_atualizacao":"2021-12-08Z","tx_data_referencia":"1º quadrimestre 2021","dc_complemento_endereco":null}},{"type":"Feature","id":"ponto_revitalizado.959","geometry":{"type":"Point","coordinates":[336955.1458,7394951.4373]},"geometry_name":"ge_ponto","properties":{"cd_identificador_ponto_revitalizado":959,"nm_endereco":"Rua Jaibarás","sg_subprefeitura":"MO","nm_subprefeitura":"Mooca","cd_lote_servico":"2","tx_status_ponto_revitalizado":"Revitalizado","dt_atualizacao":"2021-12-08Z","tx_data_referencia":"1º quadrimestre 2021","dc_complemento_endereco":null}},{"type":"Feature","id":"ponto_revitalizado.960","geometry":{"type":"Point","coordinates":[322278.1399,7407135.5462]},"geometry_name":"ge_ponto","properties":{"cd_identificador_ponto_revitalizado":960,"nm_endereco":"Rua Jair Rosa Pinto, 10","sg_subprefeitura":"PJ","nm_subprefeitura":"Pirituba-Jaragua","cd_lote_servico":"5","tx_status_ponto_revitalizado":"Revitalizado","dt_atualizacao":"2021-12-08Z","tx_data_referencia":"1º quadrimestre 2021","dc_complemento_endereco":null}},{"type":"Feature","id":"ponto_revitalizado.961","geometry":{"type":"Point","coordinates":[322403.4191,7407331.4376]},"geometry_name":"ge_ponto","properties":{"cd_identificador_ponto_revitalizado":961,"nm_endereco":"Rua Jair Rosa Pinto, 50","sg_subprefeitura":"PJ","nm_subprefeitura":"Pirituba-Jaragua","cd_lote_servico":"5","tx_status_ponto_revitalizado":"Revitalizado","dt_atualizacao":"2021-12-08Z","tx_data_referencia":"1º quadrimestre 2021","dc_complemento_endereco":null}},{"type":"Feature","id":"ponto_revitalizado.962","geometry":{"type":"Point","coordinates":[346181.4313,7390347.5255]},"geometry_name":"ge_ponto","properties":{"cd_identificador_ponto_revitalizado":962,"nm_endereco":"Rua James Nares, 26","sg_subprefeitura":"SB","nm_subprefeitura":"Sapopemba","cd_lote_servico":"1","tx_status_ponto_revitalizado":"Eliminado","dt_atualizacao":"2021-12-08Z","tx_data_referencia":"1º quadrimestre 2021","dc_complemento_endereco":null}},{"type":"Feature","id":"ponto_revitalizado.963","geometry":{"type":"Point","coordinates":[318723.7203,7384608.3048]},"geometry_name":"ge_ponto","properties":{"cd_identificador_ponto_revitalizado":963,"nm_endereco":"Rua Januário da Cunha Barbosa, 466","sg_subprefeitura":"CL","nm_subprefeitura":"Campo Limpo","cd_lote_servico":"6","tx_status_ponto_revitalizado":"Revitalizado","dt_atualizacao":"2021-12-08Z","tx_data_referencia":"1º quadrimestre 2021","dc_complemento_endereco":null}},{"type":"Feature","id":"ponto_revitalizado.964","geometry":{"type":"Point","coordinates":[351442.1616,7393660.9478]},"geometry_name":"ge_ponto","properties":{"cd_identificador_ponto_revitalizado":964,"nm_endereco":"Rua Januário García Leal, 02","sg_subprefeitura":"IQ","nm_subprefeitura":"Itaquera","cd_lote_servico":"1","tx_status_ponto_revitalizado":"Revitalizado","dt_atualizacao":"2021-12-08Z","tx_data_referencia":"1º quadrimestre 2021","dc_complemento_endereco":null}},{"type":"Feature","id":"ponto_revitalizado.965","geometry":{"type":"Point","coordinates":[327330.9819,7381422.1284]},"geometry_name":"ge_ponto","properties":{"cd_identificador_ponto_revitalizado":965,"nm_endereco":"Rua Jaó","sg_subprefeitura":"SA","nm_subprefeitura":"Santo Amaro","cd_lote_servico":"6","tx_status_ponto_revitalizado":"Revitalizado","dt_atualizacao":"2021-12-08Z","tx_data_referencia":"1º quadrimestre 2021","dc_complemento_endereco":null}},{"type":"Feature","id":"ponto_revitalizado.966","geometry":{"type":"Point","coordinates":[337213.9572,7387513.4435]},"geometry_name":"ge_ponto","properties":{"cd_identificador_ponto_revitalizado":966,"nm_endereco":"Rua Japaratuba & Rua Araújo Gondim","sg_subprefeitura":"IP","nm_subprefeitura":"Ipiranga","cd_lote_servico":"3","tx_status_ponto_revitalizado":"Revitalizado","dt_atualizacao":"2021-12-08Z","tx_data_referencia":"1º quadrimestre 2021","dc_complemento_endereco":null}},{"type":"Feature","id":"ponto_revitalizado.967","geometry":{"type":"Point","coordinates":[332444.253,7394319.4092]},"geometry_name":"ge_ponto","properties":{"cd_identificador_ponto_revitalizado":967,"nm_endereco":"Rua Japurá","sg_subprefeitura":"SE","nm_subprefeitura":"Sé","cd_lote_servico":"2","tx_status_ponto_revitalizado":"Revitalizado","dt_atualizacao":"2021-12-08Z","tx_data_referencia":"1º quadrimestre 2021","dc_complemento_endereco":null}},{"type":"Feature","id":"ponto_revitalizado.968","geometry":{"type":"Point","coordinates":[354485.0745,7394713.6866]},"geometry_name":"ge_ponto","properties":{"cd_identificador_ponto_revitalizado":968,"nm_endereco":"Rua Jardim Tamoio, 1732","sg_subprefeitura":"IQ","nm_subprefeitura":"Itaquera","cd_lote_servico":"1","tx_status_ponto_revitalizado":"Revitalizado","dt_atualizacao":"2021-12-08Z","tx_data_referencia":"1º quadrimestre 2021","dc_complemento_endereco":null}},{"type":"Feature","id":"ponto_revitalizado.969","geometry":{"type":"Point","coordinates":[337803.699,7390656.0381]},"geometry_name":"ge_ponto","properties":{"cd_identificador_ponto_revitalizado":969,"nm_endereco":"Rua João Afonso","sg_subprefeitura":"VP","nm_subprefeitura":"Vila Prudente","cd_lote_servico":"3","tx_status_ponto_revitalizado":"Revitalizado","dt_atualizacao":"2021-12-08Z","tx_data_referencia":"1º quadrimestre 2021","dc_complemento_endereco":null}},{"type":"Feature","id":"ponto_revitalizado.970","geometry":{"type":"Point","coordinates":[326707.9278,7379414.4277]},"geometry_name":"ge_ponto","properties":{"cd_identificador_ponto_revitalizado":970,"nm_endereco":"Rua João Alfredo da Silveira, 312","sg_subprefeitura":"CS","nm_subprefeitura":"Capela Do Socorro","cd_lote_servico":"6","tx_status_ponto_revitalizado":"Revitalizado","dt_atualizacao":"2021-12-08Z","tx_data_referencia":"1º quadrimestre 2021","dc_complemento_endereco":null}},{"type":"Feature","id":"ponto_revitalizado.971","geometry":{"type":"Point","coordinates":[326818.644,7371949.2738]},"geometry_name":"ge_ponto","properties":{"cd_identificador_ponto_revitalizado":971,"nm_endereco":"Rua João Amos Comenius, 75","sg_subprefeitura":"CS","nm_subprefeitura":"Capela Do Socorro","cd_lote_servico":"6","tx_status_ponto_revitalizado":"Revitalizado","dt_atualizacao":"2021-12-08Z","tx_data_referencia":"1º quadrimestre 2021","dc_complemento_endereco":null}},{"type":"Feature","id":"ponto_revitalizado.972","geometry":{"type":"Point","coordinates":[343511.1325,7393562.8479]},"geometry_name":"ge_ponto","properties":{"cd_identificador_ponto_revitalizado":972,"nm_endereco":"Rua João Cordeiro & Rua Amarais","sg_subprefeitura":"AF","nm_subprefeitura":"Aricanduva","cd_lote_servico":"3","tx_status_ponto_revitalizado":"Revitalizado","dt_atualizacao":"2021-12-08Z","tx_data_referencia":"1º quadrimestre 2021","dc_complemento_endereco":null}},{"type":"Feature","id":"ponto_revitalizado.973","geometry":{"type":"Point","coordinates":[317431.1523,7382548.586]},"geometry_name":"ge_ponto","properties":{"cd_identificador_ponto_revitalizado":973,"nm_endereco":"Rua João da Cruz e Sousa, 541","sg_subprefeitura":"CL","nm_subprefeitura":"Campo Limpo","cd_lote_servico":"6","tx_status_ponto_revitalizado":"Revitalizado","dt_atualizacao":"2021-12-08Z","tx_data_referencia":"1º quadrimestre 2021","dc_complemento_endereco":null}},{"type":"Feature","id":"ponto_revitalizado.974","geometry":{"type":"Point","coordinates":[330599.8888,7384878.5841]},"geometry_name":"ge_ponto","properties":{"cd_identificador_ponto_revitalizado":974,"nm_endereco":"Rua João de Lery, 425","sg_subprefeitura":"SA","nm_subprefeitura":"Santo Amaro","cd_lote_servico":"6","tx_status_ponto_revitalizado":"Revitalizado","dt_atualizacao":"2021-12-08Z","tx_data_referencia":"1º quadrimestre 2021","dc_complemento_endereco":null}},{"type":"Feature","id":"ponto_revitalizado.975","geometry":{"type":"Point","coordinates":[327741.693,7404056.77]},"geometry_name":"ge_ponto","properties":{"cd_identificador_ponto_revitalizado":975,"nm_endereco":"Rua João Domingos Vieira & Rua Giacomo Della Porta","sg_subprefeitura":"FB","nm_subprefeitura":"Freguesia Do Ó","cd_lote_servico":"4","tx_status_ponto_revitalizado":"Eliminado","dt_atualizacao":"2021-12-08Z","tx_data_referencia":"1º quadrimestre 2021","dc_complemento_endereco":null}},{"type":"Feature","id":"ponto_revitalizado.976","geometry":{"type":"Point","coordinates":[327691.6642,7404001.4706]},"geometry_name":"ge_ponto","properties":{"cd_identificador_ponto_revitalizado":976,"nm_endereco":"Rua João Domingos Vieira & Rua Juan de Flandres","sg_subprefeitura":"FB","nm_subprefeitura":"Freguesia Do Ó","cd_lote_servico":"4","tx_status_ponto_revitalizado":"Revitalizado","dt_atualizacao":"2021-12-08Z","tx_data_referencia":"1º quadrimestre 2021","dc_complemento_endereco":null}},{"type":"Feature","id":"ponto_revitalizado.977","geometry":{"type":"Point","coordinates":[328887.7787,7381043.7881]},"geometry_name":"ge_ponto","properties":{"cd_identificador_ponto_revitalizado":977,"nm_endereco":"Rua João Faustino, 39","sg_subprefeitura":"SA","nm_subprefeitura":"Santo Amaro","cd_lote_servico":"6","tx_status_ponto_revitalizado":"Revitalizado","dt_atualizacao":"2021-12-08Z","tx_data_referencia":"1º quadrimestre 2021","dc_complemento_endereco":null}},{"type":"Feature","id":"ponto_revitalizado.978","geometry":{"type":"Point","coordinates":[327819.5524,7401120.3595]},"geometry_name":"ge_ponto","properties":{"cd_identificador_ponto_revitalizado":978,"nm_endereco":"Rua João Furtado & Rua Santa Angela","sg_subprefeitura":"FB","nm_subprefeitura":"Freguesia Do Ó","cd_lote_servico":"4","tx_status_ponto_revitalizado":"Eliminado","dt_atualizacao":"2021-12-08Z","tx_data_referencia":"1º quadrimestre 2021","dc_complemento_endereco":null}},{"type":"Feature","id":"ponto_revitalizado.979","geometry":{"type":"Point","coordinates":[333114.0999,7380718.311]},"geometry_name":"ge_ponto","properties":{"cd_identificador_ponto_revitalizado":979,"nm_endereco":"Rua João Gaspar Simões, 45","sg_subprefeitura":"AD","nm_subprefeitura":"Cidade Ademar","cd_lote_servico":"3","tx_status_ponto_revitalizado":"Revitalizado","dt_atualizacao":"2021-12-08Z","tx_data_referencia":"1º quadrimestre 2021","dc_complemento_endereco":null}},{"type":"Feature","id":"ponto_revitalizado.980","geometry":{"type":"Point","coordinates":[328396.9276,7375704.033]},"geometry_name":"ge_ponto","properties":{"cd_identificador_ponto_revitalizado":980,"nm_endereco":"Rua João Grossi & Rua Nova Britânia","sg_subprefeitura":"CS","nm_subprefeitura":"Capela Do Socorro","cd_lote_servico":"6","tx_status_ponto_revitalizado":"Revitalizado","dt_atualizacao":"2021-12-08Z","tx_data_referencia":"1º quadrimestre 2021","dc_complemento_endereco":null}},{"type":"Feature","id":"ponto_revitalizado.981","geometry":{"type":"Point","coordinates":[335308.7926,7387952.7903]},"geometry_name":"ge_ponto","properties":{"cd_identificador_ponto_revitalizado":981,"nm_endereco":"Rua João Mafra & Rua Angaíba","sg_subprefeitura":"IP","nm_subprefeitura":"Ipiranga","cd_lote_servico":"3","tx_status_ponto_revitalizado":"Revitalizado","dt_atualizacao":"2021-12-08Z","tx_data_referencia":"1º quadrimestre 2021","dc_complemento_endereco":null}},{"type":"Feature","id":"ponto_revitalizado.982","geometry":{"type":"Point","coordinates":[332122.3513,7382393.1449]},"geometry_name":"ge_ponto","properties":{"cd_identificador_ponto_revitalizado":982,"nm_endereco":"Avenida João Maria de Almeida","sg_subprefeitura":"JA","nm_subprefeitura":"Jabaquara","cd_lote_servico":"3","tx_status_ponto_revitalizado":"Revitalizado","dt_atualizacao":"2021-12-08Z","tx_data_referencia":"1º quadrimestre 2021","dc_complemento_endereco":null}},{"type":"Feature","id":"ponto_revitalizado.983","geometry":{"type":"Point","coordinates":[333463.0252,7380953.2331]},"geometry_name":"ge_ponto","properties":{"cd_identificador_ponto_revitalizado":983,"nm_endereco":"Rua João Pedro Ribeiro, 462","sg_subprefeitura":"JA","nm_subprefeitura":"Jabaquara","cd_lote_servico":"3","tx_status_ponto_revitalizado":"Revitalizado","dt_atualizacao":"2021-12-08Z","tx_data_referencia":"1º quadrimestre 2021","dc_complemento_endereco":null}},{"type":"Feature","id":"ponto_revitalizado.984","geometry":{"type":"Point","coordinates":[327415.2838,7404376.0107]},"geometry_name":"ge_ponto","properties":{"cd_identificador_ponto_revitalizado":984,"nm_endereco":"Rua João Pinto de Oliveira & Rua Manoel Nascimento Pinto","sg_subprefeitura":"FB","nm_subprefeitura":"Freguesia Do Ó","cd_lote_servico":"4","tx_status_ponto_revitalizado":"Eliminado","dt_atualizacao":"2021-12-08Z","tx_data_referencia":"1º quadrimestre 2021","dc_complemento_endereco":null}},{"type":"Feature","id":"ponto_revitalizado.985","geometry":{"type":"Point","coordinates":[318117.6853,7379432.6628]},"geometry_name":"ge_ponto","properties":{"cd_identificador_ponto_revitalizado":985,"nm_endereco":"Rua João Robalo, 66A","sg_subprefeitura":"CL","nm_subprefeitura":"Campo Limpo","cd_lote_servico":"6","tx_status_ponto_revitalizado":"Revitalizado","dt_atualizacao":"2021-12-08Z","tx_data_referencia":"1º quadrimestre 2021","dc_complemento_endereco":null}},{"type":"Feature","id":"ponto_revitalizado.986","geometry":{"type":"Point","coordinates":[330872.6242,7402326.7464]},"geometry_name":"ge_ponto","properties":{"cd_identificador_ponto_revitalizado":986,"nm_endereco":"Rua João Roque, 40","sg_subprefeitura":"CV","nm_subprefeitura":"Casa Verde","cd_lote_servico":"4","tx_status_ponto_revitalizado":"Revitalizado","dt_atualizacao":"2021-12-08Z","tx_data_referencia":"1º quadrimestre 2021","dc_complemento_endereco":null}},{"type":"Feature","id":"ponto_revitalizado.987","geometry":{"type":"Point","coordinates":[328992.8268,7380238.8236]},"geometry_name":"ge_ponto","properties":{"cd_identificador_ponto_revitalizado":987,"nm_endereco":"Rua João Scatamachia","sg_subprefeitura":"SA","nm_subprefeitura":"Santo Amaro","cd_lote_servico":"6","tx_status_ponto_revitalizado":"Revitalizado","dt_atualizacao":"2021-12-08Z","tx_data_referencia":"1º quadrimestre 2021","dc_complemento_endereco":null}},{"type":"Feature","id":"ponto_revitalizado.988","geometry":{"type":"Point","coordinates":[336139.6682,7397157.3929]},"geometry_name":"ge_ponto","properties":{"cd_identificador_ponto_revitalizado":988,"nm_endereco":"Rua João Singilo","sg_subprefeitura":"MO","nm_subprefeitura":"Mooca","cd_lote_servico":"2","tx_status_ponto_revitalizado":"Revitalizado","dt_atualizacao":"2021-12-08Z","tx_data_referencia":"1º quadrimestre 2021","dc_complemento_endereco":null}},{"type":"Feature","id":"ponto_revitalizado.989","geometry":{"type":"Point","coordinates":[329568.5753,7380497.2214]},"geometry_name":"ge_ponto","properties":{"cd_identificador_ponto_revitalizado":989,"nm_endereco":"Rua João Timotéo Burato & Rua Calil Abutara","sg_subprefeitura":"SA","nm_subprefeitura":"Santo Amaro","cd_lote_servico":"6","tx_status_ponto_revitalizado":"Revitalizado","dt_atualizacao":"2021-12-08Z","tx_data_referencia":"1º quadrimestre 2021","dc_complemento_endereco":null}},{"type":"Feature","id":"ponto_revitalizado.990","geometry":{"type":"Point","coordinates":[336361.8622,7398832.5426]},"geometry_name":"ge_ponto","properties":{"cd_identificador_ponto_revitalizado":990,"nm_endereco":"Rua João Veloso Filho, 298","sg_subprefeitura":"MG","nm_subprefeitura":"Vila Maria-Vila Guilherme","cd_lote_servico":"4","tx_status_ponto_revitalizado":"Revitalizado","dt_atualizacao":"2021-12-08Z","tx_data_referencia":"1º quadrimestre 2021","dc_complemento_endereco":null}},{"type":"Feature","id":"ponto_revitalizado.991","geometry":{"type":"Point","coordinates":[332630.5799,7381668.0161]},"geometry_name":"ge_ponto","properties":{"cd_identificador_ponto_revitalizado":991,"nm_endereco":"Rua João Xavier de Matos & Rua Hugo Vitor da Silva","sg_subprefeitura":"JA","nm_subprefeitura":"Jabaquara","cd_lote_servico":"3","tx_status_ponto_revitalizado":"Revitalizado","dt_atualizacao":"2021-12-08Z","tx_data_referencia":"1º quadrimestre 2021","dc_complemento_endereco":null}},{"type":"Feature","id":"ponto_revitalizado.992","geometry":{"type":"Point","coordinates":[326716.4051,7382385.1734]},"geometry_name":"ge_ponto","properties":{"cd_identificador_ponto_revitalizado":992,"nm_endereco":"Rua Joaquim Anselmo de Oliveira","sg_subprefeitura":"SA","nm_subprefeitura":"Santo Amaro","cd_lote_servico":"6","tx_status_ponto_revitalizado":"Revitalizado","dt_atualizacao":"2021-12-08Z","tx_data_referencia":"1º quadrimestre 2021","dc_complemento_endereco":null}},{"type":"Feature","id":"ponto_revitalizado.993","geometry":{"type":"Point","coordinates":[321840.8143,7401137.7063]},"geometry_name":"ge_ponto","properties":{"cd_identificador_ponto_revitalizado":993,"nm_endereco":"Rua Joaquim de Oliveira Freitas, 2000","sg_subprefeitura":"PJ","nm_subprefeitura":"Pirituba-Jaragua","cd_lote_servico":"5","tx_status_ponto_revitalizado":"Revitalizado","dt_atualizacao":"2021-12-08Z","tx_data_referencia":"1º quadrimestre 2021","dc_complemento_endereco":null}},{"type":"Feature","id":"ponto_revitalizado.994","geometry":{"type":"Point","coordinates":[325676.9356,7404638.2505]},"geometry_name":"ge_ponto","properties":{"cd_identificador_ponto_revitalizado":994,"nm_endereco":"Rua Joaquim de Sousa Brito & Rua Aparecida do Taboado","sg_subprefeitura":"FB","nm_subprefeitura":"Freguesia Do Ó","cd_lote_servico":"4","tx_status_ponto_revitalizado":"Revitalizado","dt_atualizacao":"2021-12-08Z","tx_data_referencia":"1º quadrimestre 2021","dc_complemento_endereco":null}},{"type":"Feature","id":"ponto_revitalizado.995","geometry":{"type":"Point","coordinates":[348641.0064,7388969.0801]},"geometry_name":"ge_ponto","properties":{"cd_identificador_ponto_revitalizado":995,"nm_endereco":"Rua Joaquim Gouvêia Franco, 664","sg_subprefeitura":"SM","nm_subprefeitura":"São Mateus","cd_lote_servico":"1","tx_status_ponto_revitalizado":"Revitalizado","dt_atualizacao":"2021-12-08Z","tx_data_referencia":"1º quadrimestre 2021","dc_complemento_endereco":null}},{"type":"Feature","id":"ponto_revitalizado.996","geometry":{"type":"Point","coordinates":[344064.3186,7396671.3326]},"geometry_name":"ge_ponto","properties":{"cd_identificador_ponto_revitalizado":996,"nm_endereco":"Rua Joaquim Marra, 120","sg_subprefeitura":"PE","nm_subprefeitura":"Penha","cd_lote_servico":"4","tx_status_ponto_revitalizado":"Revitalizado","dt_atualizacao":"2021-12-08Z","tx_data_referencia":"1º quadrimestre 2021","dc_complemento_endereco":null}},{"type":"Feature","id":"ponto_revitalizado.997","geometry":{"type":"Point","coordinates":[344225.8476,7396701.1812]},"geometry_name":"ge_ponto","properties":{"cd_identificador_ponto_revitalizado":997,"nm_endereco":"Rua Joaquim Marra, 300","sg_subprefeitura":"PE","nm_subprefeitura":"Penha","cd_lote_servico":"4","tx_status_ponto_revitalizado":"Revitalizado","dt_atualizacao":"2021-12-08Z","tx_data_referencia":"1º quadrimestre 2021","dc_complemento_endereco":null}},{"type":"Feature","id":"ponto_revitalizado.998","geometry":{"type":"Point","coordinates":[348632.2123,7392506.9684]},"geometry_name":"ge_ponto","properties":{"cd_identificador_ponto_revitalizado":998,"nm_endereco":"Rua Joaquim Meira de Siqueira, 18","sg_subprefeitura":"IQ","nm_subprefeitura":"Itaquera","cd_lote_servico":"1","tx_status_ponto_revitalizado":"Revitalizado","dt_atualizacao":"2021-12-08Z","tx_data_referencia":"1º quadrimestre 2021","dc_complemento_endereco":null}},{"type":"Feature","id":"ponto_revitalizado.999","geometry":{"type":"Point","coordinates":[334022.527,7393078.1437]},"geometry_name":"ge_ponto","properties":{"cd_identificador_ponto_revitalizado":999,"nm_endereco":"Rua Joaquim Piza, 114","sg_subprefeitura":"SE","nm_subprefeitura":"Sé","cd_lote_servico":"2","tx_status_ponto_revitalizado":"Revitalizado","dt_atualizacao":"2021-12-08Z","tx_data_referencia":"1º quadrimestre 2021","dc_complemento_endereco":null}},{"type":"Feature","id":"ponto_revitalizado.1000","geometry":{"type":"Point","coordinates":[330610.7874,7384116.7129]},"geometry_name":"ge_ponto","properties":{"cd_identificador_ponto_revitalizado":1000,"nm_endereco":"Rua Jorge Duprat Figueiredo, 581","sg_subprefeitura":"JA","nm_subprefeitura":"Jabaquara","cd_lote_servico":"3","tx_status_ponto_revitalizado":"Revitalizado","dt_atualizacao":"2021-12-08Z","tx_data_referencia":"1º quadrimestre 2021","dc_complemento_endereco":null}},{"type":"Feature","id":"ponto_revitalizado.1001","geometry":{"type":"Point","coordinates":[330545.4293,7384033.9936]},"geometry_name":"ge_ponto","properties":{"cd_identificador_ponto_revitalizado":1001,"nm_endereco":"Rua Jorge Duprat Figueredo, 693","sg_subprefeitura":"JA","nm_subprefeitura":"Jabaquara","cd_lote_servico":"3","tx_status_ponto_revitalizado":"Revitalizado","dt_atualizacao":"2021-12-08Z","tx_data_referencia":"1º quadrimestre 2021","dc_complemento_endereco":null}},{"type":"Feature","id":"ponto_revitalizado.1002","geometry":{"type":"Point","coordinates":[322705.728,7382607.7965]},"geometry_name":"ge_ponto","properties":{"cd_identificador_ponto_revitalizado":1002,"nm_endereco":"Rua Jorge Fares, 15","sg_subprefeitura":"MB","nm_subprefeitura":"M'Boi Mirim","cd_lote_servico":"6","tx_status_ponto_revitalizado":"Revitalizado","dt_atualizacao":"2021-12-08Z","tx_data_referencia":"1º quadrimestre 2021","dc_complemento_endereco":null}},{"type":"Feature","id":"ponto_revitalizado.1003","geometry":{"type":"Point","coordinates":[324862.5996,7383603.3766]},"geometry_name":"ge_ponto","properties":{"cd_identificador_ponto_revitalizado":1003,"nm_endereco":"Rua José Abrantes","sg_subprefeitura":"SA","nm_subprefeitura":"Santo Amaro","cd_lote_servico":"6","tx_status_ponto_revitalizado":"Revitalizado","dt_atualizacao":"2021-12-08Z","tx_data_referencia":"1º quadrimestre 2021","dc_complemento_endereco":null}},{"type":"Feature","id":"ponto_revitalizado.1004","geometry":{"type":"Point","coordinates":[329607.187,7398685.8103]},"geometry_name":"ge_ponto","properties":{"cd_identificador_ponto_revitalizado":1004,"nm_endereco":"Rua José Amato","sg_subprefeitura":"CV","nm_subprefeitura":"Casa Verde","cd_lote_servico":"4","tx_status_ponto_revitalizado":"Revitalizado","dt_atualizacao":"2021-12-08Z","tx_data_referencia":"1º quadrimestre 2021","dc_complemento_endereco":null}},{"type":"Feature","id":"ponto_revitalizado.1005","geometry":{"type":"Point","coordinates":[329300.0712,7382342.6011]},"geometry_name":"ge_ponto","properties":{"cd_identificador_ponto_revitalizado":1005,"nm_endereco":"Rua José Antonio Martins & Rua João Gomes Batista","sg_subprefeitura":"AD","nm_subprefeitura":"Cidade Ademar","cd_lote_servico":"3","tx_status_ponto_revitalizado":"Revitalizado","dt_atualizacao":"2021-12-08Z","tx_data_referencia":"1º quadrimestre 2021","dc_complemento_endereco":null}},{"type":"Feature","id":"ponto_revitalizado.1006","geometry":{"type":"Point","coordinates":[322856.6846,7382066.2447]},"geometry_name":"ge_ponto","properties":{"cd_identificador_ponto_revitalizado":1006,"nm_endereco":"Rua José Barros Magaldi & Rua Guilherme Valente","sg_subprefeitura":"MB","nm_subprefeitura":"M'Boi Mirim","cd_lote_servico":"6","tx_status_ponto_revitalizado":"Revitalizado","dt_atualizacao":"2021-12-08Z","tx_data_referencia":"1º quadrimestre 2021","dc_complemento_endereco":null}},{"type":"Feature","id":"ponto_revitalizado.1007","geometry":{"type":"Point","coordinates":[317239.7784,7382846.7966]},"geometry_name":"ge_ponto","properties":{"cd_identificador_ponto_revitalizado":1007,"nm_endereco":"Rua José Botelho Carvalho, 323","sg_subprefeitura":"CL","nm_subprefeitura":"Campo Limpo","cd_lote_servico":"6","tx_status_ponto_revitalizado":"Revitalizado","dt_atualizacao":"2021-12-08Z","tx_data_referencia":"1º quadrimestre 2021","dc_complemento_endereco":null}},{"type":"Feature","id":"ponto_revitalizado.1008","geometry":{"type":"Point","coordinates":[346139.2922,7399844.3206]},"geometry_name":"ge_ponto","properties":{"cd_identificador_ponto_revitalizado":1008,"nm_endereco":"Rua José da Penha & Rua São José do Campestre","sg_subprefeitura":"PE","nm_subprefeitura":"Penha","cd_lote_servico":"4","tx_status_ponto_revitalizado":"Revitalizado","dt_atualizacao":"2021-12-08Z","tx_data_referencia":"1º quadrimestre 2021","dc_complemento_endereco":null}},{"type":"Feature","id":"ponto_revitalizado.1009","geometry":{"type":"Point","coordinates":[334172.0015,7386058.2174]},"geometry_name":"ge_ponto","properties":{"cd_identificador_ponto_revitalizado":1009,"nm_endereco":"Rua José da Rocha Mendes Filho, 236","sg_subprefeitura":"IP","nm_subprefeitura":"Ipiranga","cd_lote_servico":"3","tx_status_ponto_revitalizado":"Revitalizado","dt_atualizacao":"2021-12-08Z","tx_data_referencia":"1º quadrimestre 2021","dc_complemento_endereco":null}},{"type":"Feature","id":"ponto_revitalizado.1010","geometry":{"type":"Point","coordinates":[333178.6592,7380221.2094]},"geometry_name":"ge_ponto","properties":{"cd_identificador_ponto_revitalizado":1010,"nm_endereco":"Rua José de Afonseca & Rua Francisco de Alvarenga","sg_subprefeitura":"AD","nm_subprefeitura":"Cidade Ademar","cd_lote_servico":"3","tx_status_ponto_revitalizado":"Revitalizado","dt_atualizacao":"2021-12-08Z","tx_data_referencia":"1º quadrimestre 2021","dc_complemento_endereco":null}},{"type":"Feature","id":"ponto_revitalizado.1011","geometry":{"type":"Point","coordinates":[345210.7728,7391533.1164]},"geometry_name":"ge_ponto","properties":{"cd_identificador_ponto_revitalizado":1011,"nm_endereco":"Rua José de Barros Lima","sg_subprefeitura":"AF","nm_subprefeitura":"Aricanduva","cd_lote_servico":"3","tx_status_ponto_revitalizado":"Revitalizado","dt_atualizacao":"2021-12-08Z","tx_data_referencia":"1º quadrimestre 2021","dc_complemento_endereco":null}},{"type":"Feature","id":"ponto_revitalizado.1012","geometry":{"type":"Point","coordinates":[345265.3246,7391644.6624]},"geometry_name":"ge_ponto","properties":{"cd_identificador_ponto_revitalizado":1012,"nm_endereco":"Rua José de Barros Lima, 167","sg_subprefeitura":"AF","nm_subprefeitura":"Aricanduva","cd_lote_servico":"3","tx_status_ponto_revitalizado":"Revitalizado","dt_atualizacao":"2021-12-08Z","tx_data_referencia":"1º quadrimestre 2021","dc_complemento_endereco":null}},{"type":"Feature","id":"ponto_revitalizado.1013","geometry":{"type":"Point","coordinates":[318287.1075,7383052.1895]},"geometry_name":"ge_ponto","properties":{"cd_identificador_ponto_revitalizado":1013,"nm_endereco":"Rua José de Maistre, 456","sg_subprefeitura":"CL","nm_subprefeitura":"Campo Limpo","cd_lote_servico":"6","tx_status_ponto_revitalizado":"Revitalizado","dt_atualizacao":"2021-12-08Z","tx_data_referencia":"1º quadrimestre 2021","dc_complemento_endereco":null}},{"type":"Feature","id":"ponto_revitalizado.1014","geometry":{"type":"Point","coordinates":[320095.447,7392368.6026]},"geometry_name":"ge_ponto","properties":{"cd_identificador_ponto_revitalizado":1014,"nm_endereco":"Rua José de Patrocínio Waetge, 155","sg_subprefeitura":"BT","nm_subprefeitura":"Butantã","cd_lote_servico":"5","tx_status_ponto_revitalizado":"Revitalizado","dt_atualizacao":"2021-12-08Z","tx_data_referencia":"1º quadrimestre 2021","dc_complemento_endereco":null}},{"type":"Feature","id":"ponto_revitalizado.1015","geometry":{"type":"Point","coordinates":[328923.2397,7386206.5683]},"geometry_name":"ge_ponto","properties":{"cd_identificador_ponto_revitalizado":1015,"nm_endereco":"Rua José dos Santos Junior","sg_subprefeitura":"SA","nm_subprefeitura":"Santo Amaro","cd_lote_servico":"6","tx_status_ponto_revitalizado":"Revitalizado","dt_atualizacao":"2021-12-08Z","tx_data_referencia":"1º quadrimestre 2021","dc_complemento_endereco":null}},{"type":"Feature","id":"ponto_revitalizado.1016","geometry":{"type":"Point","coordinates":[331639.3386,7382415.6982]},"geometry_name":"ge_ponto","properties":{"cd_identificador_ponto_revitalizado":1016,"nm_endereco":"Rua José Estevão de Magalhães, 545","sg_subprefeitura":"JA","nm_subprefeitura":"Jabaquara","cd_lote_servico":"3","tx_status_ponto_revitalizado":"Revitalizado","dt_atualizacao":"2021-12-08Z","tx_data_referencia":"1º quadrimestre 2021","dc_complemento_endereco":null}},{"type":"Feature","id":"ponto_revitalizado.1017","geometry":{"type":"Point","coordinates":[353897.23,7397650.0228]},"geometry_name":"ge_ponto","properties":{"cd_identificador_ponto_revitalizado":1017,"nm_endereco":"Rua José Filgueira, 27B","sg_subprefeitura":"G","nm_subprefeitura":"Guaianases","cd_lote_servico":"1","tx_status_ponto_revitalizado":"Revitalizado, Reativado","dt_atualizacao":"2021-12-08Z","tx_data_referencia":"1º quadrimestre 2021","dc_complemento_endereco":null}},{"type":"Feature","id":"ponto_revitalizado.1018","geometry":{"type":"Point","coordinates":[334682.8457,7385615.6904]},"geometry_name":"ge_ponto","properties":{"cd_identificador_ponto_revitalizado":1018,"nm_endereco":"Rua José Gaiba, 10","sg_subprefeitura":"IP","nm_subprefeitura":"Ipiranga","cd_lote_servico":"3","tx_status_ponto_revitalizado":"Revitalizado","dt_atualizacao":"2021-12-08Z","tx_data_referencia":"1º quadrimestre 2021","dc_complemento_endereco":null}},{"type":"Feature","id":"ponto_revitalizado.1019","geometry":{"type":"Point","coordinates":[348896.2605,7396315.994]},"geometry_name":"ge_ponto","properties":{"cd_identificador_ponto_revitalizado":1019,"nm_endereco":"Rua José Giordano (Na Praça)","sg_subprefeitura":"PE","nm_subprefeitura":"Penha","cd_lote_servico":"4","tx_status_ponto_revitalizado":"Revitalizado","dt_atualizacao":"2021-12-08Z","tx_data_referencia":"1º quadrimestre 2021","dc_complemento_endereco":null}},{"type":"Feature","id":"ponto_revitalizado.1020","geometry":{"type":"Point","coordinates":[324774.3335,7383790.7157]},"geometry_name":"ge_ponto","properties":{"cd_identificador_ponto_revitalizado":1020,"nm_endereco":"Rua José Guilger Sobrinho, 249","sg_subprefeitura":"SA","nm_subprefeitura":"Santo Amaro","cd_lote_servico":"6","tx_status_ponto_revitalizado":"Revitalizado","dt_atualizacao":"2021-12-08Z","tx_data_referencia":"1º quadrimestre 2021","dc_complemento_endereco":null}},{"type":"Feature","id":"ponto_revitalizado.1021","geometry":{"type":"Point","coordinates":[328558.7026,7404885.0191]},"geometry_name":"ge_ponto","properties":{"cd_identificador_ponto_revitalizado":1021,"nm_endereco":"Rua José Maria Castro & Rua Miguel Delipari","sg_subprefeitura":"FB","nm_subprefeitura":"Freguesia Do Ó","cd_lote_servico":"4","tx_status_ponto_revitalizado":"Eliminado","dt_atualizacao":"2021-12-08Z","tx_data_referencia":"1º quadrimestre 2021","dc_complemento_endereco":null}},{"type":"Feature","id":"ponto_revitalizado.1022","geometry":{"type":"Point","coordinates":[321706.0918,7386843.1429]},"geometry_name":"ge_ponto","properties":{"cd_identificador_ponto_revitalizado":1022,"nm_endereco":"Rua José Maria Pinto Zilli","sg_subprefeitura":"CL","nm_subprefeitura":"Campo Limpo","cd_lote_servico":"6","tx_status_ponto_revitalizado":"Revitalizado","dt_atualizacao":"2021-12-08Z","tx_data_referencia":"1º quadrimestre 2021","dc_complemento_endereco":null}},{"type":"Feature","id":"ponto_revitalizado.1023","geometry":{"type":"Point","coordinates":[328593.291,7378688.6127]},"geometry_name":"ge_ponto","properties":{"cd_identificador_ponto_revitalizado":1023,"nm_endereco":"Rua José Martins Coelho","sg_subprefeitura":"SA","nm_subprefeitura":"Santo Amaro","cd_lote_servico":"6","tx_status_ponto_revitalizado":"Revitalizado","dt_atualizacao":"2021-12-08Z","tx_data_referencia":"1º quadrimestre 2021","dc_complemento_endereco":null}},{"type":"Feature","id":"ponto_revitalizado.1024","geometry":{"type":"Point","coordinates":[319288.0651,7383041.3863]},"geometry_name":"ge_ponto","properties":{"cd_identificador_ponto_revitalizado":1024,"nm_endereco":"Rua José Máximo Pinheiro de Lima, 287","sg_subprefeitura":"CL","nm_subprefeitura":"Campo Limpo","cd_lote_servico":"6","tx_status_ponto_revitalizado":"Revitalizado","dt_atualizacao":"2021-12-08Z","tx_data_referencia":"1º quadrimestre 2021","dc_complemento_endereco":null}},{"type":"Feature","id":"ponto_revitalizado.1025","geometry":{"type":"Point","coordinates":[332621.4774,7381749.87]},"geometry_name":"ge_ponto","properties":{"cd_identificador_ponto_revitalizado":1025,"nm_endereco":"Rua José Orozco & Rua Waldo Rolim de Morais","sg_subprefeitura":"JA","nm_subprefeitura":"Jabaquara","cd_lote_servico":"3","tx_status_ponto_revitalizado":"Revitalizado","dt_atualizacao":"2021-12-08Z","tx_data_referencia":"1º quadrimestre 2021","dc_complemento_endereco":null}},{"type":"Feature","id":"ponto_revitalizado.1026","geometry":{"type":"Point","coordinates":[328571.4372,7399315.5575]},"geometry_name":"ge_ponto","properties":{"cd_identificador_ponto_revitalizado":1026,"nm_endereco":"Rua José Papaterra Limongi","sg_subprefeitura":"CV","nm_subprefeitura":"Casa Verde","cd_lote_servico":"4","tx_status_ponto_revitalizado":"Revitalizado","dt_atualizacao":"2021-12-08Z","tx_data_referencia":"1º quadrimestre 2021","dc_complemento_endereco":null}},{"type":"Feature","id":"ponto_revitalizado.1027","geometry":{"type":"Point","coordinates":[324695.4247,7363994.6923]},"geometry_name":"ge_ponto","properties":{"cd_identificador_ponto_revitalizado":1027,"nm_endereco":"Rua José Pedro de Borba, 104","sg_subprefeitura":"PA","nm_subprefeitura":"Parelheiros","cd_lote_servico":"6","tx_status_ponto_revitalizado":"Revitalizado","dt_atualizacao":"2021-12-08Z","tx_data_referencia":"1º quadrimestre 2021","dc_complemento_endereco":null}},{"type":"Feature","id":"ponto_revitalizado.1028","geometry":{"type":"Point","coordinates":[336254.0288,7383356.4654]},"geometry_name":"ge_ponto","properties":{"cd_identificador_ponto_revitalizado":1028,"nm_endereco":"Rua José Pereira Cruz & Rua Euzébio Mário da Silva","sg_subprefeitura":"IP","nm_subprefeitura":"Ipiranga","cd_lote_servico":"3","tx_status_ponto_revitalizado":"Revitalizado","dt_atualizacao":"2021-12-08Z","tx_data_referencia":"1º quadrimestre 2021","dc_complemento_endereco":null}},{"type":"Feature","id":"ponto_revitalizado.1029","geometry":{"type":"Point","coordinates":[336332.6029,7383291.451]},"geometry_name":"ge_ponto","properties":{"cd_identificador_ponto_revitalizado":1029,"nm_endereco":"Rua José Pereira Cruz, 122","sg_subprefeitura":"IP","nm_subprefeitura":"Ipiranga","cd_lote_servico":"3","tx_status_ponto_revitalizado":"Revitalizado","dt_atualizacao":"2021-12-08Z","tx_data_referencia":"1º quadrimestre 2021","dc_complemento_endereco":null}},{"type":"Feature","id":"ponto_revitalizado.1030","geometry":{"type":"Point","coordinates":[336185.713,7383543.4228]},"geometry_name":"ge_ponto","properties":{"cd_identificador_ponto_revitalizado":1030,"nm_endereco":"Rua José Pereira Cruz","sg_subprefeitura":"IP","nm_subprefeitura":"Ipiranga","cd_lote_servico":"3","tx_status_ponto_revitalizado":"Revitalizado","dt_atualizacao":"2021-12-08Z","tx_data_referencia":"1º quadrimestre 2021","dc_complemento_endereco":null}},{"type":"Feature","id":"ponto_revitalizado.1031","geometry":{"type":"Point","coordinates":[355437.9149,7399129.5229]},"geometry_name":"ge_ponto","properties":{"cd_identificador_ponto_revitalizado":1031,"nm_endereco":"Rua José Pessota, 12","sg_subprefeitura":"IT","nm_subprefeitura":"Itaim Paulista","cd_lote_servico":"1","tx_status_ponto_revitalizado":"Revitalizado","dt_atualizacao":"2021-12-08Z","tx_data_referencia":"1º quadrimestre 2021","dc_complemento_endereco":null}},{"type":"Feature","id":"ponto_revitalizado.1032","geometry":{"type":"Point","coordinates":[328311.9273,7402788.2202]},"geometry_name":"ge_ponto","properties":{"cd_identificador_ponto_revitalizado":1032,"nm_endereco":"Rua José Pinto Lima & Praça Jequié","sg_subprefeitura":"FB","nm_subprefeitura":"Freguesia Do Ó","cd_lote_servico":"4","tx_status_ponto_revitalizado":"Revitalizado","dt_atualizacao":"2021-12-08Z","tx_data_referencia":"1º quadrimestre 2021","dc_complemento_endereco":null}},{"type":"Feature","id":"ponto_revitalizado.1033","geometry":{"type":"Point","coordinates":[357112.5113,7388491.5655]},"geometry_name":"ge_ponto","properties":{"cd_identificador_ponto_revitalizado":1033,"nm_endereco":"Rua José Pinto, 09","sg_subprefeitura":"CT","nm_subprefeitura":"Cidade Tiradentes","cd_lote_servico":"1","tx_status_ponto_revitalizado":"Revitalizado","dt_atualizacao":"2021-12-08Z","tx_data_referencia":"1º quadrimestre 2021","dc_complemento_endereco":null}},{"type":"Feature","id":"ponto_revitalizado.1034","geometry":{"type":"Point","coordinates":[323396.204,7368405.1372]},"geometry_name":"ge_ponto","properties":{"cd_identificador_ponto_revitalizado":1034,"nm_endereco":"Rua José Roschel Rodrigues, 1526","sg_subprefeitura":"PA","nm_subprefeitura":"Parelheiros","cd_lote_servico":"6","tx_status_ponto_revitalizado":"Revitalizado","dt_atualizacao":"2021-12-08Z","tx_data_referencia":"1º quadrimestre 2021","dc_complemento_endereco":null}},{"type":"Feature","id":"ponto_revitalizado.1035","geometry":{"type":"Point","coordinates":[325067.4443,7374613.3984]},"geometry_name":"ge_ponto","properties":{"cd_identificador_ponto_revitalizado":1035,"nm_endereco":"Rua José Solana & Rua Cláudio José Nunes","sg_subprefeitura":"CS","nm_subprefeitura":"Capela Do Socorro","cd_lote_servico":"6","tx_status_ponto_revitalizado":"Revitalizado","dt_atualizacao":"2021-12-08Z","tx_data_referencia":"1º quadrimestre 2021","dc_complemento_endereco":null}},{"type":"Feature","id":"ponto_revitalizado.1036","geometry":{"type":"Point","coordinates":[325055.1164,7374621.003]},"geometry_name":"ge_ponto","properties":{"cd_identificador_ponto_revitalizado":1036,"nm_endereco":"Rua José Solana, 637","sg_subprefeitura":"CS","nm_subprefeitura":"Capela Do Socorro","cd_lote_servico":"6","tx_status_ponto_revitalizado":"Revitalizado","dt_atualizacao":"2021-12-08Z","tx_data_referencia":"1º quadrimestre 2021","dc_complemento_endereco":null}},{"type":"Feature","id":"ponto_revitalizado.1037","geometry":{"type":"Point","coordinates":[320450.8623,7378094.6392]},"geometry_name":"ge_ponto","properties":{"cd_identificador_ponto_revitalizado":1037,"nm_endereco":"Rua José Strano, 07","sg_subprefeitura":"MB","nm_subprefeitura":"M'Boi Mirim","cd_lote_servico":"6","tx_status_ponto_revitalizado":"Revitalizado","dt_atualizacao":"2021-12-08Z","tx_data_referencia":"1º quadrimestre 2021","dc_complemento_endereco":null}},{"type":"Feature","id":"ponto_revitalizado.1038","geometry":{"type":"Point","coordinates":[325533.2966,7400878.5993]},"geometry_name":"ge_ponto","properties":{"cd_identificador_ponto_revitalizado":1038,"nm_endereco":"Rua Jotaca & Rua Moinho Velho","sg_subprefeitura":"FB","nm_subprefeitura":"Freguesia Do Ó","cd_lote_servico":"4","tx_status_ponto_revitalizado":"Eliminado","dt_atualizacao":"2021-12-08Z","tx_data_referencia":"1º quadrimestre 2021","dc_complemento_endereco":null}},{"type":"Feature","id":"ponto_revitalizado.1039","geometry":{"type":"Point","coordinates":[352142.6639,7395561.7523]},"geometry_name":"ge_ponto","properties":{"cd_identificador_ponto_revitalizado":1039,"nm_endereco":"Rua Joviânia, 70","sg_subprefeitura":"IQ","nm_subprefeitura":"Itaquera","cd_lote_servico":"1","tx_status_ponto_revitalizado":"Revitalizado","dt_atualizacao":"2021-12-08Z","tx_data_referencia":"1º quadrimestre 2021","dc_complemento_endereco":null}},{"type":"Feature","id":"ponto_revitalizado.1040","geometry":{"type":"Point","coordinates":[335613.855,7383535.4286]},"geometry_name":"ge_ponto","properties":{"cd_identificador_ponto_revitalizado":1040,"nm_endereco":"Rua Juca Ferreira","sg_subprefeitura":"IP","nm_subprefeitura":"Ipiranga","cd_lote_servico":"3","tx_status_ponto_revitalizado":"Revitalizado","dt_atualizacao":"2021-12-08Z","tx_data_referencia":"1º quadrimestre 2021","dc_complemento_endereco":null}},{"type":"Feature","id":"ponto_revitalizado.1041","geometry":{"type":"Point","coordinates":[317847.2847,7389585.0074]},"geometry_name":"ge_ponto","properties":{"cd_identificador_ponto_revitalizado":1041,"nm_endereco":"Rua Juliante Vigna, 14","sg_subprefeitura":"BT","nm_subprefeitura":"Butantã","cd_lote_servico":"5","tx_status_ponto_revitalizado":"Revitalizado","dt_atualizacao":"2021-12-08Z","tx_data_referencia":"1º quadrimestre 2021","dc_complemento_endereco":null}},{"type":"Feature","id":"ponto_revitalizado.1042","geometry":{"type":"Point","coordinates":[329462.5408,7397178.5339]},"geometry_name":"ge_ponto","properties":{"cd_identificador_ponto_revitalizado":1042,"nm_endereco":"Rua Julio Gonzalez & Rua Professor Abrahão Berezin","sg_subprefeitura":"LA","nm_subprefeitura":"Lapa","cd_lote_servico":"5","tx_status_ponto_revitalizado":"Revitalizado","dt_atualizacao":"2021-12-08Z","tx_data_referencia":"1º quadrimestre 2021","dc_complemento_endereco":null}},{"type":"Feature","id":"ponto_revitalizado.1043","geometry":{"type":"Point","coordinates":[325271.048,7383857.0463]},"geometry_name":"ge_ponto","properties":{"cd_identificador_ponto_revitalizado":1043,"nm_endereco":"Rua Jupi","sg_subprefeitura":"SA","nm_subprefeitura":"Santo Amaro","cd_lote_servico":"6","tx_status_ponto_revitalizado":"Revitalizado","dt_atualizacao":"2021-12-08Z","tx_data_referencia":"1º quadrimestre 2021","dc_complemento_endereco":null}},{"type":"Feature","id":"ponto_revitalizado.1044","geometry":{"type":"Point","coordinates":[321023.8775,7409346.018]},"geometry_name":"ge_ponto","properties":{"cd_identificador_ponto_revitalizado":1044,"nm_endereco":"Rua Juriti","sg_subprefeitura":"PR","nm_subprefeitura":"Perus-Anhanguera","cd_lote_servico":"5","tx_status_ponto_revitalizado":"Revitalizado","dt_atualizacao":"2021-12-08Z","tx_data_referencia":"1º quadrimestre 2021","dc_complemento_endereco":null}},{"type":"Feature","id":"ponto_revitalizado.1045","geometry":{"type":"Point","coordinates":[340479.8741,7388979.3003]},"geometry_name":"ge_ponto","properties":{"cd_identificador_ponto_revitalizado":1045,"nm_endereco":"Rua Justiniano","sg_subprefeitura":"VP","nm_subprefeitura":"Vila Prudente","cd_lote_servico":"3","tx_status_ponto_revitalizado":"Revitalizado","dt_atualizacao":"2021-12-08Z","tx_data_referencia":"1º quadrimestre 2021","dc_complemento_endereco":null}},{"type":"Feature","id":"ponto_revitalizado.1046","geometry":{"type":"Point","coordinates":[340137.3445,7388524.2475]},"geometry_name":"ge_ponto","properties":{"cd_identificador_ponto_revitalizado":1046,"nm_endereco":"Rua Justiniano & Rua São Raimundo","sg_subprefeitura":"VP","nm_subprefeitura":"Vila Prudente","cd_lote_servico":"3","tx_status_ponto_revitalizado":"Revitalizado","dt_atualizacao":"2021-12-08Z","tx_data_referencia":"1º quadrimestre 2021","dc_complemento_endereco":null}},{"type":"Feature","id":"ponto_revitalizado.1047","geometry":{"type":"Point","coordinates":[326009.8545,7370653.11]},"geometry_name":"ge_ponto","properties":{"cd_identificador_ponto_revitalizado":1047,"nm_endereco":"Rua Juvenal de Jerusalém, 86","sg_subprefeitura":"CS","nm_subprefeitura":"Capela Do Socorro","cd_lote_servico":"6","tx_status_ponto_revitalizado":"Revitalizado","dt_atualizacao":"2021-12-08Z","tx_data_referencia":"1º quadrimestre 2021","dc_complemento_endereco":null}},{"type":"Feature","id":"ponto_revitalizado.1048","geometry":{"type":"Point","coordinates":[337030.3405,7394186.3674]},"geometry_name":"ge_ponto","properties":{"cd_identificador_ponto_revitalizado":1048,"nm_endereco":"Rua Juvenal Parada, 72","sg_subprefeitura":"MO","nm_subprefeitura":"Mooca","cd_lote_servico":"2","tx_status_ponto_revitalizado":"Revitalizado","dt_atualizacao":"2021-12-08Z","tx_data_referencia":"1º quadrimestre 2021","dc_complemento_endereco":null}},{"type":"Feature","id":"ponto_revitalizado.1049","geometry":{"type":"Point","coordinates":[341504.2479,7398296.6533]},"geometry_name":"ge_ponto","properties":{"cd_identificador_ponto_revitalizado":1049,"nm_endereco":"Rua Kampala","sg_subprefeitura":"PE","nm_subprefeitura":"Penha","cd_lote_servico":"4","tx_status_ponto_revitalizado":"Revitalizado","dt_atualizacao":"2021-12-08Z","tx_data_referencia":"1º quadrimestre 2021","dc_complemento_endereco":null}},{"type":"Feature","id":"ponto_revitalizado.1050","geometry":{"type":"Point","coordinates":[325313.6114,7383745.1369]},"geometry_name":"ge_ponto","properties":{"cd_identificador_ponto_revitalizado":1050,"nm_endereco":"Rua La Paz & Rua Plácido Vieira","sg_subprefeitura":"SA","nm_subprefeitura":"Santo Amaro","cd_lote_servico":"6","tx_status_ponto_revitalizado":"Revitalizado","dt_atualizacao":"2021-12-08Z","tx_data_referencia":"1º quadrimestre 2021","dc_complemento_endereco":null}},{"type":"Feature","id":"ponto_revitalizado.1051","geometry":{"type":"Point","coordinates":[330333.1308,7384793.8537]},"geometry_name":"ge_ponto","properties":{"cd_identificador_ponto_revitalizado":1051,"nm_endereco":"Rua Lacônia & Avenida Doutor Lino de Morais Leme","sg_subprefeitura":"SA","nm_subprefeitura":"Santo Amaro","cd_lote_servico":"6","tx_status_ponto_revitalizado":"Revitalizado","dt_atualizacao":"2021-12-08Z","tx_data_referencia":"1º quadrimestre 2021","dc_complemento_endereco":null}},{"type":"Feature","id":"ponto_revitalizado.1052","geometry":{"type":"Point","coordinates":[333300.8469,7395245.7828]},"geometry_name":"ge_ponto","properties":{"cd_identificador_ponto_revitalizado":1052,"nm_endereco":"Rua Ladeira Porto Geral & Rua Varnhagen","sg_subprefeitura":"SE","nm_subprefeitura":"Sé","cd_lote_servico":"2","tx_status_ponto_revitalizado":"Eliminado","dt_atualizacao":"2021-12-08Z","tx_data_referencia":"1º quadrimestre 2021","dc_complemento_endereco":null}},{"type":"Feature","id":"ponto_revitalizado.1053","geometry":{"type":"Point","coordinates":[331292.6649,7384653.9247]},"geometry_name":"ge_ponto","properties":{"cd_identificador_ponto_revitalizado":1053,"nm_endereco":"Rua Laércio Neves, 306","sg_subprefeitura":"SA","nm_subprefeitura":"Santo Amaro","cd_lote_servico":"6","tx_status_ponto_revitalizado":"Revitalizado","dt_atualizacao":"2021-12-08Z","tx_data_referencia":"1º quadrimestre 2021","dc_complemento_endereco":null}},{"type":"Feature","id":"ponto_revitalizado.1054","geometry":{"type":"Point","coordinates":[352735.1784,7395467.1709]},"geometry_name":"ge_ponto","properties":{"cd_identificador_ponto_revitalizado":1054,"nm_endereco":"Rua Lagoa da Barra & Rua Professor Brito Machado","sg_subprefeitura":"IQ","nm_subprefeitura":"Itaquera","cd_lote_servico":"1","tx_status_ponto_revitalizado":"Revitalizado","dt_atualizacao":"2021-12-08Z","tx_data_referencia":"1º quadrimestre 2021","dc_complemento_endereco":null}},{"type":"Feature","id":"ponto_revitalizado.1055","geometry":{"type":"Point","coordinates":[326127.8436,7372620.4018]},"geometry_name":"ge_ponto","properties":{"cd_identificador_ponto_revitalizado":1055,"nm_endereco":"Rua Lagoa da Tocha, 731","sg_subprefeitura":"CS","nm_subprefeitura":"Capela Do Socorro","cd_lote_servico":"6","tx_status_ponto_revitalizado":"Revitalizado","dt_atualizacao":"2021-12-08Z","tx_data_referencia":"1º quadrimestre 2021","dc_complemento_endereco":null}},{"type":"Feature","id":"ponto_revitalizado.1056","geometry":{"type":"Point","coordinates":[346247.9862,7401069.7483]},"geometry_name":"ge_ponto","properties":{"cd_identificador_ponto_revitalizado":1056,"nm_endereco":"Rua Lagoa de Dentro & Rua São José do Ribamar","sg_subprefeitura":"PE","nm_subprefeitura":"Penha","cd_lote_servico":"4","tx_status_ponto_revitalizado":"Revitalizado","dt_atualizacao":"2021-12-08Z","tx_data_referencia":"1º quadrimestre 2021","dc_complemento_endereco":null}},{"type":"Feature","id":"ponto_revitalizado.1057","geometry":{"type":"Point","coordinates":[351066.7012,7394762.6831]},"geometry_name":"ge_ponto","properties":{"cd_identificador_ponto_revitalizado":1057,"nm_endereco":"Rua Lagoa Taí Grande","sg_subprefeitura":"IQ","nm_subprefeitura":"Itaquera","cd_lote_servico":"1","tx_status_ponto_revitalizado":"Revitalizado","dt_atualizacao":"2021-12-08Z","tx_data_referencia":"1º quadrimestre 2021","dc_complemento_endereco":null}},{"type":"Feature","id":"ponto_revitalizado.1058","geometry":{"type":"Point","coordinates":[351645.9014,7394408.3187]},"geometry_name":"ge_ponto","properties":{"cd_identificador_ponto_revitalizado":1058,"nm_endereco":"Rua Lagoa Taí Grande, 973","sg_subprefeitura":"IQ","nm_subprefeitura":"Itaquera","cd_lote_servico":"1","tx_status_ponto_revitalizado":"Revitalizado","dt_atualizacao":"2021-12-08Z","tx_data_referencia":"1º quadrimestre 2021","dc_complemento_endereco":null}},{"type":"Feature","id":"ponto_revitalizado.1059","geometry":{"type":"Point","coordinates":[319027.8272,7383300.6609]},"geometry_name":"ge_ponto","properties":{"cd_identificador_ponto_revitalizado":1059,"nm_endereco":"Rua Lanzarote, 65","sg_subprefeitura":"CL","nm_subprefeitura":"Campo Limpo","cd_lote_servico":"6","tx_status_ponto_revitalizado":"Revitalizado","dt_atualizacao":"2021-12-08Z","tx_data_referencia":"1º quadrimestre 2021","dc_complemento_endereco":null}},{"type":"Feature","id":"ponto_revitalizado.1060","geometry":{"type":"Point","coordinates":[332973.6665,7393834.9378]},"geometry_name":"ge_ponto","properties":{"cd_identificador_ponto_revitalizado":1060,"nm_endereco":"Rua Largo da Pólvora & Avenida Liberdade","sg_subprefeitura":"SE","nm_subprefeitura":"Sé","cd_lote_servico":"2","tx_status_ponto_revitalizado":"Revitalizado","dt_atualizacao":"2021-12-08Z","tx_data_referencia":"1º quadrimestre 2021","dc_complemento_endereco":null}},{"type":"Feature","id":"ponto_revitalizado.1061","geometry":{"type":"Point","coordinates":[325471.5393,7374384.8943]},"geometry_name":"ge_ponto","properties":{"cd_identificador_ponto_revitalizado":1061,"nm_endereco":"Rua Laszlo Zinner, 52","sg_subprefeitura":"CS","nm_subprefeitura":"Capela Do Socorro","cd_lote_servico":"6","tx_status_ponto_revitalizado":"Revitalizado","dt_atualizacao":"2021-12-08Z","tx_data_referencia":"1º quadrimestre 2021","dc_complemento_endereco":null}},{"type":"Feature","id":"ponto_revitalizado.1062","geometry":{"type":"Point","coordinates":[345975.9125,7391902.3453]},"geometry_name":"ge_ponto","properties":{"cd_identificador_ponto_revitalizado":1062,"nm_endereco":"Rua Lateral","sg_subprefeitura":"AF","nm_subprefeitura":"Aricanduva","cd_lote_servico":"3","tx_status_ponto_revitalizado":"Revitalizado","dt_atualizacao":"2021-12-08Z","tx_data_referencia":"1º quadrimestre 2021","dc_complemento_endereco":null}},{"type":"Feature","id":"ponto_revitalizado.1063","geometry":{"type":"Point","coordinates":[333678.2301,7393557.6671]},"geometry_name":"ge_ponto","properties":{"cd_identificador_ponto_revitalizado":1063,"nm_endereco":"Rua Lavapés","sg_subprefeitura":"SE","nm_subprefeitura":"Sé","cd_lote_servico":"2","tx_status_ponto_revitalizado":"Revitalizado","dt_atualizacao":"2021-12-08Z","tx_data_referencia":"1º quadrimestre 2021","dc_complemento_endereco":null}},{"type":"Feature","id":"ponto_revitalizado.1064","geometry":{"type":"Point","coordinates":[335908.4813,7403849.8933]},"geometry_name":"ge_ponto","properties":{"cd_identificador_ponto_revitalizado":1064,"nm_endereco":"Rua Lavinia Pacheco e Silva, 01","sg_subprefeitura":"ST","nm_subprefeitura":"Santana-Tucuruvi","cd_lote_servico":"4","tx_status_ponto_revitalizado":"Revitalizado","dt_atualizacao":"2021-12-08Z","tx_data_referencia":"1º quadrimestre 2021","dc_complemento_endereco":null}},{"type":"Feature","id":"ponto_revitalizado.1065","geometry":{"type":"Point","coordinates":[330342.9256,7396642.1855]},"geometry_name":"ge_ponto","properties":{"cd_identificador_ponto_revitalizado":1065,"nm_endereco":"Rua Lavradio","sg_subprefeitura":"LA","nm_subprefeitura":"Lapa","cd_lote_servico":"5","tx_status_ponto_revitalizado":"Revitalizado","dt_atualizacao":"2021-12-08Z","tx_data_referencia":"1º quadrimestre 2021","dc_complemento_endereco":null}},{"type":"Feature","id":"ponto_revitalizado.1066","geometry":{"type":"Point","coordinates":[353204.6644,7401141.9909]},"geometry_name":"ge_ponto","properties":{"cd_identificador_ponto_revitalizado":1066,"nm_endereco":"Rua Leon Denis, 32","sg_subprefeitura":"MP","nm_subprefeitura":"São Miguel Paulista","cd_lote_servico":"1","tx_status_ponto_revitalizado":"Revitalizado","dt_atualizacao":"2021-12-08Z","tx_data_referencia":"1º quadrimestre 2021","dc_complemento_endereco":null}},{"type":"Feature","id":"ponto_revitalizado.1067","geometry":{"type":"Point","coordinates":[333070.1595,7380698.4248]},"geometry_name":"ge_ponto","properties":{"cd_identificador_ponto_revitalizado":1067,"nm_endereco":"Rua Leonel Malvezzi, 73","sg_subprefeitura":"AD","nm_subprefeitura":"Cidade Ademar","cd_lote_servico":"3","tx_status_ponto_revitalizado":"Revitalizado","dt_atualizacao":"2021-12-08Z","tx_data_referencia":"1º quadrimestre 2021","dc_complemento_endereco":null}},{"type":"Feature","id":"ponto_revitalizado.1068","geometry":{"type":"Point","coordinates":[336602.3114,7398224.8794]},"geometry_name":"ge_ponto","properties":{"cd_identificador_ponto_revitalizado":1068,"nm_endereco":"Rua Leonor Calles Vicente","sg_subprefeitura":"MG","nm_subprefeitura":"Vila Maria-Vila Guilherme","cd_lote_servico":"4","tx_status_ponto_revitalizado":"Revitalizado","dt_atualizacao":"2021-12-08Z","tx_data_referencia":"1º quadrimestre 2021","dc_complemento_endereco":null}},{"type":"Feature","id":"ponto_revitalizado.1069","geometry":{"type":"Point","coordinates":[346484.209,7395768.6285]},"geometry_name":"ge_ponto","properties":{"cd_identificador_ponto_revitalizado":1069,"nm_endereco":"Rua Leonor Domingues, 171","sg_subprefeitura":"PE","nm_subprefeitura":"Penha","cd_lote_servico":"4","tx_status_ponto_revitalizado":"Revitalizado","dt_atualizacao":"2021-12-08Z","tx_data_referencia":"1º quadrimestre 2021","dc_complemento_endereco":null}},{"type":"Feature","id":"ponto_revitalizado.1070","geometry":{"type":"Point","coordinates":[328108.387,7380942.45]},"geometry_name":"ge_ponto","properties":{"cd_identificador_ponto_revitalizado":1070,"nm_endereco":"Rua Libânio, 34","sg_subprefeitura":"SA","nm_subprefeitura":"Santo Amaro","cd_lote_servico":"6","tx_status_ponto_revitalizado":"Revitalizado","dt_atualizacao":"2021-12-08Z","tx_data_referencia":"1º quadrimestre 2021","dc_complemento_endereco":null}},{"type":"Feature","id":"ponto_revitalizado.1071","geometry":{"type":"Point","coordinates":[323821.5535,7400596.6482]},"geometry_name":"ge_ponto","properties":{"cd_identificador_ponto_revitalizado":1071,"nm_endereco":"Rua Lino Pinto dos Santos, 410","sg_subprefeitura":"PJ","nm_subprefeitura":"Pirituba-Jaragua","cd_lote_servico":"5","tx_status_ponto_revitalizado":"Revitalizado","dt_atualizacao":"2021-12-08Z","tx_data_referencia":"1º quadrimestre 2021","dc_complemento_endereco":null}},{"type":"Feature","id":"ponto_revitalizado.1072","geometry":{"type":"Point","coordinates":[347113.036,7389182.8439]},"geometry_name":"ge_ponto","properties":{"cd_identificador_ponto_revitalizado":1072,"nm_endereco":"Rua Lirio do Vale, 22","sg_subprefeitura":"SB","nm_subprefeitura":"Sapopemba","cd_lote_servico":"1","tx_status_ponto_revitalizado":"Eliminado","dt_atualizacao":"2021-12-08Z","tx_data_referencia":"1º quadrimestre 2021","dc_complemento_endereco":null}},{"type":"Feature","id":"ponto_revitalizado.1073","geometry":{"type":"Point","coordinates":[338029.6564,7393099.9297]},"geometry_name":"ge_ponto","properties":{"cd_identificador_ponto_revitalizado":1073,"nm_endereco":"Rua Lituânia & Rua Rui Martins","sg_subprefeitura":"MO","nm_subprefeitura":"Mooca","cd_lote_servico":"2","tx_status_ponto_revitalizado":"Eliminado","dt_atualizacao":"2021-12-08Z","tx_data_referencia":"1º quadrimestre 2021","dc_complemento_endereco":null}},{"type":"Feature","id":"ponto_revitalizado.1074","geometry":{"type":"Point","coordinates":[357648.0412,7396533.255]},"geometry_name":"ge_ponto","properties":{"cd_identificador_ponto_revitalizado":1074,"nm_endereco":"Rua Lourenço Ruxaque, 32","sg_subprefeitura":"G","nm_subprefeitura":"Guaianases","cd_lote_servico":"1","tx_status_ponto_revitalizado":"Revitalizado","dt_atualizacao":"2021-12-08Z","tx_data_referencia":"1º quadrimestre 2021","dc_complemento_endereco":null}},{"type":"Feature","id":"ponto_revitalizado.1075","geometry":{"type":"Point","coordinates":[326381.7538,7364834.2477]},"geometry_name":"ge_ponto","properties":{"cd_identificador_ponto_revitalizado":1075,"nm_endereco":"Rua Luigi Caruso, 32 (Praça)","sg_subprefeitura":"PA","nm_subprefeitura":"Parelheiros","cd_lote_servico":"6","tx_status_ponto_revitalizado":"Revitalizado","dt_atualizacao":"2021-12-08Z","tx_data_referencia":"1º quadrimestre 2021","dc_complemento_endereco":null}},{"type":"Feature","id":"ponto_revitalizado.1076","geometry":{"type":"Point","coordinates":[322202.1003,7382175.7801]},"geometry_name":"ge_ponto","properties":{"cd_identificador_ponto_revitalizado":1076,"nm_endereco":"Rua Luís Antonio Verney, 71","sg_subprefeitura":"MB","nm_subprefeitura":"M'Boi Mirim","cd_lote_servico":"6","tx_status_ponto_revitalizado":"Revitalizado","dt_atualizacao":"2021-12-08Z","tx_data_referencia":"1º quadrimestre 2021","dc_complemento_endereco":null}},{"type":"Feature","id":"ponto_revitalizado.1077","geometry":{"type":"Point","coordinates":[331692.4795,7401396.8754]},"geometry_name":"ge_ponto","properties":{"cd_identificador_ponto_revitalizado":1077,"nm_endereco":"Rua Luis Cardamone, 300","sg_subprefeitura":"ST","nm_subprefeitura":"Santana-Tucuruvi","cd_lote_servico":"4","tx_status_ponto_revitalizado":"Eliminado","dt_atualizacao":"2021-12-08Z","tx_data_referencia":"1º quadrimestre 2021","dc_complemento_endereco":null}},{"type":"Feature","id":"ponto_revitalizado.1078","geometry":{"type":"Point","coordinates":[348977.9357,7389457.9666]},"geometry_name":"ge_ponto","properties":{"cd_identificador_ponto_revitalizado":1078,"nm_endereco":"Rua Luís Giudice, 28","sg_subprefeitura":"SM","nm_subprefeitura":"São Mateus","cd_lote_servico":"1","tx_status_ponto_revitalizado":"Revitalizado","dt_atualizacao":"2021-12-08Z","tx_data_referencia":"1º quadrimestre 2021","dc_complemento_endereco":null}},{"type":"Feature","id":"ponto_revitalizado.1079","geometry":{"type":"Point","coordinates":[349269.6864,7388581.6647]},"geometry_name":"ge_ponto","properties":{"cd_identificador_ponto_revitalizado":1079,"nm_endereco":"Rua Luís Rosseti, 1035","sg_subprefeitura":"SM","nm_subprefeitura":"São Mateus","cd_lote_servico":"1","tx_status_ponto_revitalizado":"Revitalizado","dt_atualizacao":"2021-12-08Z","tx_data_referencia":"1º quadrimestre 2021","dc_complemento_endereco":null}},{"type":"Feature","id":"ponto_revitalizado.1080","geometry":{"type":"Point","coordinates":[332487.9845,7381648.6546]},"geometry_name":"ge_ponto","properties":{"cd_identificador_ponto_revitalizado":1080,"nm_endereco":"Rua Luís Vicente de Simoni, 364","sg_subprefeitura":"JA","nm_subprefeitura":"Jabaquara","cd_lote_servico":"3","tx_status_ponto_revitalizado":"Revitalizado","dt_atualizacao":"2021-12-08Z","tx_data_referencia":"1º quadrimestre 2021","dc_complemento_endereco":null}},{"type":"Feature","id":"ponto_revitalizado.1081","geometry":{"type":"Point","coordinates":[334539.2091,7385675.5287]},"geometry_name":"ge_ponto","properties":{"cd_identificador_ponto_revitalizado":1081,"nm_endereco":"Rua Luiz da Costa Ramos & Travessa das Bananeiras","sg_subprefeitura":"IP","nm_subprefeitura":"Ipiranga","cd_lote_servico":"3","tx_status_ponto_revitalizado":"Revitalizado","dt_atualizacao":"2021-12-08Z","tx_data_referencia":"1º quadrimestre 2021","dc_complemento_endereco":null}},{"type":"Feature","id":"ponto_revitalizado.1082","geometry":{"type":"Point","coordinates":[319185.6556,7384386.9823]},"geometry_name":"ge_ponto","properties":{"cd_identificador_ponto_revitalizado":1082,"nm_endereco":"Rua Luiz Gonzaga Freire, 208","sg_subprefeitura":"CL","nm_subprefeitura":"Campo Limpo","cd_lote_servico":"6","tx_status_ponto_revitalizado":"Revitalizado","dt_atualizacao":"2021-12-08Z","tx_data_referencia":"1º quadrimestre 2021","dc_complemento_endereco":null}},{"type":"Feature","id":"ponto_revitalizado.1083","geometry":{"type":"Point","coordinates":[323081.292,7383648.4138]},"geometry_name":"ge_ponto","properties":{"cd_identificador_ponto_revitalizado":1083,"nm_endereco":"Rua Luiz Grassmann, 558","sg_subprefeitura":"MB","nm_subprefeitura":"M'Boi Mirim","cd_lote_servico":"6","tx_status_ponto_revitalizado":"Revitalizado","dt_atualizacao":"2021-12-08Z","tx_data_referencia":"1º quadrimestre 2021","dc_complemento_endereco":null}},{"type":"Feature","id":"ponto_revitalizado.1084","geometry":{"type":"Point","coordinates":[328085.1478,7403170.3279]},"geometry_name":"ge_ponto","properties":{"cd_identificador_ponto_revitalizado":1084,"nm_endereco":"Rua Luís José Junqueira Freire & Avenida João Paulo I","sg_subprefeitura":"FB","nm_subprefeitura":"Freguesia Do Ó","cd_lote_servico":"4","tx_status_ponto_revitalizado":"Revitalizado","dt_atualizacao":"2021-12-08Z","tx_data_referencia":"1º quadrimestre 2021","dc_complemento_endereco":null}},{"type":"Feature","id":"ponto_revitalizado.1085","geometry":{"type":"Point","coordinates":[342711.4934,7397902.774]},"geometry_name":"ge_ponto","properties":{"cd_identificador_ponto_revitalizado":1085,"nm_endereco":"Rua Macaúbas & Rua Jaborandi","sg_subprefeitura":"PE","nm_subprefeitura":"Penha","cd_lote_servico":"4","tx_status_ponto_revitalizado":"Revitalizado","dt_atualizacao":"2021-12-08Z","tx_data_referencia":"1º quadrimestre 2021","dc_complemento_endereco":null}},{"type":"Feature","id":"ponto_revitalizado.1086","geometry":{"type":"Point","coordinates":[323363.1166,7382041.2761]},"geometry_name":"ge_ponto","properties":{"cd_identificador_ponto_revitalizado":1086,"nm_endereco":"Rua Macedônio Fernandes","sg_subprefeitura":"MB","nm_subprefeitura":"M'Boi Mirim","cd_lote_servico":"6","tx_status_ponto_revitalizado":"Revitalizado","dt_atualizacao":"2021-12-08Z","tx_data_referencia":"1º quadrimestre 2021","dc_complemento_endereco":null}},{"type":"Feature","id":"ponto_revitalizado.1087","geometry":{"type":"Point","coordinates":[343914.1533,7391653.3289]},"geometry_name":"ge_ponto","properties":{"cd_identificador_ponto_revitalizado":1087,"nm_endereco":"Rua Madagascar, 358","sg_subprefeitura":"AF","nm_subprefeitura":"Aricanduva","cd_lote_servico":"3","tx_status_ponto_revitalizado":"Revitalizado","dt_atualizacao":"2021-12-08Z","tx_data_referencia":"1º quadrimestre 2021","dc_complemento_endereco":null}},{"type":"Feature","id":"ponto_revitalizado.1088","geometry":{"type":"Point","coordinates":[337027.2822,7393361.2399]},"geometry_name":"ge_ponto","properties":{"cd_identificador_ponto_revitalizado":1088,"nm_endereco":"Rua Madre de Deus, 604","sg_subprefeitura":"MO","nm_subprefeitura":"Mooca","cd_lote_servico":"2","tx_status_ponto_revitalizado":"Revitalizado","dt_atualizacao":"2021-12-08Z","tx_data_referencia":"1º quadrimestre 2021","dc_complemento_endereco":null}},{"type":"Feature","id":"ponto_revitalizado.1089","geometry":{"type":"Point","coordinates":[325340.1623,7395690.6781]},"geometry_name":"ge_ponto","properties":{"cd_identificador_ponto_revitalizado":1089,"nm_endereco":"Rua Madre Mazarello, 239","sg_subprefeitura":"PI","nm_subprefeitura":"Pinheiros","cd_lote_servico":"5","tx_status_ponto_revitalizado":"Revitalizado","dt_atualizacao":"2021-12-08Z","tx_data_referencia":"1º quadrimestre 2021","dc_complemento_endereco":null}},{"type":"Feature","id":"ponto_revitalizado.1090","geometry":{"type":"Point","coordinates":[332654.6861,7393560.6115]},"geometry_name":"ge_ponto","properties":{"cd_identificador_ponto_revitalizado":1090,"nm_endereco":"Rua Maestro Cardim & Rua Humaitá","sg_subprefeitura":"SE","nm_subprefeitura":"Sé","cd_lote_servico":"2","tx_status_ponto_revitalizado":"Revitalizado","dt_atualizacao":"2021-12-08Z","tx_data_referencia":"1º quadrimestre 2021","dc_complemento_endereco":null}},{"type":"Feature","id":"ponto_revitalizado.1091","geometry":{"type":"Point","coordinates":[342205.792,7392211.3169]},"geometry_name":"ge_ponto","properties":{"cd_identificador_ponto_revitalizado":1091,"nm_endereco":"Rua Mafalda, 405","sg_subprefeitura":"AF","nm_subprefeitura":"Aricanduva","cd_lote_servico":"3","tx_status_ponto_revitalizado":"Revitalizado","dt_atualizacao":"2021-12-08Z","tx_data_referencia":"1º quadrimestre 2021","dc_complemento_endereco":null}},{"type":"Feature","id":"ponto_revitalizado.1092","geometry":{"type":"Point","coordinates":[320556.8987,7381834.2714]},"geometry_name":"ge_ponto","properties":{"cd_identificador_ponto_revitalizado":1092,"nm_endereco":"Rua Mangualde, 199A","sg_subprefeitura":"MB","nm_subprefeitura":"M'Boi Mirim","cd_lote_servico":"6","tx_status_ponto_revitalizado":"Revitalizado","dt_atualizacao":"2021-12-08Z","tx_data_referencia":"1º quadrimestre 2021","dc_complemento_endereco":null}},{"type":"Feature","id":"ponto_revitalizado.1093","geometry":{"type":"Point","coordinates":[320457.0331,7381742.2152]},"geometry_name":"ge_ponto","properties":{"cd_identificador_ponto_revitalizado":1093,"nm_endereco":"Rua Mangualde, 340","sg_subprefeitura":"MB","nm_subprefeitura":"M'Boi Mirim","cd_lote_servico":"6","tx_status_ponto_revitalizado":"Revitalizado","dt_atualizacao":"2021-12-08Z","tx_data_referencia":"1º quadrimestre 2021","dc_complemento_endereco":null}},{"type":"Feature","id":"ponto_revitalizado.1094","geometry":{"type":"Point","coordinates":[320227.045,7381365.001]},"geometry_name":"ge_ponto","properties":{"cd_identificador_ponto_revitalizado":1094,"nm_endereco":"Rua Manoel Afonso, 298","sg_subprefeitura":"CL","nm_subprefeitura":"Campo Limpo","cd_lote_servico":"6","tx_status_ponto_revitalizado":"Revitalizado","dt_atualizacao":"2021-12-08Z","tx_data_referencia":"1º quadrimestre 2021","dc_complemento_endereco":null}},{"type":"Feature","id":"ponto_revitalizado.1095","geometry":{"type":"Point","coordinates":[323851.5687,7387487.8017]},"geometry_name":"ge_ponto","properties":{"cd_identificador_ponto_revitalizado":1095,"nm_endereco":"Rua Manoel Antonio Pinto","sg_subprefeitura":"CL","nm_subprefeitura":"Campo Limpo","cd_lote_servico":"6","tx_status_ponto_revitalizado":"Revitalizado","dt_atualizacao":"2021-12-08Z","tx_data_referencia":"1º quadrimestre 2021","dc_complemento_endereco":null}},{"type":"Feature","id":"ponto_revitalizado.1096","geometry":{"type":"Point","coordinates":[325235.8698,7401355.7419]},"geometry_name":"ge_ponto","properties":{"cd_identificador_ponto_revitalizado":1096,"nm_endereco":"Rua Manoel Barbosa, 10","sg_subprefeitura":"PJ","nm_subprefeitura":"Pirituba-Jaragua","cd_lote_servico":"5","tx_status_ponto_revitalizado":"Revitalizado","dt_atualizacao":"2021-12-08Z","tx_data_referencia":"1º quadrimestre 2021","dc_complemento_endereco":null}},{"type":"Feature","id":"ponto_revitalizado.1097","geometry":{"type":"Point","coordinates":[325745.67,7401360.2533]},"geometry_name":"ge_ponto","properties":{"cd_identificador_ponto_revitalizado":1097,"nm_endereco":"Rua Manoel Benavente & Rua Rio Verde","sg_subprefeitura":"FB","nm_subprefeitura":"Freguesia Do Ó","cd_lote_servico":"4","tx_status_ponto_revitalizado":"Eliminado","dt_atualizacao":"2021-12-08Z","tx_data_referencia":"1º quadrimestre 2021","dc_complemento_endereco":null}},{"type":"Feature","id":"ponto_revitalizado.1098","geometry":{"type":"Point","coordinates":[322535.948,7383521.0506]},"geometry_name":"ge_ponto","properties":{"cd_identificador_ponto_revitalizado":1098,"nm_endereco":"Rua Manoel Bragança & Rua Arthur Bliss","sg_subprefeitura":"MB","nm_subprefeitura":"M'Boi Mirim","cd_lote_servico":"6","tx_status_ponto_revitalizado":"Revitalizado","dt_atualizacao":"2021-12-08Z","tx_data_referencia":"1º quadrimestre 2021","dc_complemento_endereco":null}},{"type":"Feature","id":"ponto_revitalizado.1099","geometry":{"type":"Point","coordinates":[357230.2648,7389087.178]},"geometry_name":"ge_ponto","properties":{"cd_identificador_ponto_revitalizado":1099,"nm_endereco":"Rua Manoel Campos, 202","sg_subprefeitura":"CT","nm_subprefeitura":"Cidade Tiradentes","cd_lote_servico":"1","tx_status_ponto_revitalizado":"Revitalizado","dt_atualizacao":"2021-12-08Z","tx_data_referencia":"1º quadrimestre 2021","dc_complemento_endereco":null}},{"type":"Feature","id":"ponto_revitalizado.1100","geometry":{"type":"Point","coordinates":[357453.1669,7400539.9272]},"geometry_name":"ge_ponto","properties":{"cd_identificador_ponto_revitalizado":1100,"nm_endereco":"Rua Manoel de Castilho, 380","sg_subprefeitura":"IT","nm_subprefeitura":"Itaim Paulista","cd_lote_servico":"1","tx_status_ponto_revitalizado":"Revitalizado","dt_atualizacao":"2021-12-08Z","tx_data_referencia":"1º quadrimestre 2021","dc_complemento_endereco":null}},{"type":"Feature","id":"ponto_revitalizado.1101","geometry":{"type":"Point","coordinates":[336646.3739,7396517.2654]},"geometry_name":"ge_ponto","properties":{"cd_identificador_ponto_revitalizado":1101,"nm_endereco":"Rua Manoel Ramos Paiva, 71","sg_subprefeitura":"MO","nm_subprefeitura":"Mooca","cd_lote_servico":"2","tx_status_ponto_revitalizado":"Revitalizado","dt_atualizacao":"2021-12-08Z","tx_data_referencia":"1º quadrimestre 2021","dc_complemento_endereco":null}},{"type":"Feature","id":"ponto_revitalizado.1102","geometry":{"type":"Point","coordinates":[321994.8066,7401496.2161]},"geometry_name":"ge_ponto","properties":{"cd_identificador_ponto_revitalizado":1102,"nm_endereco":"Rua Manoel Rodrigues da Costa, 96 (Viela)","sg_subprefeitura":"PJ","nm_subprefeitura":"Pirituba-Jaragua","cd_lote_servico":"5","tx_status_ponto_revitalizado":"Revitalizado","dt_atualizacao":"2021-12-08Z","tx_data_referencia":"1º quadrimestre 2021","dc_complemento_endereco":null}},{"type":"Feature","id":"ponto_revitalizado.1103","geometry":{"type":"Point","coordinates":[321763.0196,7380999.2243]},"geometry_name":"ge_ponto","properties":{"cd_identificador_ponto_revitalizado":1103,"nm_endereco":"Rua Manuel Vieira Sarmento, 222","sg_subprefeitura":"MB","nm_subprefeitura":"M'Boi Mirim","cd_lote_servico":"6","tx_status_ponto_revitalizado":"Revitalizado","dt_atualizacao":"2021-12-08Z","tx_data_referencia":"1º quadrimestre 2021","dc_complemento_endereco":null}},{"type":"Feature","id":"ponto_revitalizado.1104","geometry":{"type":"Point","coordinates":[326738.5873,7374784.527]},"geometry_name":"ge_ponto","properties":{"cd_identificador_ponto_revitalizado":1104,"nm_endereco":"Rua Manoel Vitorino Pereira, 01","sg_subprefeitura":"CS","nm_subprefeitura":"Capela Do Socorro","cd_lote_servico":"6","tx_status_ponto_revitalizado":"Revitalizado","dt_atualizacao":"2021-12-08Z","tx_data_referencia":"1º quadrimestre 2021","dc_complemento_endereco":null}},{"type":"Feature","id":"ponto_revitalizado.1105","geometry":{"type":"Point","coordinates":[326092.5126,7382524.2663]},"geometry_name":"ge_ponto","properties":{"cd_identificador_ponto_revitalizado":1105,"nm_endereco":"Rua Manuel Antônio da Luz, 51","sg_subprefeitura":"SA","nm_subprefeitura":"Santo Amaro","cd_lote_servico":"6","tx_status_ponto_revitalizado":"Revitalizado","dt_atualizacao":"2021-12-08Z","tx_data_referencia":"1º quadrimestre 2021","dc_complemento_endereco":null}},{"type":"Feature","id":"ponto_revitalizado.1106","geometry":{"type":"Point","coordinates":[356364.6378,7400634.8447]},"geometry_name":"ge_ponto","properties":{"cd_identificador_ponto_revitalizado":1106,"nm_endereco":"Rua Manuel Barbalho de Lima & Rua Barena","sg_subprefeitura":"IT","nm_subprefeitura":"Itaim Paulista","cd_lote_servico":"1","tx_status_ponto_revitalizado":"Revitalizado","dt_atualizacao":"2021-12-08Z","tx_data_referencia":"1º quadrimestre 2021","dc_complemento_endereco":null}},{"type":"Feature","id":"ponto_revitalizado.1107","geometry":{"type":"Point","coordinates":[327550.4414,7375643.9379]},"geometry_name":"ge_ponto","properties":{"cd_identificador_ponto_revitalizado":1107,"nm_endereco":"Rua Manuel Caldeira, 728","sg_subprefeitura":"CS","nm_subprefeitura":"Capela Do Socorro","cd_lote_servico":"6","tx_status_ponto_revitalizado":"Revitalizado","dt_atualizacao":"2021-12-08Z","tx_data_referencia":"1º quadrimestre 2021","dc_complemento_endereco":null}},{"type":"Feature","id":"ponto_revitalizado.1108","geometry":{"type":"Point","coordinates":[341900.3929,7390887.7835]},"geometry_name":"ge_ponto","properties":{"cd_identificador_ponto_revitalizado":1108,"nm_endereco":"Rua Manuel da Costa & Avenida Professor Luiz Ignácio Anhaia Mello","sg_subprefeitura":"VP","nm_subprefeitura":"Vila Prudente","cd_lote_servico":"3","tx_status_ponto_revitalizado":"Revitalizado","dt_atualizacao":"2021-12-08Z","tx_data_referencia":"1º quadrimestre 2021","dc_complemento_endereco":null}},{"type":"Feature","id":"ponto_revitalizado.1109","geometry":{"type":"Point","coordinates":[341830.5753,7390661.5434]},"geometry_name":"ge_ponto","properties":{"cd_identificador_ponto_revitalizado":1109,"nm_endereco":"Rua Manuel da Costa","sg_subprefeitura":"VP","nm_subprefeitura":"Vila Prudente","cd_lote_servico":"3","tx_status_ponto_revitalizado":"Revitalizado","dt_atualizacao":"2021-12-08Z","tx_data_referencia":"1º quadrimestre 2021","dc_complemento_endereco":null}},{"type":"Feature","id":"ponto_revitalizado.1110","geometry":{"type":"Point","coordinates":[340330.6243,7395075.525]},"geometry_name":"ge_ponto","properties":{"cd_identificador_ponto_revitalizado":1110,"nm_endereco":"Rua Manuel de Freitas, 167","sg_subprefeitura":"MO","nm_subprefeitura":"Mooca","cd_lote_servico":"2","tx_status_ponto_revitalizado":"Eliminado","dt_atualizacao":"2021-12-08Z","tx_data_referencia":"1º quadrimestre 2021","dc_complemento_endereco":null}},{"type":"Feature","id":"ponto_revitalizado.1111","geometry":{"type":"Point","coordinates":[327565.5227,7377783.302]},"geometry_name":"ge_ponto","properties":{"cd_identificador_ponto_revitalizado":1111,"nm_endereco":"Rua Manuel de Teffé, 98","sg_subprefeitura":"CS","nm_subprefeitura":"Capela Do Socorro","cd_lote_servico":"6","tx_status_ponto_revitalizado":"Revitalizado","dt_atualizacao":"2021-12-08Z","tx_data_referencia":"1º quadrimestre 2021","dc_complemento_endereco":null}},{"type":"Feature","id":"ponto_revitalizado.1112","geometry":{"type":"Point","coordinates":[326431.7137,7402364.518]},"geometry_name":"ge_ponto","properties":{"cd_identificador_ponto_revitalizado":1112,"nm_endereco":"Rua Manuel José de Almeida & Rua Lycurgo Antonio de Souza","sg_subprefeitura":"FB","nm_subprefeitura":"Freguesia Do Ó","cd_lote_servico":"4","tx_status_ponto_revitalizado":"Eliminado","dt_atualizacao":"2021-12-08Z","tx_data_referencia":"1º quadrimestre 2021","dc_complemento_endereco":null}},{"type":"Feature","id":"ponto_revitalizado.1113","geometry":{"type":"Point","coordinates":[329114.7442,7381096.6287]},"geometry_name":"ge_ponto","properties":{"cd_identificador_ponto_revitalizado":1113,"nm_endereco":"Rua Manuel Vaz, 191","sg_subprefeitura":"SA","nm_subprefeitura":"Santo Amaro","cd_lote_servico":"6","tx_status_ponto_revitalizado":"Revitalizado","dt_atualizacao":"2021-12-08Z","tx_data_referencia":"1º quadrimestre 2021","dc_complemento_endereco":null}},{"type":"Feature","id":"ponto_revitalizado.1114","geometry":{"type":"Point","coordinates":[345805.263,7389444.0735]},"geometry_name":"ge_ponto","properties":{"cd_identificador_ponto_revitalizado":1114,"nm_endereco":"Rua Manuel Vila Lobos, 08","sg_subprefeitura":"SB","nm_subprefeitura":"Sapopemba","cd_lote_servico":"1","tx_status_ponto_revitalizado":"Eliminado","dt_atualizacao":"2021-12-08Z","tx_data_referencia":"1º quadrimestre 2021","dc_complemento_endereco":null}},{"type":"Feature","id":"ponto_revitalizado.1115","geometry":{"type":"Point","coordinates":[345790.8206,7389574.6023]},"geometry_name":"ge_ponto","properties":{"cd_identificador_ponto_revitalizado":1115,"nm_endereco":"Rua Manuel Vila Lobos, 170","sg_subprefeitura":"SB","nm_subprefeitura":"Sapopemba","cd_lote_servico":"1","tx_status_ponto_revitalizado":"Revitalizado","dt_atualizacao":"2021-12-08Z","tx_data_referencia":"1º quadrimestre 2021","dc_complemento_endereco":null}},{"type":"Feature","id":"ponto_revitalizado.1116","geometry":{"type":"Point","coordinates":[341798.7481,7393829.0492]},"geometry_name":"ge_ponto","properties":{"cd_identificador_ponto_revitalizado":1116,"nm_endereco":"Rua Maragojipe & Rua Caçaquera","sg_subprefeitura":"AF","nm_subprefeitura":"Aricanduva","cd_lote_servico":"3","tx_status_ponto_revitalizado":"Revitalizado","dt_atualizacao":"2021-12-08Z","tx_data_referencia":"1º quadrimestre 2021","dc_complemento_endereco":null}},{"type":"Feature","id":"ponto_revitalizado.1117","geometry":{"type":"Point","coordinates":[335800.8486,7395580.8226]},"geometry_name":"ge_ponto","properties":{"cd_identificador_ponto_revitalizado":1117,"nm_endereco":"Rua Marajó & Rua Doutor João Alves de Lima","sg_subprefeitura":"MO","nm_subprefeitura":"Mooca","cd_lote_servico":"2","tx_status_ponto_revitalizado":"Revitalizado","dt_atualizacao":"2021-12-08Z","tx_data_referencia":"1º quadrimestre 2021","dc_complemento_endereco":null}},{"type":"Feature","id":"ponto_revitalizado.1118","geometry":{"type":"Point","coordinates":[335828.7009,7395455.4324]},"geometry_name":"ge_ponto","properties":{"cd_identificador_ponto_revitalizado":1118,"nm_endereco":"Rua Marajó & Rua Vinte e Um de Abril","sg_subprefeitura":"MO","nm_subprefeitura":"Mooca","cd_lote_servico":"2","tx_status_ponto_revitalizado":"Revitalizado","dt_atualizacao":"2021-12-08Z","tx_data_referencia":"1º quadrimestre 2021","dc_complemento_endereco":null}},{"type":"Feature","id":"ponto_revitalizado.1119","geometry":{"type":"Point","coordinates":[334643.5718,7390369.6429]},"geometry_name":"ge_ponto","properties":{"cd_identificador_ponto_revitalizado":1119,"nm_endereco":"Rua Marcelino Champagnata, 603","sg_subprefeitura":"VM","nm_subprefeitura":"Vila Mariana","cd_lote_servico":"3","tx_status_ponto_revitalizado":"Revitalizado","dt_atualizacao":"2021-12-08Z","tx_data_referencia":"1º quadrimestre 2021","dc_complemento_endereco":null}},{"type":"Feature","id":"ponto_revitalizado.1120","geometry":{"type":"Point","coordinates":[326973.5929,7404991.3758]},"geometry_name":"ge_ponto","properties":{"cd_identificador_ponto_revitalizado":1120,"nm_endereco":"Rua Marcelino José de Freitas, 183","sg_subprefeitura":"FB","nm_subprefeitura":"Freguesia Do Ó","cd_lote_servico":"4","tx_status_ponto_revitalizado":"Eliminado","dt_atualizacao":"2021-12-08Z","tx_data_referencia":"1º quadrimestre 2021","dc_complemento_endereco":null}},{"type":"Feature","id":"ponto_revitalizado.1121","geometry":{"type":"Point","coordinates":[323029.9875,7367030.3148]},"geometry_name":"ge_ponto","properties":{"cd_identificador_ponto_revitalizado":1121,"nm_endereco":"Rua Marcelo Bernardini, 380","sg_subprefeitura":"PA","nm_subprefeitura":"Parelheiros","cd_lote_servico":"6","tx_status_ponto_revitalizado":"Revitalizado","dt_atualizacao":"2021-12-08Z","tx_data_referencia":"1º quadrimestre 2021","dc_complemento_endereco":null}},{"type":"Feature","id":"ponto_revitalizado.1122","geometry":{"type":"Point","coordinates":[341219.6559,7389828.2846]},"geometry_name":"ge_ponto","properties":{"cd_identificador_ponto_revitalizado":1122,"nm_endereco":"Rua Marcelo Muller, 1420","sg_subprefeitura":"VP","nm_subprefeitura":"Vila Prudente","cd_lote_servico":"3","tx_status_ponto_revitalizado":"Revitalizado","dt_atualizacao":"2021-12-08Z","tx_data_referencia":"1º quadrimestre 2021","dc_complemento_endereco":null}},{"type":"Feature","id":"ponto_revitalizado.1123","geometry":{"type":"Point","coordinates":[341266.595,7389763.5637]},"geometry_name":"ge_ponto","properties":{"cd_identificador_ponto_revitalizado":1123,"nm_endereco":"Rua Marcelo Muller, 1504","sg_subprefeitura":"VP","nm_subprefeitura":"Vila Prudente","cd_lote_servico":"3","tx_status_ponto_revitalizado":"Revitalizado","dt_atualizacao":"2021-12-08Z","tx_data_referencia":"1º quadrimestre 2021","dc_complemento_endereco":null}},{"type":"Feature","id":"ponto_revitalizado.1124","geometry":{"type":"Point","coordinates":[357046.3616,7400069.9746]},"geometry_name":"ge_ponto","properties":{"cd_identificador_ponto_revitalizado":1124,"nm_endereco":"Rua Marco Beltrame, 228","sg_subprefeitura":"IT","nm_subprefeitura":"Itaim Paulista","cd_lote_servico":"1","tx_status_ponto_revitalizado":"Revitalizado","dt_atualizacao":"2021-12-08Z","tx_data_referencia":"1º quadrimestre 2021","dc_complemento_endereco":null}},{"type":"Feature","id":"ponto_revitalizado.1125","geometry":{"type":"Point","coordinates":[348655.1791,7389620.0781]},"geometry_name":"ge_ponto","properties":{"cd_identificador_ponto_revitalizado":1125,"nm_endereco":"Rua Marechal Renato Paquet, 541","sg_subprefeitura":"SM","nm_subprefeitura":"São Mateus","cd_lote_servico":"1","tx_status_ponto_revitalizado":"Revitalizado","dt_atualizacao":"2021-12-08Z","tx_data_referencia":"1º quadrimestre 2021","dc_complemento_endereco":null}},{"type":"Feature","id":"ponto_revitalizado.1126","geometry":{"type":"Point","coordinates":[353820.1093,7397406.9503]},"geometry_name":"ge_ponto","properties":{"cd_identificador_ponto_revitalizado":1126,"nm_endereco":"Rua Margarida Cristina Baumann, 95","sg_subprefeitura":"G","nm_subprefeitura":"Guaianases","cd_lote_servico":"1","tx_status_ponto_revitalizado":"Revitalizado","dt_atualizacao":"2021-12-08Z","tx_data_referencia":"1º quadrimestre 2021","dc_complemento_endereco":null}},{"type":"Feature","id":"ponto_revitalizado.1127","geometry":{"type":"Point","coordinates":[326135.101,7382623.0176]},"geometry_name":"ge_ponto","properties":{"cd_identificador_ponto_revitalizado":1127,"nm_endereco":"Rua Maria Almeida do Prado, 127","sg_subprefeitura":"SA","nm_subprefeitura":"Santo Amaro","cd_lote_servico":"6","tx_status_ponto_revitalizado":"Revitalizado","dt_atualizacao":"2021-12-08Z","tx_data_referencia":"1º quadrimestre 2021","dc_complemento_endereco":null}},{"type":"Feature","id":"ponto_revitalizado.1128","geometry":{"type":"Point","coordinates":[343936.361,7397611.7601]},"geometry_name":"ge_ponto","properties":{"cd_identificador_ponto_revitalizado":1128,"nm_endereco":"Rua Maria Carlota & Rua Equici","sg_subprefeitura":"PE","nm_subprefeitura":"Penha","cd_lote_servico":"4","tx_status_ponto_revitalizado":"Revitalizado","dt_atualizacao":"2021-12-08Z","tx_data_referencia":"1º quadrimestre 2021","dc_complemento_endereco":null}},{"type":"Feature","id":"ponto_revitalizado.1129","geometry":{"type":"Point","coordinates":[342067.6702,7390795.1243]},"geometry_name":"ge_ponto","properties":{"cd_identificador_ponto_revitalizado":1129,"nm_endereco":"Rua Maria Fett & Avenida Professor Luiz Ignácio Anhaia Mello","sg_subprefeitura":"VP","nm_subprefeitura":"Vila Prudente","cd_lote_servico":"3","tx_status_ponto_revitalizado":"Revitalizado","dt_atualizacao":"2021-12-08Z","tx_data_referencia":"1º quadrimestre 2021","dc_complemento_endereco":null}},{"type":"Feature","id":"ponto_revitalizado.1130","geometry":{"type":"Point","coordinates":[342120.6514,7390870.12]},"geometry_name":"ge_ponto","properties":{"cd_identificador_ponto_revitalizado":1130,"nm_endereco":"Rua Maria Fett, 91","sg_subprefeitura":"VP","nm_subprefeitura":"Vila Prudente","cd_lote_servico":"3","tx_status_ponto_revitalizado":"Revitalizado","dt_atualizacao":"2021-12-08Z","tx_data_referencia":"1º quadrimestre 2021","dc_complemento_endereco":null}},{"type":"Feature","id":"ponto_revitalizado.1131","geometry":{"type":"Point","coordinates":[344005.5819,7391312.0953]},"geometry_name":"ge_ponto","properties":{"cd_identificador_ponto_revitalizado":1131,"nm_endereco":"Rua Maria Francisca do Nascimento, 17","sg_subprefeitura":"AF","nm_subprefeitura":"Aricanduva","cd_lote_servico":"3","tx_status_ponto_revitalizado":"Revitalizado","dt_atualizacao":"2021-12-08Z","tx_data_referencia":"1º quadrimestre 2021","dc_complemento_endereco":null}},{"type":"Feature","id":"ponto_revitalizado.1132","geometry":{"type":"Point","coordinates":[348450.3839,7388702.088]},"geometry_name":"ge_ponto","properties":{"cd_identificador_ponto_revitalizado":1132,"nm_endereco":"Rua Maria Luísa do Val Penteado, 20","sg_subprefeitura":"SM","nm_subprefeitura":"São Mateus","cd_lote_servico":"1","tx_status_ponto_revitalizado":"Revitalizado","dt_atualizacao":"2021-12-08Z","tx_data_referencia":"1º quadrimestre 2021","dc_complemento_endereco":null}},{"type":"Feature","id":"ponto_revitalizado.1133","geometry":{"type":"Point","coordinates":[348664.046,7388469.5244]},"geometry_name":"ge_ponto","properties":{"cd_identificador_ponto_revitalizado":1133,"nm_endereco":"Rua Maria Luísa do Val Penteado & Rua Doutor Valdemar Lapietra","sg_subprefeitura":"SM","nm_subprefeitura":"São Mateus","cd_lote_servico":"1","tx_status_ponto_revitalizado":"Revitalizado","dt_atualizacao":"2021-12-08Z","tx_data_referencia":"1º quadrimestre 2021","dc_complemento_endereco":null}},{"type":"Feature","id":"ponto_revitalizado.1134","geometry":{"type":"Point","coordinates":[334847.5336,7396443.3754]},"geometry_name":"ge_ponto","properties":{"cd_identificador_ponto_revitalizado":1134,"nm_endereco":"Rua Maria Marcolina & Rua Miller","sg_subprefeitura":"MO","nm_subprefeitura":"Mooca","cd_lote_servico":"2","tx_status_ponto_revitalizado":"Revitalizado","dt_atualizacao":"2021-12-08Z","tx_data_referencia":"1º quadrimestre 2021","dc_complemento_endereco":null}},{"type":"Feature","id":"ponto_revitalizado.1135","geometry":{"type":"Point","coordinates":[329175.5246,7387921.0381]},"geometry_name":"ge_ponto","properties":{"cd_identificador_ponto_revitalizado":1135,"nm_endereco":"Rua Maria Noschese, 203","sg_subprefeitura":"VM","nm_subprefeitura":"Vila Mariana","cd_lote_servico":"3","tx_status_ponto_revitalizado":"Revitalizado","dt_atualizacao":"2021-12-08Z","tx_data_referencia":"1º quadrimestre 2021","dc_complemento_endereco":null}},{"type":"Feature","id":"ponto_revitalizado.1136","geometry":{"type":"Point","coordinates":[344166.1245,7393679.3701]},"geometry_name":"ge_ponto","properties":{"cd_identificador_ponto_revitalizado":1136,"nm_endereco":"Rua Maria Viêira Ribeiro, 362","sg_subprefeitura":"AF","nm_subprefeitura":"Aricanduva","cd_lote_servico":"3","tx_status_ponto_revitalizado":"Revitalizado","dt_atualizacao":"2021-12-08Z","tx_data_referencia":"1º quadrimestre 2021","dc_complemento_endereco":null}},{"type":"Feature","id":"ponto_revitalizado.1137","geometry":{"type":"Point","coordinates":[344314.3255,7393951.1711]},"geometry_name":"ge_ponto","properties":{"cd_identificador_ponto_revitalizado":1137,"nm_endereco":"Rua Maria Viêira Ribeiro, 68","sg_subprefeitura":"AF","nm_subprefeitura":"Aricanduva","cd_lote_servico":"3","tx_status_ponto_revitalizado":"Revitalizado","dt_atualizacao":"2021-12-08Z","tx_data_referencia":"1º quadrimestre 2021","dc_complemento_endereco":null}},{"type":"Feature","id":"ponto_revitalizado.1138","geometry":{"type":"Point","coordinates":[343865.586,7393142.3631]},"geometry_name":"ge_ponto","properties":{"cd_identificador_ponto_revitalizado":1138,"nm_endereco":"Rua Maria Viêira Ribeiro, 990","sg_subprefeitura":"AF","nm_subprefeitura":"Aricanduva","cd_lote_servico":"3","tx_status_ponto_revitalizado":"Revitalizado","dt_atualizacao":"2021-12-08Z","tx_data_referencia":"1º quadrimestre 2021","dc_complemento_endereco":null}},{"type":"Feature","id":"ponto_revitalizado.1139","geometry":{"type":"Point","coordinates":[324125.5733,7362937.2973]},"geometry_name":"ge_ponto","properties":{"cd_identificador_ponto_revitalizado":1139,"nm_endereco":"Rua Mariana Luiza de Jesus, 157","sg_subprefeitura":"PA","nm_subprefeitura":"Parelheiros","cd_lote_servico":"6","tx_status_ponto_revitalizado":"Revitalizado","dt_atualizacao":"2021-12-08Z","tx_data_referencia":"1º quadrimestre 2021","dc_complemento_endereco":null}},{"type":"Feature","id":"ponto_revitalizado.1140","geometry":{"type":"Point","coordinates":[329965.0128,7385237.3484]},"geometry_name":"ge_ponto","properties":{"cd_identificador_ponto_revitalizado":1140,"nm_endereco":"Rua Marília de Dirceu, 491","sg_subprefeitura":"SA","nm_subprefeitura":"Santo Amaro","cd_lote_servico":"6","tx_status_ponto_revitalizado":"Revitalizado","dt_atualizacao":"2021-12-08Z","tx_data_referencia":"1º quadrimestre 2021","dc_complemento_endereco":null}},{"type":"Feature","id":"ponto_revitalizado.1141","geometry":{"type":"Point","coordinates":[341736.3744,7398211.6711]},"geometry_name":"ge_ponto","properties":{"cd_identificador_ponto_revitalizado":1141,"nm_endereco":"Rua Mario de Castro & Rua Carlos Meira","sg_subprefeitura":"PE","nm_subprefeitura":"Penha","cd_lote_servico":"4","tx_status_ponto_revitalizado":"Revitalizado","dt_atualizacao":"2021-12-08Z","tx_data_referencia":"1º quadrimestre 2021","dc_complemento_endereco":null}},{"type":"Feature","id":"ponto_revitalizado.1142","geometry":{"type":"Point","coordinates":[322198.6752,7379543.0661]},"geometry_name":"ge_ponto","properties":{"cd_identificador_ponto_revitalizado":1142,"nm_endereco":"Rua Mario Marcondes Pereira, 9A","sg_subprefeitura":"MB","nm_subprefeitura":"M'Boi Mirim","cd_lote_servico":"6","tx_status_ponto_revitalizado":"Revitalizado","dt_atualizacao":"2021-12-08Z","tx_data_referencia":"1º quadrimestre 2021","dc_complemento_endereco":null}},{"type":"Feature","id":"ponto_revitalizado.1143","geometry":{"type":"Point","coordinates":[349745.1439,7393295.8755]},"geometry_name":"ge_ponto","properties":{"cd_identificador_ponto_revitalizado":1143,"nm_endereco":"Rua Mariz Sarmento, 15","sg_subprefeitura":"IQ","nm_subprefeitura":"Itaquera","cd_lote_servico":"1","tx_status_ponto_revitalizado":"Revitalizado","dt_atualizacao":"2021-12-08Z","tx_data_referencia":"1º quadrimestre 2021","dc_complemento_endereco":null}},{"type":"Feature","id":"ponto_revitalizado.1144","geometry":{"type":"Point","coordinates":[329312.4795,7378825.3336]},"geometry_name":"ge_ponto","properties":{"cd_identificador_ponto_revitalizado":1144,"nm_endereco":"Rua Marnel & Rua Doutor Jaques Tupinambá","sg_subprefeitura":"AD","nm_subprefeitura":"Cidade Ademar","cd_lote_servico":"3","tx_status_ponto_revitalizado":"Revitalizado","dt_atualizacao":"2021-12-08Z","tx_data_referencia":"1º quadrimestre 2021","dc_complemento_endereco":null}},{"type":"Feature","id":"ponto_revitalizado.1145","geometry":{"type":"Point","coordinates":[336837.7146,7388305.5448]},"geometry_name":"ge_ponto","properties":{"cd_identificador_ponto_revitalizado":1145,"nm_endereco":"Rua Marquês de Maricá & Via Anchieta","sg_subprefeitura":"IP","nm_subprefeitura":"Ipiranga","cd_lote_servico":"3","tx_status_ponto_revitalizado":"Revitalizado","dt_atualizacao":"2021-12-08Z","tx_data_referencia":"1º quadrimestre 2021","dc_complemento_endereco":null}},{"type":"Feature","id":"ponto_revitalizado.1146","geometry":{"type":"Point","coordinates":[336954.7599,7387603.5803]},"geometry_name":"ge_ponto","properties":{"cd_identificador_ponto_revitalizado":1146,"nm_endereco":"Rua Marquês de Maricá & Rua Salvador Pires de Lima","sg_subprefeitura":"IP","nm_subprefeitura":"Ipiranga","cd_lote_servico":"3","tx_status_ponto_revitalizado":"Revitalizado","dt_atualizacao":"2021-12-08Z","tx_data_referencia":"1º quadrimestre 2021","dc_complemento_endereco":null}},{"type":"Feature","id":"ponto_revitalizado.1147","geometry":{"type":"Point","coordinates":[340247.3415,7388591.3481]},"geometry_name":"ge_ponto","properties":{"cd_identificador_ponto_revitalizado":1147,"nm_endereco":"Rua Marquês de Santo Amaro, 231","sg_subprefeitura":"VP","nm_subprefeitura":"Vila Prudente","cd_lote_servico":"3","tx_status_ponto_revitalizado":"Revitalizado","dt_atualizacao":"2021-12-08Z","tx_data_referencia":"1º quadrimestre 2021","dc_complemento_endereco":null}},{"type":"Feature","id":"ponto_revitalizado.1148","geometry":{"type":"Point","coordinates":[319479.3149,7410098.044]},"geometry_name":"ge_ponto","properties":{"cd_identificador_ponto_revitalizado":1148,"nm_endereco":"Rua Martim Lobo de Saldanha & Rua Pirabebé","sg_subprefeitura":"PR","nm_subprefeitura":"Perus-Anhanguera","cd_lote_servico":"5","tx_status_ponto_revitalizado":"Revitalizado","dt_atualizacao":"2021-12-08Z","tx_data_referencia":"1º quadrimestre 2021","dc_complemento_endereco":null}},{"type":"Feature","id":"ponto_revitalizado.1149","geometry":{"type":"Point","coordinates":[319885.0965,7386413.72]},"geometry_name":"ge_ponto","properties":{"cd_identificador_ponto_revitalizado":1149,"nm_endereco":"Rua Martinho Lutero, 639","sg_subprefeitura":"CL","nm_subprefeitura":"Campo Limpo","cd_lote_servico":"6","tx_status_ponto_revitalizado":"Revitalizado","dt_atualizacao":"2021-12-08Z","tx_data_referencia":"1º quadrimestre 2021","dc_complemento_endereco":null}},{"type":"Feature","id":"ponto_revitalizado.1150","geometry":{"type":"Point","coordinates":[334725.3836,7386480.9327]},"geometry_name":"ge_ponto","properties":{"cd_identificador_ponto_revitalizado":1150,"nm_endereco":"Rua Massaim & Avenida do Cursino","sg_subprefeitura":"IP","nm_subprefeitura":"Ipiranga","cd_lote_servico":"3","tx_status_ponto_revitalizado":"Revitalizado","dt_atualizacao":"2021-12-08Z","tx_data_referencia":"1º quadrimestre 2021","dc_complemento_endereco":null}},{"type":"Feature","id":"ponto_revitalizado.1151","geometry":{"type":"Point","coordinates":[346499.3419,7396068.4649]},"geometry_name":"ge_ponto","properties":{"cd_identificador_ponto_revitalizado":1151,"nm_endereco":"Rua Mateus de Siqueira, 78","sg_subprefeitura":"PE","nm_subprefeitura":"Penha","cd_lote_servico":"4","tx_status_ponto_revitalizado":"Revitalizado","dt_atualizacao":"2021-12-08Z","tx_data_referencia":"1º quadrimestre 2021","dc_complemento_endereco":null}},{"type":"Feature","id":"ponto_revitalizado.1152","geometry":{"type":"Point","coordinates":[323675.2319,7407931.5267]},"geometry_name":"ge_ponto","properties":{"cd_identificador_ponto_revitalizado":1152,"nm_endereco":"Rua Matheus Fantin, 125 (Ilha)","sg_subprefeitura":"PJ","nm_subprefeitura":"Pirituba-Jaragua","cd_lote_servico":"5","tx_status_ponto_revitalizado":"Revitalizado","dt_atualizacao":"2021-12-08Z","tx_data_referencia":"1º quadrimestre 2021","dc_complemento_endereco":null}},{"type":"Feature","id":"ponto_revitalizado.1153","geometry":{"type":"Point","coordinates":[326874.7039,7402544.7414]},"geometry_name":"ge_ponto","properties":{"cd_identificador_ponto_revitalizado":1153,"nm_endereco":"Rua Abílio Primo Nalim & Rua dos Morgados","sg_subprefeitura":"FB","nm_subprefeitura":"Freguesia Do Ó","cd_lote_servico":"4","tx_status_ponto_revitalizado":"Eliminado","dt_atualizacao":"2021-12-08Z","tx_data_referencia":"1º quadrimestre 2021","dc_complemento_endereco":null}},{"type":"Feature","id":"ponto_revitalizado.1154","geometry":{"type":"Point","coordinates":[327266.703,7405525.3375]},"geometry_name":"ge_ponto","properties":{"cd_identificador_ponto_revitalizado":1154,"nm_endereco":"Rua Matimpererê & Rua Ibiraiaras","sg_subprefeitura":"FB","nm_subprefeitura":"Freguesia Do Ó","cd_lote_servico":"4","tx_status_ponto_revitalizado":"Eliminado","dt_atualizacao":"2021-12-08Z","tx_data_referencia":"1º quadrimestre 2021","dc_complemento_endereco":null}},{"type":"Feature","id":"ponto_revitalizado.1155","geometry":{"type":"Point","coordinates":[346592.8831,7390180.0853]},"geometry_name":"ge_ponto","properties":{"cd_identificador_ponto_revitalizado":1155,"nm_endereco":"Rua Matozinhos, 169","sg_subprefeitura":"SM","nm_subprefeitura":"São Mateus","cd_lote_servico":"1","tx_status_ponto_revitalizado":"Revitalizado","dt_atualizacao":"2021-12-08Z","tx_data_referencia":"1º quadrimestre 2021","dc_complemento_endereco":null}},{"type":"Feature","id":"ponto_revitalizado.1156","geometry":{"type":"Point","coordinates":[330357.2859,7378382.1355]},"geometry_name":"ge_ponto","properties":{"cd_identificador_ponto_revitalizado":1156,"nm_endereco":"Rua Matsuichi Wada, 468","sg_subprefeitura":"AD","nm_subprefeitura":"Cidade Ademar","cd_lote_servico":"3","tx_status_ponto_revitalizado":"Revitalizado","dt_atualizacao":"2021-12-08Z","tx_data_referencia":"1º quadrimestre 2021","dc_complemento_endereco":null}},{"type":"Feature","id":"ponto_revitalizado.1157","geometry":{"type":"Point","coordinates":[356039.1221,7397132.471]},"geometry_name":"ge_ponto","properties":{"cd_identificador_ponto_revitalizado":1157,"nm_endereco":"Rua Matutina, 40","sg_subprefeitura":"G","nm_subprefeitura":"Guaianases","cd_lote_servico":"1","tx_status_ponto_revitalizado":"Revitalizado, Reativado","dt_atualizacao":"2021-12-08Z","tx_data_referencia":"1º quadrimestre 2021","dc_complemento_endereco":null}},{"type":"Feature","id":"ponto_revitalizado.1158","geometry":{"type":"Point","coordinates":[322808.9376,7383575.3241]},"geometry_name":"ge_ponto","properties":{"cd_identificador_ponto_revitalizado":1158,"nm_endereco":"Rua Mauricio Pacheco Tavares, 11","sg_subprefeitura":"MB","nm_subprefeitura":"M'Boi Mirim","cd_lote_servico":"6","tx_status_ponto_revitalizado":"Revitalizado","dt_atualizacao":"2021-12-08Z","tx_data_referencia":"1º quadrimestre 2021","dc_complemento_endereco":null}},{"type":"Feature","id":"ponto_revitalizado.1159","geometry":{"type":"Point","coordinates":[343550.8218,7391266.2566]},"geometry_name":"ge_ponto","properties":{"cd_identificador_ponto_revitalizado":1159,"nm_endereco":"Rua Mozarlândia, 96","sg_subprefeitura":"AF","nm_subprefeitura":"Aricanduva","cd_lote_servico":"3","tx_status_ponto_revitalizado":"Revitalizado","dt_atualizacao":"2021-12-08Z","tx_data_referencia":"1º quadrimestre 2021","dc_complemento_endereco":null}},{"type":"Feature","id":"ponto_revitalizado.1160","geometry":{"type":"Point","coordinates":[343300.171,7392366.6188]},"geometry_name":"ge_ponto","properties":{"cd_identificador_ponto_revitalizado":1160,"nm_endereco":"Rua Medeiros Furtado, 381","sg_subprefeitura":"AF","nm_subprefeitura":"Aricanduva","cd_lote_servico":"3","tx_status_ponto_revitalizado":"Revitalizado","dt_atualizacao":"2021-12-08Z","tx_data_referencia":"1º quadrimestre 2021","dc_complemento_endereco":null}},{"type":"Feature","id":"ponto_revitalizado.1161","geometry":{"type":"Point","coordinates":[338551.3292,7400047.4844]},"geometry_name":"ge_ponto","properties":{"cd_identificador_ponto_revitalizado":1161,"nm_endereco":"Rua Melo Viana, 23","sg_subprefeitura":"MG","nm_subprefeitura":"Vila Maria-Vila Guilherme","cd_lote_servico":"4","tx_status_ponto_revitalizado":"Revitalizado","dt_atualizacao":"2021-12-08Z","tx_data_referencia":"1º quadrimestre 2021","dc_complemento_endereco":null}},{"type":"Feature","id":"ponto_revitalizado.1162","geometry":{"type":"Point","coordinates":[349432.6781,7389025.4418]},"geometry_name":"ge_ponto","properties":{"cd_identificador_ponto_revitalizado":1162,"nm_endereco":"Rua Mendes Viana, 122","sg_subprefeitura":"SM","nm_subprefeitura":"São Mateus","cd_lote_servico":"1","tx_status_ponto_revitalizado":"Revitalizado","dt_atualizacao":"2021-12-08Z","tx_data_referencia":"1º quadrimestre 2021","dc_complemento_endereco":null}},{"type":"Feature","id":"ponto_revitalizado.1163","geometry":{"type":"Point","coordinates":[330024.3592,7402674.6837]},"geometry_name":"ge_ponto","properties":{"cd_identificador_ponto_revitalizado":1163,"nm_endereco":"Rua Mendonça Junior","sg_subprefeitura":"CV","nm_subprefeitura":"Casa Verde","cd_lote_servico":"4","tx_status_ponto_revitalizado":"Revitalizado","dt_atualizacao":"2021-12-08Z","tx_data_referencia":"1º quadrimestre 2021","dc_complemento_endereco":null}},{"type":"Feature","id":"ponto_revitalizado.1164","geometry":{"type":"Point","coordinates":[329247.6161,7379337.155]},"geometry_name":"ge_ponto","properties":{"cd_identificador_ponto_revitalizado":1164,"nm_endereco":"Rua Antônio Fernandes de Oliveira, 324","sg_subprefeitura":"SA","nm_subprefeitura":"Santo Amaro","cd_lote_servico":"6","tx_status_ponto_revitalizado":"Revitalizado","dt_atualizacao":"2021-12-08Z","tx_data_referencia":"1º quadrimestre 2021","dc_complemento_endereco":null}},{"type":"Feature","id":"ponto_revitalizado.1165","geometry":{"type":"Point","coordinates":[357646.7331,7391611.1575]},"geometry_name":"ge_ponto","properties":{"cd_identificador_ponto_revitalizado":1165,"nm_endereco":"Rua Meu Destino, 40","sg_subprefeitura":"CT","nm_subprefeitura":"Cidade Tiradentes","cd_lote_servico":"1","tx_status_ponto_revitalizado":"Revitalizado","dt_atualizacao":"2021-12-08Z","tx_data_referencia":"1º quadrimestre 2021","dc_complemento_endereco":null}},{"type":"Feature","id":"ponto_revitalizado.1166","geometry":{"type":"Point","coordinates":[345275.422,7390922.4782]},"geometry_name":"ge_ponto","properties":{"cd_identificador_ponto_revitalizado":1166,"nm_endereco":"Rua Miguel Bastos Soares & Avenida Lauro Xerfan","sg_subprefeitura":"AF","nm_subprefeitura":"Aricanduva","cd_lote_servico":"3","tx_status_ponto_revitalizado":"Revitalizado","dt_atualizacao":"2021-12-08Z","tx_data_referencia":"1º quadrimestre 2021","dc_complemento_endereco":null}},{"type":"Feature","id":"ponto_revitalizado.1167","geometry":{"type":"Point","coordinates":[357388.8415,7390415.408]},"geometry_name":"ge_ponto","properties":{"cd_identificador_ponto_revitalizado":1167,"nm_endereco":"Rua Miguel João de Castro, 35","sg_subprefeitura":"CT","nm_subprefeitura":"Cidade Tiradentes","cd_lote_servico":"1","tx_status_ponto_revitalizado":"Eliminado","dt_atualizacao":"2021-12-08Z","tx_data_referencia":"1º quadrimestre 2021","dc_complemento_endereco":null}},{"type":"Feature","id":"ponto_revitalizado.1168","geometry":{"type":"Point","coordinates":[332228.9933,7379427.2451]},"geometry_name":"ge_ponto","properties":{"cd_identificador_ponto_revitalizado":1168,"nm_endereco":"Rua Mimi, 42","sg_subprefeitura":"AD","nm_subprefeitura":"Cidade Ademar","cd_lote_servico":"3","tx_status_ponto_revitalizado":"Revitalizado","dt_atualizacao":"2021-12-08Z","tx_data_referencia":"1º quadrimestre 2021","dc_complemento_endereco":null}},{"type":"Feature","id":"ponto_revitalizado.1169","geometry":{"type":"Point","coordinates":[346012.7153,7392245.9362]},"geometry_name":"ge_ponto","properties":{"cd_identificador_ponto_revitalizado":1169,"nm_endereco":"Rua Minérios Atômicos, 777","sg_subprefeitura":"AF","nm_subprefeitura":"Aricanduva","cd_lote_servico":"3","tx_status_ponto_revitalizado":"Revitalizado","dt_atualizacao":"2021-12-08Z","tx_data_referencia":"1º quadrimestre 2021","dc_complemento_endereco":null}},{"type":"Feature","id":"ponto_revitalizado.1170","geometry":{"type":"Point","coordinates":[329653.2792,7404941.8256]},"geometry_name":"ge_ponto","properties":{"cd_identificador_ponto_revitalizado":1170,"nm_endereco":"Rua Ministro Lins de Barros, 545","sg_subprefeitura":"CV","nm_subprefeitura":"Casa Verde","cd_lote_servico":"4","tx_status_ponto_revitalizado":"Revitalizado","dt_atualizacao":"2021-12-08Z","tx_data_referencia":"1º quadrimestre 2021","dc_complemento_endereco":null}},{"type":"Feature","id":"ponto_revitalizado.1171","geometry":{"type":"Point","coordinates":[329661.2369,7405136.8436]},"geometry_name":"ge_ponto","properties":{"cd_identificador_ponto_revitalizado":1171,"nm_endereco":"Rua Ministro Lins de Barros, 800","sg_subprefeitura":"CV","nm_subprefeitura":"Casa Verde","cd_lote_servico":"4","tx_status_ponto_revitalizado":"Revitalizado","dt_atualizacao":"2021-12-08Z","tx_data_referencia":"1º quadrimestre 2021","dc_complemento_endereco":null}},{"type":"Feature","id":"ponto_revitalizado.1172","geometry":{"type":"Point","coordinates":[343097.1663,7397782.2075]},"geometry_name":"ge_ponto","properties":{"cd_identificador_ponto_revitalizado":1172,"nm_endereco":"Rua Mirandinha & Avenida Amador Bueno da Veiga","sg_subprefeitura":"PE","nm_subprefeitura":"Penha","cd_lote_servico":"4","tx_status_ponto_revitalizado":"Revitalizado","dt_atualizacao":"2021-12-08Z","tx_data_referencia":"1º quadrimestre 2021","dc_complemento_endereco":null}},{"type":"Feature","id":"ponto_revitalizado.1173","geometry":{"type":"Point","coordinates":[330652.1779,7387316.9153]},"geometry_name":"ge_ponto","properties":{"cd_identificador_ponto_revitalizado":1173,"nm_endereco":"Rua Miruna, 788","sg_subprefeitura":"VM","nm_subprefeitura":"Vila Mariana","cd_lote_servico":"3","tx_status_ponto_revitalizado":"Revitalizado","dt_atualizacao":"2021-12-08Z","tx_data_referencia":"1º quadrimestre 2021","dc_complemento_endereco":null}},{"type":"Feature","id":"ponto_revitalizado.1174","geometry":{"type":"Point","coordinates":[324856.9082,7384492.5904]},"geometry_name":"ge_ponto","properties":{"cd_identificador_ponto_revitalizado":1174,"nm_endereco":"Rua Missionários","sg_subprefeitura":"SA","nm_subprefeitura":"Santo Amaro","cd_lote_servico":"6","tx_status_ponto_revitalizado":"Revitalizado","dt_atualizacao":"2021-12-08Z","tx_data_referencia":"1º quadrimestre 2021","dc_complemento_endereco":null}},{"type":"Feature","id":"ponto_revitalizado.1175","geometry":{"type":"Point","coordinates":[318479.2173,7382038.781]},"geometry_name":"ge_ponto","properties":{"cd_identificador_ponto_revitalizado":1175,"nm_endereco":"Rua Modelar & Estrada de Itapecerica","sg_subprefeitura":"CL","nm_subprefeitura":"Campo Limpo","cd_lote_servico":"6","tx_status_ponto_revitalizado":"Revitalizado","dt_atualizacao":"2021-12-08Z","tx_data_referencia":"1º quadrimestre 2021","dc_complemento_endereco":null}},{"type":"Feature","id":"ponto_revitalizado.1176","geometry":{"type":"Point","coordinates":[357172.3736,7390822.1494]},"geometry_name":"ge_ponto","properties":{"cd_identificador_ponto_revitalizado":1176,"nm_endereco":"Rua Moisés de Corena, 590","sg_subprefeitura":"CT","nm_subprefeitura":"Cidade Tiradentes","cd_lote_servico":"1","tx_status_ponto_revitalizado":"Revitalizado","dt_atualizacao":"2021-12-08Z","tx_data_referencia":"1º quadrimestre 2021","dc_complemento_endereco":null}},{"type":"Feature","id":"ponto_revitalizado.1177","geometry":{"type":"Point","coordinates":[357229.0013,7390634.7871]},"geometry_name":"ge_ponto","properties":{"cd_identificador_ponto_revitalizado":1177,"nm_endereco":"Rua Moisés de Corena, 670","sg_subprefeitura":"CT","nm_subprefeitura":"Cidade Tiradentes","cd_lote_servico":"1","tx_status_ponto_revitalizado":"Revitalizado","dt_atualizacao":"2021-12-08Z","tx_data_referencia":"1º quadrimestre 2021","dc_complemento_endereco":null}},{"type":"Feature","id":"ponto_revitalizado.1178","geometry":{"type":"Point","coordinates":[354440.7764,7402146.6555]},"geometry_name":"ge_ponto","properties":{"cd_identificador_ponto_revitalizado":1178,"nm_endereco":"Rua Monsenhor Lourenço Giordano, 53","sg_subprefeitura":"MP","nm_subprefeitura":"São Miguel Paulista","cd_lote_servico":"1","tx_status_ponto_revitalizado":"Revitalizado","dt_atualizacao":"2021-12-08Z","tx_data_referencia":"1º quadrimestre 2021","dc_complemento_endereco":null}},{"type":"Feature","id":"ponto_revitalizado.1179","geometry":{"type":"Point","coordinates":[328694.5294,7402078.7673]},"geometry_name":"ge_ponto","properties":{"cd_identificador_ponto_revitalizado":1179,"nm_endereco":"Rua Monsenhor Paulo Fernandes de Barros & Avenida Inajar de Souza","sg_subprefeitura":"FB","nm_subprefeitura":"Freguesia Do Ó","cd_lote_servico":"4","tx_status_ponto_revitalizado":"Revitalizado","dt_atualizacao":"2021-12-08Z","tx_data_referencia":"1º quadrimestre 2021","dc_complemento_endereco":null}},{"type":"Feature","id":"ponto_revitalizado.1180","geometry":{"type":"Point","coordinates":[327169.8372,7393332.1338]},"geometry_name":"ge_ponto","properties":{"cd_identificador_ponto_revitalizado":1180,"nm_endereco":"Rua Morás, 07","sg_subprefeitura":"PI","nm_subprefeitura":"Pinheiros","cd_lote_servico":"5","tx_status_ponto_revitalizado":"Revitalizado","dt_atualizacao":"2021-12-08Z","tx_data_referencia":"1º quadrimestre 2021","dc_complemento_endereco":null}},{"type":"Feature","id":"ponto_revitalizado.1181","geometry":{"type":"Point","coordinates":[352853.0107,7396522.6248]},"geometry_name":"ge_ponto","properties":{"cd_identificador_ponto_revitalizado":1181,"nm_endereco":"Rua Narciso Araújo, 907","sg_subprefeitura":"IQ","nm_subprefeitura":"Itaquera","cd_lote_servico":"1","tx_status_ponto_revitalizado":"Revitalizado","dt_atualizacao":"2021-12-08Z","tx_data_referencia":"1º quadrimestre 2021","dc_complemento_endereco":null}},{"type":"Feature","id":"ponto_revitalizado.1182","geometry":{"type":"Point","coordinates":[355888.7022,7389654.5046]},"geometry_name":"ge_ponto","properties":{"cd_identificador_ponto_revitalizado":1182,"nm_endereco":"Rua Nascer do Sol","sg_subprefeitura":"CT","nm_subprefeitura":"Cidade Tiradentes","cd_lote_servico":"1","tx_status_ponto_revitalizado":"Revitalizado","dt_atualizacao":"2021-12-08Z","tx_data_referencia":"1º quadrimestre 2021","dc_complemento_endereco":null}},{"type":"Feature","id":"ponto_revitalizado.1183","geometry":{"type":"Point","coordinates":[355902.3028,7390530.9393]},"geometry_name":"ge_ponto","properties":{"cd_identificador_ponto_revitalizado":1183,"nm_endereco":"Rua Nascer do Sol, 155","sg_subprefeitura":"CT","nm_subprefeitura":"Cidade Tiradentes","cd_lote_servico":"1","tx_status_ponto_revitalizado":"Revitalizado","dt_atualizacao":"2021-12-08Z","tx_data_referencia":"1º quadrimestre 2021","dc_complemento_endereco":null}},{"type":"Feature","id":"ponto_revitalizado.1184","geometry":{"type":"Point","coordinates":[341413.2259,7398148.3739]},"geometry_name":"ge_ponto","properties":{"cd_identificador_ponto_revitalizado":1184,"nm_endereco":"Rua Natal Basile","sg_subprefeitura":"PE","nm_subprefeitura":"Penha","cd_lote_servico":"4","tx_status_ponto_revitalizado":"Revitalizado","dt_atualizacao":"2021-12-08Z","tx_data_referencia":"1º quadrimestre 2021","dc_complemento_endereco":null}},{"type":"Feature","id":"ponto_revitalizado.1185","geometry":{"type":"Point","coordinates":[326958.4779,7394801.0313]},"geometry_name":"ge_ponto","properties":{"cd_identificador_ponto_revitalizado":1185,"nm_endereco":"Rua Natingui, 88","sg_subprefeitura":"PI","nm_subprefeitura":"Pinheiros","cd_lote_servico":"5","tx_status_ponto_revitalizado":"Revitalizado","dt_atualizacao":"2021-12-08Z","tx_data_referencia":"1º quadrimestre 2021","dc_complemento_endereco":null}},{"type":"Feature","id":"ponto_revitalizado.1186","geometry":{"type":"Point","coordinates":[327598.1678,7392896.4911]},"geometry_name":"ge_ponto","properties":{"cd_identificador_ponto_revitalizado":1186,"nm_endereco":"Rua Navarro de Andrade & Rua Antonio Bicudo","sg_subprefeitura":"PI","nm_subprefeitura":"Pinheiros","cd_lote_servico":"5","tx_status_ponto_revitalizado":"Revitalizado","dt_atualizacao":"2021-12-08Z","tx_data_referencia":"1º quadrimestre 2021","dc_complemento_endereco":null}},{"type":"Feature","id":"ponto_revitalizado.1187","geometry":{"type":"Point","coordinates":[346927.1043,7389736.0666]},"geometry_name":"ge_ponto","properties":{"cd_identificador_ponto_revitalizado":1187,"nm_endereco":"Rua Nepomuceno, 01","sg_subprefeitura":"SM","nm_subprefeitura":"São Mateus","cd_lote_servico":"1","tx_status_ponto_revitalizado":"Revitalizado","dt_atualizacao":"2021-12-08Z","tx_data_referencia":"1º quadrimestre 2021","dc_complemento_endereco":null}},{"type":"Feature","id":"ponto_revitalizado.1188","geometry":{"type":"Point","coordinates":[325593.2028,7376683.1778]},"geometry_name":"ge_ponto","properties":{"cd_identificador_ponto_revitalizado":1188,"nm_endereco":"Rua Nicolau Alayon & Avenida Atlântica","sg_subprefeitura":"CS","nm_subprefeitura":"Capela Do Socorro","cd_lote_servico":"6","tx_status_ponto_revitalizado":"Revitalizado","dt_atualizacao":"2021-12-08Z","tx_data_referencia":"1º quadrimestre 2021","dc_complemento_endereco":null}},{"type":"Feature","id":"ponto_revitalizado.1189","geometry":{"type":"Point","coordinates":[320505.6805,7383481.3276]},"geometry_name":"ge_ponto","properties":{"cd_identificador_ponto_revitalizado":1189,"nm_endereco":"Rua Noanamá, 135","sg_subprefeitura":"CL","nm_subprefeitura":"Campo Limpo","cd_lote_servico":"6","tx_status_ponto_revitalizado":"Revitalizado","dt_atualizacao":"2021-12-08Z","tx_data_referencia":"1º quadrimestre 2021","dc_complemento_endereco":null}},{"type":"Feature","id":"ponto_revitalizado.1190","geometry":{"type":"Point","coordinates":[343395.3108,7392538.1897]},"geometry_name":"ge_ponto","properties":{"cd_identificador_ponto_revitalizado":1190,"nm_endereco":"Rua Nossa Senhora das Dores, 361","sg_subprefeitura":"AF","nm_subprefeitura":"Aricanduva","cd_lote_servico":"3","tx_status_ponto_revitalizado":"Revitalizado","dt_atualizacao":"2021-12-08Z","tx_data_referencia":"1º quadrimestre 2021","dc_complemento_endereco":null}},{"type":"Feature","id":"ponto_revitalizado.1191","geometry":{"type":"Point","coordinates":[322340.3112,7381701.8621]},"geometry_name":"ge_ponto","properties":{"cd_identificador_ponto_revitalizado":1191,"nm_endereco":"Rua Nova do Tuparoquera","sg_subprefeitura":"MB","nm_subprefeitura":"M'Boi Mirim","cd_lote_servico":"6","tx_status_ponto_revitalizado":"Revitalizado","dt_atualizacao":"2021-12-08Z","tx_data_referencia":"1º quadrimestre 2021","dc_complemento_endereco":null}},{"type":"Feature","id":"ponto_revitalizado.1192","geometry":{"type":"Point","coordinates":[322668.4046,7382447.1826]},"geometry_name":"ge_ponto","properties":{"cd_identificador_ponto_revitalizado":1192,"nm_endereco":"Rua Nova do Tuparoquera, 228","sg_subprefeitura":"MB","nm_subprefeitura":"M'Boi Mirim","cd_lote_servico":"6","tx_status_ponto_revitalizado":"Revitalizado","dt_atualizacao":"2021-12-08Z","tx_data_referencia":"1º quadrimestre 2021","dc_complemento_endereco":null}},{"type":"Feature","id":"ponto_revitalizado.1193","geometry":{"type":"Point","coordinates":[357411.7641,7392009.306]},"geometry_name":"ge_ponto","properties":{"cd_identificador_ponto_revitalizado":1193,"nm_endereco":"Rua Nova Guaianazes, 528","sg_subprefeitura":"CT","nm_subprefeitura":"Cidade Tiradentes","cd_lote_servico":"1","tx_status_ponto_revitalizado":"Eliminado","dt_atualizacao":"2021-12-08Z","tx_data_referencia":"1º quadrimestre 2021","dc_complemento_endereco":null}},{"type":"Feature","id":"ponto_revitalizado.1194","geometry":{"type":"Point","coordinates":[330492.0836,7403530.5632]},"geometry_name":"ge_ponto","properties":{"cd_identificador_ponto_revitalizado":1194,"nm_endereco":"Rua Odassi Nazzali, 9","sg_subprefeitura":"CV","nm_subprefeitura":"Casa Verde","cd_lote_servico":"4","tx_status_ponto_revitalizado":"Revitalizado","dt_atualizacao":"2021-12-08Z","tx_data_referencia":"1º quadrimestre 2021","dc_complemento_endereco":null}},{"type":"Feature","id":"ponto_revitalizado.1195","geometry":{"type":"Point","coordinates":[343348.1817,7400113.6775]},"geometry_name":"ge_ponto","properties":{"cd_identificador_ponto_revitalizado":1195,"nm_endereco":"Rua Olga Artacho, 27","sg_subprefeitura":"PE","nm_subprefeitura":"Penha","cd_lote_servico":"4","tx_status_ponto_revitalizado":"Revitalizado","dt_atualizacao":"2021-12-08Z","tx_data_referencia":"1º quadrimestre 2021","dc_complemento_endereco":null}},{"type":"Feature","id":"ponto_revitalizado.1196","geometry":{"type":"Point","coordinates":[343485.8613,7400199.7577]},"geometry_name":"ge_ponto","properties":{"cd_identificador_ponto_revitalizado":1196,"nm_endereco":"Rua Olga Artacho, 56","sg_subprefeitura":"PE","nm_subprefeitura":"Penha","cd_lote_servico":"4","tx_status_ponto_revitalizado":"Revitalizado","dt_atualizacao":"2021-12-08Z","tx_data_referencia":"1º quadrimestre 2021","dc_complemento_endereco":null}},{"type":"Feature","id":"ponto_revitalizado.1197","geometry":{"type":"Point","coordinates":[346326.6558,7400658.1578]},"geometry_name":"ge_ponto","properties":{"cd_identificador_ponto_revitalizado":1197,"nm_endereco":"Rua Olho D'água do Borges, 636","sg_subprefeitura":"PE","nm_subprefeitura":"Penha","cd_lote_servico":"4","tx_status_ponto_revitalizado":"Revitalizado","dt_atualizacao":"2021-12-08Z","tx_data_referencia":"1º quadrimestre 2021","dc_complemento_endereco":null}},{"type":"Feature","id":"ponto_revitalizado.1198","geometry":{"type":"Point","coordinates":[318053.0095,7382728.6077]},"geometry_name":"ge_ponto","properties":{"cd_identificador_ponto_revitalizado":1198,"nm_endereco":"Rua Olimpio Rodrigues de Araujo, 1698","sg_subprefeitura":"CL","nm_subprefeitura":"Campo Limpo","cd_lote_servico":"6","tx_status_ponto_revitalizado":"Revitalizado","dt_atualizacao":"2021-12-08Z","tx_data_referencia":"1º quadrimestre 2021","dc_complemento_endereco":null}},{"type":"Feature","id":"ponto_revitalizado.1199","geometry":{"type":"Point","coordinates":[332852.7705,7381063.6342]},"geometry_name":"ge_ponto","properties":{"cd_identificador_ponto_revitalizado":1199,"nm_endereco":"Rua Olivério Girondo, 18","sg_subprefeitura":"AD","nm_subprefeitura":"Cidade Ademar","cd_lote_servico":"3","tx_status_ponto_revitalizado":"Revitalizado","dt_atualizacao":"2021-12-08Z","tx_data_referencia":"1º quadrimestre 2021","dc_complemento_endereco":null}},{"type":"Feature","id":"ponto_revitalizado.1200","geometry":{"type":"Point","coordinates":[341872.2363,7398785.5922]},"geometry_name":"ge_ponto","properties":{"cd_identificador_ponto_revitalizado":1200,"nm_endereco":"Rua Olivio Guelfi, 107","sg_subprefeitura":"PE","nm_subprefeitura":"Penha","cd_lote_servico":"4","tx_status_ponto_revitalizado":"Revitalizado","dt_atualizacao":"2021-12-08Z","tx_data_referencia":"1º quadrimestre 2021","dc_complemento_endereco":null}},{"type":"Feature","id":"ponto_revitalizado.1201","geometry":{"type":"Point","coordinates":[326646.3384,7382871.6742]},"geometry_name":"ge_ponto","properties":{"cd_identificador_ponto_revitalizado":1201,"nm_endereco":"Rua Omar Cardoso","sg_subprefeitura":"SA","nm_subprefeitura":"Santo Amaro","cd_lote_servico":"6","tx_status_ponto_revitalizado":"Revitalizado","dt_atualizacao":"2021-12-08Z","tx_data_referencia":"1º quadrimestre 2021","dc_complemento_endereco":null}},{"type":"Feature","id":"ponto_revitalizado.1202","geometry":{"type":"Point","coordinates":[347040.4545,7388989.828]},"geometry_name":"ge_ponto","properties":{"cd_identificador_ponto_revitalizado":1202,"nm_endereco":"Rua Oreste Damolin","sg_subprefeitura":"SB","nm_subprefeitura":"Sapopemba","cd_lote_servico":"1","tx_status_ponto_revitalizado":"Eliminado","dt_atualizacao":"2021-12-08Z","tx_data_referencia":"1º quadrimestre 2021","dc_complemento_endereco":null}},{"type":"Feature","id":"ponto_revitalizado.1203","geometry":{"type":"Point","coordinates":[340036.4087,7389306.6969]},"geometry_name":"ge_ponto","properties":{"cd_identificador_ponto_revitalizado":1203,"nm_endereco":"Rua Orlando, 246","sg_subprefeitura":"VP","nm_subprefeitura":"Vila Prudente","cd_lote_servico":"3","tx_status_ponto_revitalizado":"Revitalizado","dt_atualizacao":"2021-12-08Z","tx_data_referencia":"1º quadrimestre 2021","dc_complemento_endereco":null}},{"type":"Feature","id":"ponto_revitalizado.1204","geometry":{"type":"Point","coordinates":[328042.9323,7387119.3694]},"geometry_name":"ge_ponto","properties":{"cd_identificador_ponto_revitalizado":1204,"nm_endereco":"Rua Oscar Gomes Cardim & Avenida Jornalista Roberto Marinho","sg_subprefeitura":"PI","nm_subprefeitura":"Pinheiros","cd_lote_servico":"5","tx_status_ponto_revitalizado":"Revitalizado","dt_atualizacao":"2021-12-08Z","tx_data_referencia":"1º quadrimestre 2021","dc_complemento_endereco":null}},{"type":"Feature","id":"ponto_revitalizado.1205","geometry":{"type":"Point","coordinates":[330359.0824,7382592.2207]},"geometry_name":"ge_ponto","properties":{"cd_identificador_ponto_revitalizado":1205,"nm_endereco":"Travessa Octavio de Abreu Sampaio","sg_subprefeitura":"JA","nm_subprefeitura":"Jabaquara","cd_lote_servico":"3","tx_status_ponto_revitalizado":"Revitalizado","dt_atualizacao":"2021-12-08Z","tx_data_referencia":"1º quadrimestre 2021","dc_complemento_endereco":null}},{"type":"Feature","id":"ponto_revitalizado.1206","geometry":{"type":"Point","coordinates":[325988.031,7381799.7654]},"geometry_name":"ge_ponto","properties":{"cd_identificador_ponto_revitalizado":1206,"nm_endereco":"Rua Otávio de Castro Filho","sg_subprefeitura":"SA","nm_subprefeitura":"Santo Amaro","cd_lote_servico":"6","tx_status_ponto_revitalizado":"Revitalizado","dt_atualizacao":"2021-12-08Z","tx_data_referencia":"1º quadrimestre 2021","dc_complemento_endereco":null}},{"type":"Feature","id":"ponto_revitalizado.1207","geometry":{"type":"Point","coordinates":[329113.1602,7387668.8919]},"geometry_name":"ge_ponto","properties":{"cd_identificador_ponto_revitalizado":1207,"nm_endereco":"Rua Otávio Tarquínio de Sousa, 1815","sg_subprefeitura":"SA","nm_subprefeitura":"Santo Amaro","cd_lote_servico":"6","tx_status_ponto_revitalizado":"Revitalizado","dt_atualizacao":"2021-12-08Z","tx_data_referencia":"1º quadrimestre 2021","dc_complemento_endereco":null}},{"type":"Feature","id":"ponto_revitalizado.1208","geometry":{"type":"Point","coordinates":[330567.679,7400345.0664]},"geometry_name":"ge_ponto","properties":{"cd_identificador_ponto_revitalizado":1208,"nm_endereco":"Rua Ouro Grosso, 1327","sg_subprefeitura":"CV","nm_subprefeitura":"Casa Verde","cd_lote_servico":"4","tx_status_ponto_revitalizado":"Revitalizado","dt_atualizacao":"2021-12-08Z","tx_data_referencia":"1º quadrimestre 2021","dc_complemento_endereco":null}},{"type":"Feature","id":"ponto_revitalizado.1209","geometry":{"type":"Point","coordinates":[351143.9147,7394318.169]},"geometry_name":"ge_ponto","properties":{"cd_identificador_ponto_revitalizado":1209,"nm_endereco":"Rua Oveleiro & Rua Encerca","sg_subprefeitura":"IQ","nm_subprefeitura":"Itaquera","cd_lote_servico":"1","tx_status_ponto_revitalizado":"Revitalizado","dt_atualizacao":"2021-12-08Z","tx_data_referencia":"1º quadrimestre 2021","dc_complemento_endereco":null}},{"type":"Feature","id":"ponto_revitalizado.1210","geometry":{"type":"Point","coordinates":[331658.8298,7380748.6129]},"geometry_name":"ge_ponto","properties":{"cd_identificador_ponto_revitalizado":1210,"nm_endereco":"Rua Públio Pimentel, 652","sg_subprefeitura":"AD","nm_subprefeitura":"Cidade Ademar","cd_lote_servico":"3","tx_status_ponto_revitalizado":"Revitalizado","dt_atualizacao":"2021-12-08Z","tx_data_referencia":"1º quadrimestre 2021","dc_complemento_endereco":null}},{"type":"Feature","id":"ponto_revitalizado.1211","geometry":{"type":"Point","coordinates":[338517.7633,7385799.1115]},"geometry_name":"ge_ponto","properties":{"cd_identificador_ponto_revitalizado":1211,"nm_endereco":"Rua Padre Antônio Gennaro","sg_subprefeitura":"IP","nm_subprefeitura":"Ipiranga","cd_lote_servico":"3","tx_status_ponto_revitalizado":"Revitalizado","dt_atualizacao":"2021-12-08Z","tx_data_referencia":"1º quadrimestre 2021","dc_complemento_endereco":null}},{"type":"Feature","id":"ponto_revitalizado.1212","geometry":{"type":"Point","coordinates":[336414.0109,7402757.1141]},"geometry_name":"ge_ponto","properties":{"cd_identificador_ponto_revitalizado":1212,"nm_endereco":"Rua Padre Leão Peruche, 450","sg_subprefeitura":"ST","nm_subprefeitura":"Santana-Tucuruvi","cd_lote_servico":"4","tx_status_ponto_revitalizado":"Revitalizado","dt_atualizacao":"2021-12-08Z","tx_data_referencia":"1º quadrimestre 2021","dc_complemento_endereco":null}},{"type":"Feature","id":"ponto_revitalizado.1213","geometry":{"type":"Point","coordinates":[320410.9048,7410461.1971]},"geometry_name":"ge_ponto","properties":{"cd_identificador_ponto_revitalizado":1213,"nm_endereco":"Rua Padre Manuel Campello","sg_subprefeitura":"PR","nm_subprefeitura":"Perus-Anhanguera","cd_lote_servico":"5","tx_status_ponto_revitalizado":"Revitalizado","dt_atualizacao":"2021-12-08Z","tx_data_referencia":"1º quadrimestre 2021","dc_complemento_endereco":null}},{"type":"Feature","id":"ponto_revitalizado.1214","geometry":{"type":"Point","coordinates":[344769.9815,7390940.3733]},"geometry_name":"ge_ponto","properties":{"cd_identificador_ponto_revitalizado":1214,"nm_endereco":"Rua Padre Miguelinho & Avenida da Barreira Grande","sg_subprefeitura":"AF","nm_subprefeitura":"Aricanduva","cd_lote_servico":"3","tx_status_ponto_revitalizado":"Revitalizado","dt_atualizacao":"2021-12-08Z","tx_data_referencia":"1º quadrimestre 2021","dc_complemento_endereco":null}},{"type":"Feature","id":"ponto_revitalizado.1215","geometry":{"type":"Point","coordinates":[338429.9233,7400684.0628]},"geometry_name":"ge_ponto","properties":{"cd_identificador_ponto_revitalizado":1215,"nm_endereco":"Rua Padre Sabóia de Medeiros & Avenida Belisário Pena","sg_subprefeitura":"MG","nm_subprefeitura":"Vila Maria-Vila Guilherme","cd_lote_servico":"4","tx_status_ponto_revitalizado":"Eliminado","dt_atualizacao":"2021-12-08Z","tx_data_referencia":"1º quadrimestre 2021","dc_complemento_endereco":null}},{"type":"Feature","id":"ponto_revitalizado.1216","geometry":{"type":"Point","coordinates":[351182.4876,7396087.1341]},"geometry_name":"ge_ponto","properties":{"cd_identificador_ponto_revitalizado":1216,"nm_endereco":"Rua Padre Viegas de Menezes, 68","sg_subprefeitura":"IQ","nm_subprefeitura":"Itaquera","cd_lote_servico":"1","tx_status_ponto_revitalizado":"Revitalizado","dt_atualizacao":"2021-12-08Z","tx_data_referencia":"1º quadrimestre 2021","dc_complemento_endereco":null}},{"type":"Feature","id":"ponto_revitalizado.1217","geometry":{"type":"Point","coordinates":[337433.4782,7398624.184]},"geometry_name":"ge_ponto","properties":{"cd_identificador_ponto_revitalizado":1217,"nm_endereco":"Rua Paes Barreto & Rua Tomas Speers","sg_subprefeitura":"MG","nm_subprefeitura":"Vila Maria-Vila Guilherme","cd_lote_servico":"4","tx_status_ponto_revitalizado":"Revitalizado","dt_atualizacao":"2021-12-08Z","tx_data_referencia":"1º quadrimestre 2021","dc_complemento_endereco":null}},{"type":"Feature","id":"ponto_revitalizado.1218","geometry":{"type":"Point","coordinates":[333783.8294,7386273.0891]},"geometry_name":"ge_ponto","properties":{"cd_identificador_ponto_revitalizado":1218,"nm_endereco":"Rua Palermo, 10","sg_subprefeitura":"VM","nm_subprefeitura":"Vila Mariana","cd_lote_servico":"3","tx_status_ponto_revitalizado":"Revitalizado","dt_atualizacao":"2021-12-08Z","tx_data_referencia":"1º quadrimestre 2021","dc_complemento_endereco":null}},{"type":"Feature","id":"ponto_revitalizado.1219","geometry":{"type":"Point","coordinates":[329603.3701,7385369.4653]},"geometry_name":"ge_ponto","properties":{"cd_identificador_ponto_revitalizado":1219,"nm_endereco":"Rua Palmares, 851","sg_subprefeitura":"SA","nm_subprefeitura":"Santo Amaro","cd_lote_servico":"6","tx_status_ponto_revitalizado":"Revitalizado","dt_atualizacao":"2021-12-08Z","tx_data_referencia":"1º quadrimestre 2021","dc_complemento_endereco":null}},{"type":"Feature","id":"ponto_revitalizado.1220","geometry":{"type":"Point","coordinates":[345908.7058,7387534.6703]},"geometry_name":"ge_ponto","properties":{"cd_identificador_ponto_revitalizado":1220,"nm_endereco":"Rua Palmeira Bacaba, 12","sg_subprefeitura":"SB","nm_subprefeitura":"Sapopemba","cd_lote_servico":"1","tx_status_ponto_revitalizado":"Revitalizado","dt_atualizacao":"2021-12-08Z","tx_data_referencia":"1º quadrimestre 2021","dc_complemento_endereco":null}},{"type":"Feature","id":"ponto_revitalizado.1221","geometry":{"type":"Point","coordinates":[334953.5799,7396547.5699]},"geometry_name":"ge_ponto","properties":{"cd_identificador_ponto_revitalizado":1221,"nm_endereco":"Rua Paraíba, 133","sg_subprefeitura":"MO","nm_subprefeitura":"Mooca","cd_lote_servico":"2","tx_status_ponto_revitalizado":"Eliminado","dt_atualizacao":"2021-12-08Z","tx_data_referencia":"1º quadrimestre 2021","dc_complemento_endereco":null}},{"type":"Feature","id":"ponto_revitalizado.1222","geometry":{"type":"Point","coordinates":[323068.1708,7362498.383]},"geometry_name":"ge_ponto","properties":{"cd_identificador_ponto_revitalizado":1222,"nm_endereco":"Rua Paralela, 420","sg_subprefeitura":"PA","nm_subprefeitura":"Parelheiros","cd_lote_servico":"6","tx_status_ponto_revitalizado":"Revitalizado","dt_atualizacao":"2021-12-08Z","tx_data_referencia":"1º quadrimestre 2021","dc_complemento_endereco":null}},{"type":"Feature","id":"ponto_revitalizado.1223","geometry":{"type":"Point","coordinates":[357132.7187,7392853.3066]},"geometry_name":"ge_ponto","properties":{"cd_identificador_ponto_revitalizado":1223,"nm_endereco":"Rua Particular Dois, 59","sg_subprefeitura":"CT","nm_subprefeitura":"Cidade Tiradentes","cd_lote_servico":"1","tx_status_ponto_revitalizado":"Revitalizado","dt_atualizacao":"2021-12-08Z","tx_data_referencia":"1º quadrimestre 2021","dc_complemento_endereco":null}},{"type":"Feature","id":"ponto_revitalizado.1224","geometry":{"type":"Point","coordinates":[329118.7297,7382112.4254]},"geometry_name":"ge_ponto","properties":{"cd_identificador_ponto_revitalizado":1224,"nm_endereco":"Rua Pascoal Melantonio, 128","sg_subprefeitura":"AD","nm_subprefeitura":"Cidade Ademar","cd_lote_servico":"3","tx_status_ponto_revitalizado":"Revitalizado","dt_atualizacao":"2021-12-08Z","tx_data_referencia":"1º quadrimestre 2021","dc_complemento_endereco":null}},{"type":"Feature","id":"ponto_revitalizado.1225","geometry":{"type":"Point","coordinates":[348654.3236,7389633.691]},"geometry_name":"ge_ponto","properties":{"cd_identificador_ponto_revitalizado":1225,"nm_endereco":"Rua Paulino Cursi, 382","sg_subprefeitura":"SM","nm_subprefeitura":"São Mateus","cd_lote_servico":"1","tx_status_ponto_revitalizado":"Revitalizado","dt_atualizacao":"2021-12-08Z","tx_data_referencia":"1º quadrimestre 2021","dc_complemento_endereco":null}},{"type":"Feature","id":"ponto_revitalizado.1226","geometry":{"type":"Point","coordinates":[335969.9427,7397522.5218]},"geometry_name":"ge_ponto","properties":{"cd_identificador_ponto_revitalizado":1226,"nm_endereco":"Rua Paulo Andrighetti, 1484","sg_subprefeitura":"MO","nm_subprefeitura":"Mooca","cd_lote_servico":"2","tx_status_ponto_revitalizado":"Revitalizado","dt_atualizacao":"2021-12-08Z","tx_data_referencia":"1º quadrimestre 2021","dc_complemento_endereco":null}},{"type":"Feature","id":"ponto_revitalizado.1227","geometry":{"type":"Point","coordinates":[325892.7461,7382959.8171]},"geometry_name":"ge_ponto","properties":{"cd_identificador_ponto_revitalizado":1227,"nm_endereco":"Rua Paulo Eiró","sg_subprefeitura":"SA","nm_subprefeitura":"Santo Amaro","cd_lote_servico":"6","tx_status_ponto_revitalizado":"Revitalizado","dt_atualizacao":"2021-12-08Z","tx_data_referencia":"1º quadrimestre 2021","dc_complemento_endereco":null}},{"type":"Feature","id":"ponto_revitalizado.1228","geometry":{"type":"Point","coordinates":[322428.995,7382142.6635]},"geometry_name":"ge_ponto","properties":{"cd_identificador_ponto_revitalizado":1228,"nm_endereco":"Rua Paulo Lemore, 580","sg_subprefeitura":"MB","nm_subprefeitura":"M'Boi Mirim","cd_lote_servico":"6","tx_status_ponto_revitalizado":"Revitalizado","dt_atualizacao":"2021-12-08Z","tx_data_referencia":"1º quadrimestre 2021","dc_complemento_endereco":null}},{"type":"Feature","id":"ponto_revitalizado.1229","geometry":{"type":"Point","coordinates":[336456.7808,7398151.7113]},"geometry_name":"ge_ponto","properties":{"cd_identificador_ponto_revitalizado":1229,"nm_endereco":"Rua Paulo Mallet & Rua Seraphim de Carvalho","sg_subprefeitura":"MG","nm_subprefeitura":"Vila Maria-Vila Guilherme","cd_lote_servico":"4","tx_status_ponto_revitalizado":"Revitalizado","dt_atualizacao":"2021-12-08Z","tx_data_referencia":"1º quadrimestre 2021","dc_complemento_endereco":null}},{"type":"Feature","id":"ponto_revitalizado.1230","geometry":{"type":"Point","coordinates":[347299.0326,7401048.1651]},"geometry_name":"ge_ponto","properties":{"cd_identificador_ponto_revitalizado":1230,"nm_endereco":"Rua Pedra Lavrada, 1269 A","sg_subprefeitura":"EM","nm_subprefeitura":"Ermelino Matarazzo","cd_lote_servico":"1","tx_status_ponto_revitalizado":"Eliminado","dt_atualizacao":"2021-12-08Z","tx_data_referencia":"1º quadrimestre 2021","dc_complemento_endereco":null}},{"type":"Feature","id":"ponto_revitalizado.1231","geometry":{"type":"Point","coordinates":[331861.847,7384518.4056]},"geometry_name":"ge_ponto","properties":{"cd_identificador_ponto_revitalizado":1231,"nm_endereco":"Rua Pedro André","sg_subprefeitura":"JA","nm_subprefeitura":"Jabaquara","cd_lote_servico":"3","tx_status_ponto_revitalizado":"Revitalizado","dt_atualizacao":"2021-12-08Z","tx_data_referencia":"1º quadrimestre 2021","dc_complemento_endereco":null}},{"type":"Feature","id":"ponto_revitalizado.1232","geometry":{"type":"Point","coordinates":[321870.4637,7380039.4672]},"geometry_name":"ge_ponto","properties":{"cd_identificador_ponto_revitalizado":1232,"nm_endereco":"Rua Pedro da Costa Faleiro (Escadão)","sg_subprefeitura":"MB","nm_subprefeitura":"M'Boi Mirim","cd_lote_servico":"6","tx_status_ponto_revitalizado":"Revitalizado","dt_atualizacao":"2021-12-08Z","tx_data_referencia":"1º quadrimestre 2021","dc_complemento_endereco":null}},{"type":"Feature","id":"ponto_revitalizado.1233","geometry":{"type":"Point","coordinates":[325235.2051,7371524.1068]},"geometry_name":"ge_ponto","properties":{"cd_identificador_ponto_revitalizado":1233,"nm_endereco":"Rua Pedro de Andrade Caminha & Avenida Senador Teotônio Vilela","sg_subprefeitura":"CS","nm_subprefeitura":"Capela Do Socorro","cd_lote_servico":"6","tx_status_ponto_revitalizado":"Revitalizado","dt_atualizacao":"2021-12-08Z","tx_data_referencia":"1º quadrimestre 2021","dc_complemento_endereco":null}},{"type":"Feature","id":"ponto_revitalizado.1234","geometry":{"type":"Point","coordinates":[339087.5736,7394105.4773]},"geometry_name":"ge_ponto","properties":{"cd_identificador_ponto_revitalizado":1234,"nm_endereco":"Rua Pedro Domingues, 1","sg_subprefeitura":"MO","nm_subprefeitura":"Mooca","cd_lote_servico":"2","tx_status_ponto_revitalizado":"Eliminado","dt_atualizacao":"2021-12-08Z","tx_data_referencia":"1º quadrimestre 2021","dc_complemento_endereco":null}},{"type":"Feature","id":"ponto_revitalizado.1235","geometry":{"type":"Point","coordinates":[329965.3311,7379629.1041]},"geometry_name":"ge_ponto","properties":{"cd_identificador_ponto_revitalizado":1235,"nm_endereco":"Rua Pedro Germi & Rua Dionísio Lavranga","sg_subprefeitura":"AD","nm_subprefeitura":"Cidade Ademar","cd_lote_servico":"3","tx_status_ponto_revitalizado":"Revitalizado","dt_atualizacao":"2021-12-08Z","tx_data_referencia":"1º quadrimestre 2021","dc_complemento_endereco":null}},{"type":"Feature","id":"ponto_revitalizado.1236","geometry":{"type":"Point","coordinates":[351958.746,7387917.4824]},"geometry_name":"ge_ponto","properties":{"cd_identificador_ponto_revitalizado":1236,"nm_endereco":"Rua Pedro Medeiros, 308","sg_subprefeitura":"SM","nm_subprefeitura":"São Mateus","cd_lote_servico":"1","tx_status_ponto_revitalizado":"Revitalizado","dt_atualizacao":"2021-12-08Z","tx_data_referencia":"1º quadrimestre 2021","dc_complemento_endereco":null}},{"type":"Feature","id":"ponto_revitalizado.1237","geometry":{"type":"Point","coordinates":[321313.2234,7382770.0935]},"geometry_name":"ge_ponto","properties":{"cd_identificador_ponto_revitalizado":1237,"nm_endereco":"Rua Pedro Rodrigues Pereira","sg_subprefeitura":"MB","nm_subprefeitura":"M'Boi Mirim","cd_lote_servico":"6","tx_status_ponto_revitalizado":"Revitalizado","dt_atualizacao":"2021-12-08Z","tx_data_referencia":"1º quadrimestre 2021","dc_complemento_endereco":null}},{"type":"Feature","id":"ponto_revitalizado.1238","geometry":{"type":"Point","coordinates":[326706.0498,7374213.3971]},"geometry_name":"ge_ponto","properties":{"cd_identificador_ponto_revitalizado":1238,"nm_endereco":"Rua Pedro Velho de Alburquerque","sg_subprefeitura":"CS","nm_subprefeitura":"Capela Do Socorro","cd_lote_servico":"6","tx_status_ponto_revitalizado":"Revitalizado","dt_atualizacao":"2021-12-08Z","tx_data_referencia":"1º quadrimestre 2021","dc_complemento_endereco":null}},{"type":"Feature","id":"ponto_revitalizado.1239","geometry":{"type":"Point","coordinates":[348857.2362,7388242.2833]},"geometry_name":"ge_ponto","properties":{"cd_identificador_ponto_revitalizado":1239,"nm_endereco":"Rua Pero Lopes Lobo, 369","sg_subprefeitura":"SM","nm_subprefeitura":"São Mateus","cd_lote_servico":"1","tx_status_ponto_revitalizado":"Revitalizado","dt_atualizacao":"2021-12-08Z","tx_data_referencia":"1º quadrimestre 2021","dc_complemento_endereco":null}},{"type":"Feature","id":"ponto_revitalizado.1240","geometry":{"type":"Point","coordinates":[336075.9648,7400461.9217]},"geometry_name":"ge_ponto","properties":{"cd_identificador_ponto_revitalizado":1240,"nm_endereco":"Rua Piatá, 570","sg_subprefeitura":"MG","nm_subprefeitura":"Vila Maria-Vila Guilherme","cd_lote_servico":"4","tx_status_ponto_revitalizado":"Eliminado","dt_atualizacao":"2021-12-08Z","tx_data_referencia":"1º quadrimestre 2021","dc_complemento_endereco":null}},{"type":"Feature","id":"ponto_revitalizado.1241","geometry":{"type":"Point","coordinates":[345593.3781,7388335.3606]},"geometry_name":"ge_ponto","properties":{"cd_identificador_ponto_revitalizado":1241,"nm_endereco":"Rua Pico do Marumbi, 231","sg_subprefeitura":"SB","nm_subprefeitura":"Sapopemba","cd_lote_servico":"1","tx_status_ponto_revitalizado":"Revitalizado","dt_atualizacao":"2021-12-08Z","tx_data_referencia":"1º quadrimestre 2021","dc_complemento_endereco":null}},{"type":"Feature","id":"ponto_revitalizado.1242","geometry":{"type":"Point","coordinates":[330344.6987,7380684.6125]},"geometry_name":"ge_ponto","properties":{"cd_identificador_ponto_revitalizado":1242,"nm_endereco":"Rua Piccolo, 26","sg_subprefeitura":"AD","nm_subprefeitura":"Cidade Ademar","cd_lote_servico":"3","tx_status_ponto_revitalizado":"Revitalizado","dt_atualizacao":"2021-12-08Z","tx_data_referencia":"1º quadrimestre 2021","dc_complemento_endereco":null}},{"type":"Feature","id":"ponto_revitalizado.1243","geometry":{"type":"Point","coordinates":[335158.2663,7387365.2092]},"geometry_name":"ge_ponto","properties":{"cd_identificador_ponto_revitalizado":1243,"nm_endereco":"Rua Pierre Curie, 246","sg_subprefeitura":"IP","nm_subprefeitura":"Ipiranga","cd_lote_servico":"3","tx_status_ponto_revitalizado":"Revitalizado","dt_atualizacao":"2021-12-08Z","tx_data_referencia":"1º quadrimestre 2021","dc_complemento_endereco":null}},{"type":"Feature","id":"ponto_revitalizado.1244","geometry":{"type":"Point","coordinates":[349446.1316,7397058.106]},"geometry_name":"ge_ponto","properties":{"cd_identificador_ponto_revitalizado":1244,"nm_endereco":"Rua Pierre Fermat, 107","sg_subprefeitura":"PE","nm_subprefeitura":"Penha","cd_lote_servico":"4","tx_status_ponto_revitalizado":"Revitalizado","dt_atualizacao":"2021-12-08Z","tx_data_referencia":"1º quadrimestre 2021","dc_complemento_endereco":null}},{"type":"Feature","id":"ponto_revitalizado.1245","geometry":{"type":"Point","coordinates":[349424.5049,7397175.2724]},"geometry_name":"ge_ponto","properties":{"cd_identificador_ponto_revitalizado":1245,"nm_endereco":"Rua Pierre Fermat, 220","sg_subprefeitura":"PE","nm_subprefeitura":"Penha","cd_lote_servico":"4","tx_status_ponto_revitalizado":"Revitalizado","dt_atualizacao":"2021-12-08Z","tx_data_referencia":"1º quadrimestre 2021","dc_complemento_endereco":null}},{"type":"Feature","id":"ponto_revitalizado.1246","geometry":{"type":"Point","coordinates":[342623.1459,7391249.6494]},"geometry_name":"ge_ponto","properties":{"cd_identificador_ponto_revitalizado":1246,"nm_endereco":"Rua Pinto da Luz & Rua Luis Pucci","sg_subprefeitura":"VP","nm_subprefeitura":"Vila Prudente","cd_lote_servico":"3","tx_status_ponto_revitalizado":"Revitalizado","dt_atualizacao":"2021-12-08Z","tx_data_referencia":"1º quadrimestre 2021","dc_complemento_endereco":null}},{"type":"Feature","id":"ponto_revitalizado.1247","geometry":{"type":"Point","coordinates":[346947.641,7389841.0478]},"geometry_name":"ge_ponto","properties":{"cd_identificador_ponto_revitalizado":1247,"nm_endereco":"Rua Pirapitinga, 200","sg_subprefeitura":"SM","nm_subprefeitura":"São Mateus","cd_lote_servico":"1","tx_status_ponto_revitalizado":"Revitalizado","dt_atualizacao":"2021-12-08Z","tx_data_referencia":"1º quadrimestre 2021","dc_complemento_endereco":null}},{"type":"Feature","id":"ponto_revitalizado.1248","geometry":{"type":"Point","coordinates":[347017.5018,7389836.2426]},"geometry_name":"ge_ponto","properties":{"cd_identificador_ponto_revitalizado":1248,"nm_endereco":"Rua Pirapitinga, 89","sg_subprefeitura":"SM","nm_subprefeitura":"São Mateus","cd_lote_servico":"1","tx_status_ponto_revitalizado":"Revitalizado","dt_atualizacao":"2021-12-08Z","tx_data_referencia":"1º quadrimestre 2021","dc_complemento_endereco":null}},{"type":"Feature","id":"ponto_revitalizado.1249","geometry":{"type":"Point","coordinates":[336389.2023,7394959.1201]},"geometry_name":"ge_ponto","properties":{"cd_identificador_ponto_revitalizado":1249,"nm_endereco":"Rua Pires do Rio & Rua Bresser","sg_subprefeitura":"MO","nm_subprefeitura":"Mooca","cd_lote_servico":"2","tx_status_ponto_revitalizado":"Revitalizado","dt_atualizacao":"2021-12-08Z","tx_data_referencia":"1º quadrimestre 2021","dc_complemento_endereco":null}},{"type":"Feature","id":"ponto_revitalizado.1250","geometry":{"type":"Point","coordinates":[347843.1445,7395774.5097]},"geometry_name":"ge_ponto","properties":{"cd_identificador_ponto_revitalizado":1250,"nm_endereco":"Rua Plínio Cavalcanti & Rua Major Boaventura","sg_subprefeitura":"PE","nm_subprefeitura":"Penha","cd_lote_servico":"4","tx_status_ponto_revitalizado":"Revitalizado","dt_atualizacao":"2021-12-08Z","tx_data_referencia":"1º quadrimestre 2021","dc_complemento_endereco":null}},{"type":"Feature","id":"ponto_revitalizado.1251","geometry":{"type":"Point","coordinates":[327797.3043,7377175.7745]},"geometry_name":"ge_ponto","properties":{"cd_identificador_ponto_revitalizado":1251,"nm_endereco":"Rua Plínio Schmidt","sg_subprefeitura":"CS","nm_subprefeitura":"Capela Do Socorro","cd_lote_servico":"6","tx_status_ponto_revitalizado":"Revitalizado","dt_atualizacao":"2021-12-08Z","tx_data_referencia":"1º quadrimestre 2021","dc_complemento_endereco":null}},{"type":"Feature","id":"ponto_revitalizado.1252","geometry":{"type":"Point","coordinates":[328269.859,7380943.3603]},"geometry_name":"ge_ponto","properties":{"cd_identificador_ponto_revitalizado":1252,"nm_endereco":"Rua Porphírio do Nascimento","sg_subprefeitura":"SA","nm_subprefeitura":"Santo Amaro","cd_lote_servico":"6","tx_status_ponto_revitalizado":"Revitalizado","dt_atualizacao":"2021-12-08Z","tx_data_referencia":"1º quadrimestre 2021","dc_complemento_endereco":null}},{"type":"Feature","id":"ponto_revitalizado.1253","geometry":{"type":"Point","coordinates":[325939.3817,7404331.6891]},"geometry_name":"ge_ponto","properties":{"cd_identificador_ponto_revitalizado":1253,"nm_endereco":"Rua Porto Nacional & Rua Encruzilhada do Sul","sg_subprefeitura":"FB","nm_subprefeitura":"Freguesia Do Ó","cd_lote_servico":"4","tx_status_ponto_revitalizado":"Revitalizado","dt_atualizacao":"2021-12-08Z","tx_data_referencia":"1º quadrimestre 2021","dc_complemento_endereco":null}},{"type":"Feature","id":"ponto_revitalizado.1254","geometry":{"type":"Point","coordinates":[320889.7769,7411119.8307]},"geometry_name":"ge_ponto","properties":{"cd_identificador_ponto_revitalizado":1254,"nm_endereco":"Rua Presidente Vargas, 650","sg_subprefeitura":"PR","nm_subprefeitura":"Perus-Anhanguera","cd_lote_servico":"5","tx_status_ponto_revitalizado":"Revitalizado","dt_atualizacao":"2021-12-08Z","tx_data_referencia":"1º quadrimestre 2021","dc_complemento_endereco":null}},{"type":"Feature","id":"ponto_revitalizado.1255","geometry":{"type":"Point","coordinates":[328101.2081,7386331.2478]},"geometry_name":"ge_ponto","properties":{"cd_identificador_ponto_revitalizado":1255,"nm_endereco":"Rua Princesa Isabel, 23","sg_subprefeitura":"SA","nm_subprefeitura":"Santo Amaro","cd_lote_servico":"6","tx_status_ponto_revitalizado":"Revitalizado","dt_atualizacao":"2021-12-08Z","tx_data_referencia":"1º quadrimestre 2021","dc_complemento_endereco":null}},{"type":"Feature","id":"ponto_revitalizado.1256","geometry":{"type":"Point","coordinates":[327144.0278,7378398.4288]},"geometry_name":"ge_ponto","properties":{"cd_identificador_ponto_revitalizado":1256,"nm_endereco":"Rua Professor Adib Casseb, 30","sg_subprefeitura":"CS","nm_subprefeitura":"Capela Do Socorro","cd_lote_servico":"6","tx_status_ponto_revitalizado":"Revitalizado","dt_atualizacao":"2021-12-08Z","tx_data_referencia":"1º quadrimestre 2021","dc_complemento_endereco":null}},{"type":"Feature","id":"ponto_revitalizado.1257","geometry":{"type":"Point","coordinates":[318567.3409,7380862.5822]},"geometry_name":"ge_ponto","properties":{"cd_identificador_ponto_revitalizado":1257,"nm_endereco":"Rua Professor Agostinho Alvim, 27","sg_subprefeitura":"CL","nm_subprefeitura":"Campo Limpo","cd_lote_servico":"6","tx_status_ponto_revitalizado":"Revitalizado","dt_atualizacao":"2021-12-08Z","tx_data_referencia":"1º quadrimestre 2021","dc_complemento_endereco":null}},{"type":"Feature","id":"ponto_revitalizado.1258","geometry":{"type":"Point","coordinates":[345570.9461,7397738.7186]},"geometry_name":"ge_ponto","properties":{"cd_identificador_ponto_revitalizado":1258,"nm_endereco":"Rua Professor Anibal Cury & Avenida Itinguçu (Muro da Eletropaulo)","sg_subprefeitura":"PE","nm_subprefeitura":"Penha","cd_lote_servico":"4","tx_status_ponto_revitalizado":"Revitalizado","dt_atualizacao":"2021-12-08Z","tx_data_referencia":"1º quadrimestre 2021","dc_complemento_endereco":null}},{"type":"Feature","id":"ponto_revitalizado.1259","geometry":{"type":"Point","coordinates":[333624.493,7386375.3802]},"geometry_name":"ge_ponto","properties":{"cd_identificador_ponto_revitalizado":1259,"nm_endereco":"Rua Professor Aprigio Gonzaga, 957","sg_subprefeitura":"VM","nm_subprefeitura":"Vila Mariana","cd_lote_servico":"3","tx_status_ponto_revitalizado":"Revitalizado","dt_atualizacao":"2021-12-08Z","tx_data_referencia":"1º quadrimestre 2021","dc_complemento_endereco":null}},{"type":"Feature","id":"ponto_revitalizado.1260","geometry":{"type":"Point","coordinates":[320130.4315,7379443.1938]},"geometry_name":"ge_ponto","properties":{"cd_identificador_ponto_revitalizado":1260,"nm_endereco":"Rua Professor Barroso do Amaral & Rua Ivaldo Vital Pereira","sg_subprefeitura":"MB","nm_subprefeitura":"M'Boi Mirim","cd_lote_servico":"6","tx_status_ponto_revitalizado":"Revitalizado","dt_atualizacao":"2021-12-08Z","tx_data_referencia":"1º quadrimestre 2021","dc_complemento_endereco":null}},{"type":"Feature","id":"ponto_revitalizado.1261","geometry":{"type":"Point","coordinates":[343305.4527,7392826.2783]},"geometry_name":"ge_ponto","properties":{"cd_identificador_ponto_revitalizado":1261,"nm_endereco":"Rua Professor Carini (Canteiro Central)","sg_subprefeitura":"AF","nm_subprefeitura":"Aricanduva","cd_lote_servico":"3","tx_status_ponto_revitalizado":"Revitalizado","dt_atualizacao":"2021-12-08Z","tx_data_referencia":"1º quadrimestre 2021","dc_complemento_endereco":null}},{"type":"Feature","id":"ponto_revitalizado.1262","geometry":{"type":"Point","coordinates":[330617.7588,7379573.5885]},"geometry_name":"ge_ponto","properties":{"cd_identificador_ponto_revitalizado":1262,"nm_endereco":"Rua Professor Carlos Decourt, 220","sg_subprefeitura":"AD","nm_subprefeitura":"Cidade Ademar","cd_lote_servico":"3","tx_status_ponto_revitalizado":"Revitalizado","dt_atualizacao":"2021-12-08Z","tx_data_referencia":"1º quadrimestre 2021","dc_complemento_endereco":null}},{"type":"Feature","id":"ponto_revitalizado.1263","geometry":{"type":"Point","coordinates":[325403.8653,7382685.1518]},"geometry_name":"ge_ponto","properties":{"cd_identificador_ponto_revitalizado":1263,"nm_endereco":"Rua Professor Clemente Pinho, 606","sg_subprefeitura":"SA","nm_subprefeitura":"Santo Amaro","cd_lote_servico":"6","tx_status_ponto_revitalizado":"Revitalizado","dt_atualizacao":"2021-12-08Z","tx_data_referencia":"1º quadrimestre 2021","dc_complemento_endereco":null}},{"type":"Feature","id":"ponto_revitalizado.1264","geometry":{"type":"Point","coordinates":[330463.8275,7379041.2717]},"geometry_name":"ge_ponto","properties":{"cd_identificador_ponto_revitalizado":1264,"nm_endereco":"Rua Professor Dantas Junior, 272","sg_subprefeitura":"AD","nm_subprefeitura":"Cidade Ademar","cd_lote_servico":"3","tx_status_ponto_revitalizado":"Revitalizado","dt_atualizacao":"2021-12-08Z","tx_data_referencia":"1º quadrimestre 2021","dc_complemento_endereco":null}},{"type":"Feature","id":"ponto_revitalizado.1265","geometry":{"type":"Point","coordinates":[329879.972,7401082.1474]},"geometry_name":"ge_ponto","properties":{"cd_identificador_ponto_revitalizado":1265,"nm_endereco":"Rua Professor Dário Ribeiro","sg_subprefeitura":"CV","nm_subprefeitura":"Casa Verde","cd_lote_servico":"4","tx_status_ponto_revitalizado":"Revitalizado","dt_atualizacao":"2021-12-08Z","tx_data_referencia":"1º quadrimestre 2021","dc_complemento_endereco":null}},{"type":"Feature","id":"ponto_revitalizado.1266","geometry":{"type":"Point","coordinates":[329377.9914,7400582.6886]},"geometry_name":"ge_ponto","properties":{"cd_identificador_ponto_revitalizado":1266,"nm_endereco":"Rua Professor Gama Cerqueira, 195","sg_subprefeitura":"CV","nm_subprefeitura":"Casa Verde","cd_lote_servico":"4","tx_status_ponto_revitalizado":"Revitalizado","dt_atualizacao":"2021-12-08Z","tx_data_referencia":"1º quadrimestre 2021","dc_complemento_endereco":null}},{"type":"Feature","id":"ponto_revitalizado.1267","geometry":{"type":"Point","coordinates":[325499.3956,7374425.6568]},"geometry_name":"ge_ponto","properties":{"cd_identificador_ponto_revitalizado":1267,"nm_endereco":"Rua Professor Gutemberg de Campos, 2","sg_subprefeitura":"CS","nm_subprefeitura":"Capela Do Socorro","cd_lote_servico":"6","tx_status_ponto_revitalizado":"Revitalizado","dt_atualizacao":"2021-12-08Z","tx_data_referencia":"1º quadrimestre 2021","dc_complemento_endereco":null}},{"type":"Feature","id":"ponto_revitalizado.1268","geometry":{"type":"Point","coordinates":[344644.0526,7390659.5087]},"geometry_name":"ge_ponto","properties":{"cd_identificador_ponto_revitalizado":1268,"nm_endereco":"Rua Professor José de Moura Moniz, 310","sg_subprefeitura":"SB","nm_subprefeitura":"Sapopemba","cd_lote_servico":"1","tx_status_ponto_revitalizado":"Revitalizado","dt_atualizacao":"2021-12-08Z","tx_data_referencia":"1º quadrimestre 2021","dc_complemento_endereco":null}},{"type":"Feature","id":"ponto_revitalizado.1269","geometry":{"type":"Point","coordinates":[334044.4419,7389288.5446]},"geometry_name":"ge_ponto","properties":{"cd_identificador_ponto_revitalizado":1269,"nm_endereco":"Rua Professor José Landulfo & Rua Jorge Tibiriçá","sg_subprefeitura":"VM","nm_subprefeitura":"Vila Mariana","cd_lote_servico":"3","tx_status_ponto_revitalizado":"Revitalizado","dt_atualizacao":"2021-12-08Z","tx_data_referencia":"1º quadrimestre 2021","dc_complemento_endereco":null}},{"type":"Feature","id":"ponto_revitalizado.1270","geometry":{"type":"Point","coordinates":[325408.2645,7382658.6224]},"geometry_name":"ge_ponto","properties":{"cd_identificador_ponto_revitalizado":1270,"nm_endereco":"Rua Professor Leme da Fonseca, 18","sg_subprefeitura":"SA","nm_subprefeitura":"Santo Amaro","cd_lote_servico":"6","tx_status_ponto_revitalizado":"Revitalizado","dt_atualizacao":"2021-12-08Z","tx_data_referencia":"1º quadrimestre 2021","dc_complemento_endereco":null}},{"type":"Feature","id":"ponto_revitalizado.1271","geometry":{"type":"Point","coordinates":[329508.4653,7385457.2925]},"geometry_name":"ge_ponto","properties":{"cd_identificador_ponto_revitalizado":1271,"nm_endereco":"Rua Professor Miguel Maurício da Rocha, 834","sg_subprefeitura":"SA","nm_subprefeitura":"Santo Amaro","cd_lote_servico":"6","tx_status_ponto_revitalizado":"Revitalizado","dt_atualizacao":"2021-12-08Z","tx_data_referencia":"1º quadrimestre 2021","dc_complemento_endereco":null}},{"type":"Feature","id":"ponto_revitalizado.1272","geometry":{"type":"Point","coordinates":[326401.1498,7400664.6127]},"geometry_name":"ge_ponto","properties":{"cd_identificador_ponto_revitalizado":1272,"nm_endereco":"Rua Professor Rivadávia de Campos & Rua Doutor Jorge Severiano Ribei","sg_subprefeitura":"FB","nm_subprefeitura":"Freguesia Do Ó","cd_lote_servico":"4","tx_status_ponto_revitalizado":"Eliminado","dt_atualizacao":"2021-12-08Z","tx_data_referencia":"1º quadrimestre 2021","dc_complemento_endereco":null}},{"type":"Feature","id":"ponto_revitalizado.1273","geometry":{"type":"Point","coordinates":[333893.8608,7386199.0307]},"geometry_name":"ge_ponto","properties":{"cd_identificador_ponto_revitalizado":1273,"nm_endereco":"Rua Professor Roberto Mange, 80","sg_subprefeitura":"IP","nm_subprefeitura":"Ipiranga","cd_lote_servico":"3","tx_status_ponto_revitalizado":"Revitalizado","dt_atualizacao":"2021-12-08Z","tx_data_referencia":"1º quadrimestre 2021","dc_complemento_endereco":null}},{"type":"Feature","id":"ponto_revitalizado.1274","geometry":{"type":"Point","coordinates":[334578.9481,7390397.7068]},"geometry_name":"ge_ponto","properties":{"cd_identificador_ponto_revitalizado":1274,"nm_endereco":"Rua Professor Serafim Orlandi & Rua Marcelino Champagnat","sg_subprefeitura":"VM","nm_subprefeitura":"Vila Mariana","cd_lote_servico":"3","tx_status_ponto_revitalizado":"Revitalizado","dt_atualizacao":"2021-12-08Z","tx_data_referencia":"1º quadrimestre 2021","dc_complemento_endereco":null}},{"type":"Feature","id":"ponto_revitalizado.1275","geometry":{"type":"Point","coordinates":[357764.071,7399990.5756]},"geometry_name":"ge_ponto","properties":{"cd_identificador_ponto_revitalizado":1275,"nm_endereco":"Rua Professor Zeferino Ferraz, 587B","sg_subprefeitura":"IT","nm_subprefeitura":"Itaim Paulista","cd_lote_servico":"1","tx_status_ponto_revitalizado":"Revitalizado, Reativado","dt_atualizacao":"2021-12-08Z","tx_data_referencia":"1º quadrimestre 2021","dc_complemento_endereco":null}},{"type":"Feature","id":"ponto_revitalizado.1276","geometry":{"type":"Point","coordinates":[338237.8664,7385275.4773]},"geometry_name":"ge_ponto","properties":{"cd_identificador_ponto_revitalizado":1276,"nm_endereco":"Rua Professor Zeferino Vaz & Rua Carnaúba","sg_subprefeitura":"IP","nm_subprefeitura":"Ipiranga","cd_lote_servico":"3","tx_status_ponto_revitalizado":"Revitalizado","dt_atualizacao":"2021-12-08Z","tx_data_referencia":"1º quadrimestre 2021","dc_complemento_endereco":null}},{"type":"Feature","id":"ponto_revitalizado.1277","geometry":{"type":"Point","coordinates":[331858.8413,7402069.3888]},"geometry_name":"ge_ponto","properties":{"cd_identificador_ponto_revitalizado":1277,"nm_endereco":"Rua Professora Romilde Nogueira de Sá & Rua Conselheiro Moreira de Barros","sg_subprefeitura":"ST","nm_subprefeitura":"Santana-Tucuruvi","cd_lote_servico":"4","tx_status_ponto_revitalizado":"Eliminado","dt_atualizacao":"2021-12-08Z","tx_data_referencia":"1º quadrimestre 2021","dc_complemento_endereco":null}},{"type":"Feature","id":"ponto_revitalizado.1278","geometry":{"type":"Point","coordinates":[337491.2327,7387174.313]},"geometry_name":"ge_ponto","properties":{"cd_identificador_ponto_revitalizado":1278,"nm_endereco":"Rua Protocolo & Estrada das Lágrimas","sg_subprefeitura":"IP","nm_subprefeitura":"Ipiranga","cd_lote_servico":"3","tx_status_ponto_revitalizado":"Revitalizado","dt_atualizacao":"2021-12-08Z","tx_data_referencia":"1º quadrimestre 2021","dc_complemento_endereco":null}},{"type":"Feature","id":"ponto_revitalizado.1279","geometry":{"type":"Point","coordinates":[356305.6161,7393389.7162]},"geometry_name":"ge_ponto","properties":{"cd_identificador_ponto_revitalizado":1279,"nm_endereco":"Rua Quarenta e Sete, 15","sg_subprefeitura":"CT","nm_subprefeitura":"Cidade Tiradentes","cd_lote_servico":"1","tx_status_ponto_revitalizado":"Revitalizado","dt_atualizacao":"2021-12-08Z","tx_data_referencia":"1º quadrimestre 2021","dc_complemento_endereco":null}},{"type":"Feature","id":"ponto_revitalizado.1280","geometry":{"type":"Point","coordinates":[322155.5687,7380332.0426]},"geometry_name":"ge_ponto","properties":{"cd_identificador_ponto_revitalizado":1280,"nm_endereco":"Rua Quetena, 10","sg_subprefeitura":"MB","nm_subprefeitura":"M'Boi Mirim","cd_lote_servico":"6","tx_status_ponto_revitalizado":"Revitalizado","dt_atualizacao":"2021-12-08Z","tx_data_referencia":"1º quadrimestre 2021","dc_complemento_endereco":null}},{"type":"Feature","id":"ponto_revitalizado.1281","geometry":{"type":"Point","coordinates":[329516.8234,7389282.8929]},"geometry_name":"ge_ponto","properties":{"cd_identificador_ponto_revitalizado":1281,"nm_endereco":"Rua Quiçaba, 135","sg_subprefeitura":"VM","nm_subprefeitura":"Vila Mariana","cd_lote_servico":"3","tx_status_ponto_revitalizado":"Revitalizado","dt_atualizacao":"2021-12-08Z","tx_data_referencia":"1º quadrimestre 2021","dc_complemento_endereco":null}},{"type":"Feature","id":"ponto_revitalizado.1282","geometry":{"type":"Point","coordinates":[326076.633,7373532.3357]},"geometry_name":"ge_ponto","properties":{"cd_identificador_ponto_revitalizado":1282,"nm_endereco":"Rua Quinta de São Francisco, 77","sg_subprefeitura":"CS","nm_subprefeitura":"Capela Do Socorro","cd_lote_servico":"6","tx_status_ponto_revitalizado":"Revitalizado","dt_atualizacao":"2021-12-08Z","tx_data_referencia":"1º quadrimestre 2021","dc_complemento_endereco":null}},{"type":"Feature","id":"ponto_revitalizado.1283","geometry":{"type":"Point","coordinates":[357757.05,7391875.3519]},"geometry_name":"ge_ponto","properties":{"cd_identificador_ponto_revitalizado":1283,"nm_endereco":"Rua Quinta Sinfonia, 168","sg_subprefeitura":"CT","nm_subprefeitura":"Cidade Tiradentes","cd_lote_servico":"1","tx_status_ponto_revitalizado":"Revitalizado","dt_atualizacao":"2021-12-08Z","tx_data_referencia":"1º quadrimestre 2021","dc_complemento_endereco":null}},{"type":"Feature","id":"ponto_revitalizado.1284","geometry":{"type":"Point","coordinates":[333106.3954,7394658.2387]},"geometry_name":"ge_ponto","properties":{"cd_identificador_ponto_revitalizado":1284,"nm_endereco":"Rua Quintino Bocaiuva & Rua Benjamin Constant","sg_subprefeitura":"SE","nm_subprefeitura":"Sé","cd_lote_servico":"2","tx_status_ponto_revitalizado":"Eliminado","dt_atualizacao":"2021-12-08Z","tx_data_referencia":"1º quadrimestre 2021","dc_complemento_endereco":null}},{"type":"Feature","id":"ponto_revitalizado.1285","geometry":{"type":"Point","coordinates":[330066.7385,7397738.7716]},"geometry_name":"ge_ponto","properties":{"cd_identificador_ponto_revitalizado":1285,"nm_endereco":"Rua Quirino dos Santos & Avenida Marquês de São Vicente","sg_subprefeitura":"LA","nm_subprefeitura":"Lapa","cd_lote_servico":"5","tx_status_ponto_revitalizado":"Revitalizado","dt_atualizacao":"2021-12-08Z","tx_data_referencia":"1º quadrimestre 2021","dc_complemento_endereco":null}},{"type":"Feature","id":"ponto_revitalizado.1286","geometry":{"type":"Point","coordinates":[325422.4958,7373749.3182]},"geometry_name":"ge_ponto","properties":{"cd_identificador_ponto_revitalizado":1286,"nm_endereco":"Rua Rabindranat Tagore, 350","sg_subprefeitura":"CS","nm_subprefeitura":"Capela Do Socorro","cd_lote_servico":"6","tx_status_ponto_revitalizado":"Revitalizado","dt_atualizacao":"2021-12-08Z","tx_data_referencia":"1º quadrimestre 2021","dc_complemento_endereco":null}},{"type":"Feature","id":"ponto_revitalizado.1287","geometry":{"type":"Point","coordinates":[326416.2548,7404857.4361]},"geometry_name":"ge_ponto","properties":{"cd_identificador_ponto_revitalizado":1287,"nm_endereco":"Rua Raimundo Carneiro & Avenida Manoel Bolívar","sg_subprefeitura":"FB","nm_subprefeitura":"Freguesia Do Ó","cd_lote_servico":"4","tx_status_ponto_revitalizado":"Eliminado","dt_atualizacao":"2021-12-08Z","tx_data_referencia":"1º quadrimestre 2021","dc_complemento_endereco":null}},{"type":"Feature","id":"ponto_revitalizado.1288","geometry":{"type":"Point","coordinates":[325790.1467,7403216.6054]},"geometry_name":"ge_ponto","properties":{"cd_identificador_ponto_revitalizado":1288,"nm_endereco":"Rua Raimundo da Cunha Matos & Avenida Elisio Teixeira Leite","sg_subprefeitura":"FB","nm_subprefeitura":"Freguesia Do Ó","cd_lote_servico":"4","tx_status_ponto_revitalizado":"Eliminado","dt_atualizacao":"2021-12-08Z","tx_data_referencia":"1º quadrimestre 2021","dc_complemento_endereco":null}},{"type":"Feature","id":"ponto_revitalizado.1289","geometry":{"type":"Point","coordinates":[351760.6927,7397409.2904]},"geometry_name":"ge_ponto","properties":{"cd_identificador_ponto_revitalizado":1289,"nm_endereco":"Rua Rancho Queimado, 70","sg_subprefeitura":"IQ","nm_subprefeitura":"Itaquera","cd_lote_servico":"1","tx_status_ponto_revitalizado":"Revitalizado","dt_atualizacao":"2021-12-08Z","tx_data_referencia":"1º quadrimestre 2021","dc_complemento_endereco":null}},{"type":"Feature","id":"ponto_revitalizado.1290","geometry":{"type":"Point","coordinates":[326232.2676,7403152.5099]},"geometry_name":"ge_ponto","properties":{"cd_identificador_ponto_revitalizado":1290,"nm_endereco":"Rua Raulino Galdino da Silva & Rua Gercino Garcia do Nascimento","sg_subprefeitura":"FB","nm_subprefeitura":"Freguesia Do Ó","cd_lote_servico":"4","tx_status_ponto_revitalizado":"Eliminado","dt_atualizacao":"2021-12-08Z","tx_data_referencia":"1º quadrimestre 2021","dc_complemento_endereco":null}},{"type":"Feature","id":"ponto_revitalizado.1291","geometry":{"type":"Point","coordinates":[338956.1507,7394163.393]},"geometry_name":"ge_ponto","properties":{"cd_identificador_ponto_revitalizado":1291,"nm_endereco":"Avenida Regente Feijó, 17","sg_subprefeitura":"MO","nm_subprefeitura":"Mooca","cd_lote_servico":"2","tx_status_ponto_revitalizado":"Revitalizado","dt_atualizacao":"2021-12-08Z","tx_data_referencia":"1º quadrimestre 2021","dc_complemento_endereco":null}},{"type":"Feature","id":"ponto_revitalizado.1292","geometry":{"type":"Point","coordinates":[345377.2192,7392974.5855]},"geometry_name":"ge_ponto","properties":{"cd_identificador_ponto_revitalizado":1292,"nm_endereco":"Rua Rêgo Barros, 896","sg_subprefeitura":"AF","nm_subprefeitura":"Aricanduva","cd_lote_servico":"3","tx_status_ponto_revitalizado":"Revitalizado","dt_atualizacao":"2021-12-08Z","tx_data_referencia":"1º quadrimestre 2021","dc_complemento_endereco":null}},{"type":"Feature","id":"ponto_revitalizado.1293","geometry":{"type":"Point","coordinates":[330333.0277,7399526.1004]},"geometry_name":"ge_ponto","properties":{"cd_identificador_ponto_revitalizado":1293,"nm_endereco":"Rua Relíquia & Rua Francisco Artássio","sg_subprefeitura":"CV","nm_subprefeitura":"Casa Verde","cd_lote_servico":"4","tx_status_ponto_revitalizado":"Revitalizado","dt_atualizacao":"2021-12-08Z","tx_data_referencia":"1º quadrimestre 2021","dc_complemento_endereco":null}},{"type":"Feature","id":"ponto_revitalizado.1294","geometry":{"type":"Point","coordinates":[346838.1714,7396864.9503]},"geometry_name":"ge_ponto","properties":{"cd_identificador_ponto_revitalizado":1294,"nm_endereco":"Rua Renato, 1095","sg_subprefeitura":"PE","nm_subprefeitura":"Penha","cd_lote_servico":"4","tx_status_ponto_revitalizado":"Revitalizado","dt_atualizacao":"2021-12-08Z","tx_data_referencia":"1º quadrimestre 2021","dc_complemento_endereco":null}},{"type":"Feature","id":"ponto_revitalizado.1295","geometry":{"type":"Point","coordinates":[346944.2023,7396782.9997]},"geometry_name":"ge_ponto","properties":{"cd_identificador_ponto_revitalizado":1295,"nm_endereco":"Rua Renato, 1251","sg_subprefeitura":"PE","nm_subprefeitura":"Penha","cd_lote_servico":"4","tx_status_ponto_revitalizado":"Eliminado","dt_atualizacao":"2021-12-08Z","tx_data_referencia":"1º quadrimestre 2021","dc_complemento_endereco":null}},{"type":"Feature","id":"ponto_revitalizado.1296","geometry":{"type":"Point","coordinates":[346433.099,7397127.6055]},"geometry_name":"ge_ponto","properties":{"cd_identificador_ponto_revitalizado":1296,"nm_endereco":"Rua Renato, 617","sg_subprefeitura":"PE","nm_subprefeitura":"Penha","cd_lote_servico":"4","tx_status_ponto_revitalizado":"Revitalizado","dt_atualizacao":"2021-12-08Z","tx_data_referencia":"1º quadrimestre 2021","dc_complemento_endereco":null}},{"type":"Feature","id":"ponto_revitalizado.1297","geometry":{"type":"Point","coordinates":[353895.698,7396718.4468]},"geometry_name":"ge_ponto","properties":{"cd_identificador_ponto_revitalizado":1297,"nm_endereco":"Rua Renzo Baldini, 60","sg_subprefeitura":"IQ","nm_subprefeitura":"Itaquera","cd_lote_servico":"1","tx_status_ponto_revitalizado":"Revitalizado","dt_atualizacao":"2021-12-08Z","tx_data_referencia":"1º quadrimestre 2021","dc_complemento_endereco":null}},{"type":"Feature","id":"ponto_revitalizado.1298","geometry":{"type":"Point","coordinates":[338509.1312,7400818.9412]},"geometry_name":"ge_ponto","properties":{"cd_identificador_ponto_revitalizado":1298,"nm_endereco":"Rua Reverendo Israel Vieira Ferreira, 53","sg_subprefeitura":"MG","nm_subprefeitura":"Vila Maria-Vila Guilherme","cd_lote_servico":"4","tx_status_ponto_revitalizado":"Revitalizado","dt_atualizacao":"2021-12-08Z","tx_data_referencia":"1º quadrimestre 2021","dc_complemento_endereco":null}},{"type":"Feature","id":"ponto_revitalizado.1299","geometry":{"type":"Point","coordinates":[345534.6446,7391379.726]},"geometry_name":"ge_ponto","properties":{"cd_identificador_ponto_revitalizado":1299,"nm_endereco":"Rua Revolução Nativista de 1817","sg_subprefeitura":"AF","nm_subprefeitura":"Aricanduva","cd_lote_servico":"3","tx_status_ponto_revitalizado":"Revitalizado","dt_atualizacao":"2021-12-08Z","tx_data_referencia":"1º quadrimestre 2021","dc_complemento_endereco":null}},{"type":"Feature","id":"ponto_revitalizado.1300","geometry":{"type":"Point","coordinates":[353456.4356,7401039.5245]},"geometry_name":"ge_ponto","properties":{"cd_identificador_ponto_revitalizado":1300,"nm_endereco":"Rua Ribeiro dos Santos, 85","sg_subprefeitura":"MP","nm_subprefeitura":"São Miguel Paulista","cd_lote_servico":"1","tx_status_ponto_revitalizado":"Revitalizado","dt_atualizacao":"2021-12-08Z","tx_data_referencia":"1º quadrimestre 2021","dc_complemento_endereco":null}},{"type":"Feature","id":"ponto_revitalizado.1301","geometry":{"type":"Point","coordinates":[330866.695,7401520.2854]},"geometry_name":"ge_ponto","properties":{"cd_identificador_ponto_revitalizado":1301,"nm_endereco":"Rua Ricardo Pimpão, 19","sg_subprefeitura":"CV","nm_subprefeitura":"Casa Verde","cd_lote_servico":"4","tx_status_ponto_revitalizado":"Revitalizado","dt_atualizacao":"2021-12-08Z","tx_data_referencia":"1º quadrimestre 2021","dc_complemento_endereco":null}},{"type":"Feature","id":"ponto_revitalizado.1302","geometry":{"type":"Point","coordinates":[325185.4702,7379124.951]},"geometry_name":"ge_ponto","properties":{"cd_identificador_ponto_revitalizado":1302,"nm_endereco":"Rua Rimini & Avenida Atlântica","sg_subprefeitura":"CS","nm_subprefeitura":"Capela Do Socorro","cd_lote_servico":"6","tx_status_ponto_revitalizado":"Revitalizado","dt_atualizacao":"2021-12-08Z","tx_data_referencia":"1º quadrimestre 2021","dc_complemento_endereco":null}},{"type":"Feature","id":"ponto_revitalizado.1303","geometry":{"type":"Point","coordinates":[352653.0696,7398006.5567]},"geometry_name":"ge_ponto","properties":{"cd_identificador_ponto_revitalizado":1303,"nm_endereco":"Rua Rio Amazonas, 265","sg_subprefeitura":"MP","nm_subprefeitura":"São Miguel Paulista","cd_lote_servico":"1","tx_status_ponto_revitalizado":"Revitalizado","dt_atualizacao":"2021-12-08Z","tx_data_referencia":"1º quadrimestre 2021","dc_complemento_endereco":null}},{"type":"Feature","id":"ponto_revitalizado.1304","geometry":{"type":"Point","coordinates":[356161.2738,7392652.7531]},"geometry_name":"ge_ponto","properties":{"cd_identificador_ponto_revitalizado":1304,"nm_endereco":"Rua Rio Araguari, 3A","sg_subprefeitura":"CT","nm_subprefeitura":"Cidade Tiradentes","cd_lote_servico":"1","tx_status_ponto_revitalizado":"Eliminado","dt_atualizacao":"2021-12-08Z","tx_data_referencia":"1º quadrimestre 2021","dc_complemento_endereco":null}},{"type":"Feature","id":"ponto_revitalizado.1305","geometry":{"type":"Point","coordinates":[320827.2541,7380591.7571]},"geometry_name":"ge_ponto","properties":{"cd_identificador_ponto_revitalizado":1305,"nm_endereco":"Rua Rio Branco Paranhos, 04","sg_subprefeitura":"MB","nm_subprefeitura":"M'Boi Mirim","cd_lote_servico":"6","tx_status_ponto_revitalizado":"Revitalizado","dt_atualizacao":"2021-12-08Z","tx_data_referencia":"1º quadrimestre 2021","dc_complemento_endereco":null}},{"type":"Feature","id":"ponto_revitalizado.1306","geometry":{"type":"Point","coordinates":[355907.7813,7399326.8373]},"geometry_name":"ge_ponto","properties":{"cd_identificador_ponto_revitalizado":1306,"nm_endereco":"Rua Rio Gualeguai, 115","sg_subprefeitura":"IT","nm_subprefeitura":"Itaim Paulista","cd_lote_servico":"1","tx_status_ponto_revitalizado":"Revitalizado","dt_atualizacao":"2021-12-08Z","tx_data_referencia":"1º quadrimestre 2021","dc_complemento_endereco":null}},{"type":"Feature","id":"ponto_revitalizado.1307","geometry":{"type":"Point","coordinates":[356645.1157,7392965.3659]},"geometry_name":"ge_ponto","properties":{"cd_identificador_ponto_revitalizado":1307,"nm_endereco":"Rua Rio Itapemirim & Rua Peça Pastoral","sg_subprefeitura":"CT","nm_subprefeitura":"Cidade Tiradentes","cd_lote_servico":"1","tx_status_ponto_revitalizado":"Revitalizado","dt_atualizacao":"2021-12-08Z","tx_data_referencia":"1º quadrimestre 2021","dc_complemento_endereco":null}},{"type":"Feature","id":"ponto_revitalizado.1308","geometry":{"type":"Point","coordinates":[349774.2008,7394422.7758]},"geometry_name":"ge_ponto","properties":{"cd_identificador_ponto_revitalizado":1308,"nm_endereco":"Rua Rio Mamanguape, 309","sg_subprefeitura":"IQ","nm_subprefeitura":"Itaquera","cd_lote_servico":"1","tx_status_ponto_revitalizado":"Revitalizado","dt_atualizacao":"2021-12-08Z","tx_data_referencia":"1º quadrimestre 2021","dc_complemento_endereco":null}},{"type":"Feature","id":"ponto_revitalizado.1309","geometry":{"type":"Point","coordinates":[326980.2296,7378955.0337]},"geometry_name":"ge_ponto","properties":{"cd_identificador_ponto_revitalizado":1309,"nm_endereco":"Rua Rio Sapucaí, 28","sg_subprefeitura":"CS","nm_subprefeitura":"Capela Do Socorro","cd_lote_servico":"6","tx_status_ponto_revitalizado":"Revitalizado","dt_atualizacao":"2021-12-08Z","tx_data_referencia":"1º quadrimestre 2021","dc_complemento_endereco":null}},{"type":"Feature","id":"ponto_revitalizado.1310","geometry":{"type":"Point","coordinates":[331017.7368,7383954.1987]},"geometry_name":"ge_ponto","properties":{"cd_identificador_ponto_revitalizado":1310,"nm_endereco":"Rua Rishin Matsuda, 190","sg_subprefeitura":"JA","nm_subprefeitura":"Jabaquara","cd_lote_servico":"3","tx_status_ponto_revitalizado":"Revitalizado","dt_atualizacao":"2021-12-08Z","tx_data_referencia":"1º quadrimestre 2021","dc_complemento_endereco":null}},{"type":"Feature","id":"ponto_revitalizado.1311","geometry":{"type":"Point","coordinates":[333058.1919,7395617.0291]},"geometry_name":"ge_ponto","properties":{"cd_identificador_ponto_revitalizado":1311,"nm_endereco":"Rua Riskallah Jorge, 206","sg_subprefeitura":"SE","nm_subprefeitura":"Sé","cd_lote_servico":"2","tx_status_ponto_revitalizado":"Eliminado","dt_atualizacao":"2021-12-08Z","tx_data_referencia":"1º quadrimestre 2021","dc_complemento_endereco":null}},{"type":"Feature","id":"ponto_revitalizado.1312","geometry":{"type":"Point","coordinates":[330774.6548,7379151.2196]},"geometry_name":"ge_ponto","properties":{"cd_identificador_ponto_revitalizado":1312,"nm_endereco":"Rua Rita Matilde Costa, 99","sg_subprefeitura":"AD","nm_subprefeitura":"Cidade Ademar","cd_lote_servico":"3","tx_status_ponto_revitalizado":"Revitalizado","dt_atualizacao":"2021-12-08Z","tx_data_referencia":"1º quadrimestre 2021","dc_complemento_endereco":null}},{"type":"Feature","id":"ponto_revitalizado.1313","geometry":{"type":"Point","coordinates":[349791.2792,7398052.9173]},"geometry_name":"ge_ponto","properties":{"cd_identificador_ponto_revitalizado":1313,"nm_endereco":"Rua Rock Estrela, 201","sg_subprefeitura":"IQ","nm_subprefeitura":"Itaquera","cd_lote_servico":"1","tx_status_ponto_revitalizado":"Revitalizado","dt_atualizacao":"2021-12-08Z","tx_data_referencia":"1º quadrimestre 2021","dc_complemento_endereco":null}},{"type":"Feature","id":"ponto_revitalizado.1314","geometry":{"type":"Point","coordinates":[356780.3475,7389854.0855]},"geometry_name":"ge_ponto","properties":{"cd_identificador_ponto_revitalizado":1314,"nm_endereco":"Rua Rodolfo Felipe","sg_subprefeitura":"CT","nm_subprefeitura":"Cidade Tiradentes","cd_lote_servico":"1","tx_status_ponto_revitalizado":"Eliminado","dt_atualizacao":"2021-12-08Z","tx_data_referencia":"1º quadrimestre 2021","dc_complemento_endereco":null}},{"type":"Feature","id":"ponto_revitalizado.1315","geometry":{"type":"Point","coordinates":[342412.2138,7389513.2767]},"geometry_name":"ge_ponto","properties":{"cd_identificador_ponto_revitalizado":1315,"nm_endereco":"Rua Rodolfo Fernandes, 216","sg_subprefeitura":"VP","nm_subprefeitura":"Vila Prudente","cd_lote_servico":"3","tx_status_ponto_revitalizado":"Revitalizado","dt_atualizacao":"2021-12-08Z","tx_data_referencia":"1º quadrimestre 2021","dc_complemento_endereco":null}},{"type":"Feature","id":"ponto_revitalizado.1316","geometry":{"type":"Point","coordinates":[331054.8036,7378566.3638]},"geometry_name":"ge_ponto","properties":{"cd_identificador_ponto_revitalizado":1316,"nm_endereco":"Rua Rodrigues de Medeiros & Rua Padre Santiago","sg_subprefeitura":"AD","nm_subprefeitura":"Cidade Ademar","cd_lote_servico":"3","tx_status_ponto_revitalizado":"Revitalizado","dt_atualizacao":"2021-12-08Z","tx_data_referencia":"1º quadrimestre 2021","dc_complemento_endereco":null}},{"type":"Feature","id":"ponto_revitalizado.1317","geometry":{"type":"Point","coordinates":[343468.4868,7391805.8238]},"geometry_name":"ge_ponto","properties":{"cd_identificador_ponto_revitalizado":1317,"nm_endereco":"Rua Rogério Bacon & Rua Rei Alberto da Bélgica","sg_subprefeitura":"AF","nm_subprefeitura":"Aricanduva","cd_lote_servico":"3","tx_status_ponto_revitalizado":"Revitalizado","dt_atualizacao":"2021-12-08Z","tx_data_referencia":"1º quadrimestre 2021","dc_complemento_endereco":null}},{"type":"Feature","id":"ponto_revitalizado.1318","geometry":{"type":"Point","coordinates":[343668.3329,7391731.547]},"geometry_name":"ge_ponto","properties":{"cd_identificador_ponto_revitalizado":1318,"nm_endereco":"Rua Rogério Bacon, 150","sg_subprefeitura":"AF","nm_subprefeitura":"Aricanduva","cd_lote_servico":"3","tx_status_ponto_revitalizado":"Revitalizado","dt_atualizacao":"2021-12-08Z","tx_data_referencia":"1º quadrimestre 2021","dc_complemento_endereco":null}},{"type":"Feature","id":"ponto_revitalizado.1319","geometry":{"type":"Point","coordinates":[345157.1859,7390906.8284]},"geometry_name":"ge_ponto","properties":{"cd_identificador_ponto_revitalizado":1319,"nm_endereco":"Rua Roque Ricciardi, 96","sg_subprefeitura":"AF","nm_subprefeitura":"Aricanduva","cd_lote_servico":"3","tx_status_ponto_revitalizado":"Revitalizado","dt_atualizacao":"2021-12-08Z","tx_data_referencia":"1º quadrimestre 2021","dc_complemento_endereco":null}},{"type":"Feature","id":"ponto_revitalizado.1320","geometry":{"type":"Point","coordinates":[355360.2345,7400793.1912]},"geometry_name":"ge_ponto","properties":{"cd_identificador_ponto_revitalizado":1320,"nm_endereco":"Rua Rosa Musgo, 132","sg_subprefeitura":"IT","nm_subprefeitura":"Itaim Paulista","cd_lote_servico":"1","tx_status_ponto_revitalizado":"Revitalizado","dt_atualizacao":"2021-12-08Z","tx_data_referencia":"1º quadrimestre 2021","dc_complemento_endereco":null}},{"type":"Feature","id":"ponto_revitalizado.1321","geometry":{"type":"Point","coordinates":[332034.7807,7382909.3604]},"geometry_name":"ge_ponto","properties":{"cd_identificador_ponto_revitalizado":1321,"nm_endereco":"Rua Rosália de Castro & Rua Guian","sg_subprefeitura":"JA","nm_subprefeitura":"Jabaquara","cd_lote_servico":"3","tx_status_ponto_revitalizado":"Revitalizado","dt_atualizacao":"2021-12-08Z","tx_data_referencia":"1º quadrimestre 2021","dc_complemento_endereco":null}},{"type":"Feature","id":"ponto_revitalizado.1322","geometry":{"type":"Point","coordinates":[331966.1411,7382934.0421]},"geometry_name":"ge_ponto","properties":{"cd_identificador_ponto_revitalizado":1322,"nm_endereco":"Rua Rosália de Castro, 55","sg_subprefeitura":"JA","nm_subprefeitura":"Jabaquara","cd_lote_servico":"3","tx_status_ponto_revitalizado":"Revitalizado","dt_atualizacao":"2021-12-08Z","tx_data_referencia":"1º quadrimestre 2021","dc_complemento_endereco":null}},{"type":"Feature","id":"ponto_revitalizado.1323","geometry":{"type":"Point","coordinates":[341497.3016,7389552.9887]},"geometry_name":"ge_ponto","properties":{"cd_identificador_ponto_revitalizado":1323,"nm_endereco":"Rua Rosário do Catete, 215","sg_subprefeitura":"VP","nm_subprefeitura":"Vila Prudente","cd_lote_servico":"3","tx_status_ponto_revitalizado":"Eliminado","dt_atualizacao":"2021-12-08Z","tx_data_referencia":"1º quadrimestre 2021","dc_complemento_endereco":null}},{"type":"Feature","id":"ponto_revitalizado.1324","geometry":{"type":"Point","coordinates":[341516.8476,7389538.8035]},"geometry_name":"ge_ponto","properties":{"cd_identificador_ponto_revitalizado":1324,"nm_endereco":"Rua Rosário do Catete, 250","sg_subprefeitura":"VP","nm_subprefeitura":"Vila Prudente","cd_lote_servico":"3","tx_status_ponto_revitalizado":"Revitalizado","dt_atualizacao":"2021-12-08Z","tx_data_referencia":"1º quadrimestre 2021","dc_complemento_endereco":null}},{"type":"Feature","id":"ponto_revitalizado.1325","geometry":{"type":"Point","coordinates":[324982.9497,7374044.0696]},"geometry_name":"ge_ponto","properties":{"cd_identificador_ponto_revitalizado":1325,"nm_endereco":"Rua Royan, 46","sg_subprefeitura":"CS","nm_subprefeitura":"Capela Do Socorro","cd_lote_servico":"6","tx_status_ponto_revitalizado":"Revitalizado","dt_atualizacao":"2021-12-08Z","tx_data_referencia":"1º quadrimestre 2021","dc_complemento_endereco":null}},{"type":"Feature","id":"ponto_revitalizado.1326","geometry":{"type":"Point","coordinates":[355465.3738,7397163.5869]},"geometry_name":"ge_ponto","properties":{"cd_identificador_ponto_revitalizado":1326,"nm_endereco":"Rua Rubelita, 02","sg_subprefeitura":"G","nm_subprefeitura":"Guaianases","cd_lote_servico":"1","tx_status_ponto_revitalizado":"Revitalizado","dt_atualizacao":"2021-12-08Z","tx_data_referencia":"1º quadrimestre 2021","dc_complemento_endereco":null}},{"type":"Feature","id":"ponto_revitalizado.1327","geometry":{"type":"Point","coordinates":[330041.0818,7397925.6484]},"geometry_name":"ge_ponto","properties":{"cd_identificador_ponto_revitalizado":1327,"nm_endereco":"Rua Rubens Porta Nova","sg_subprefeitura":"LA","nm_subprefeitura":"Lapa","cd_lote_servico":"5","tx_status_ponto_revitalizado":"Revitalizado","dt_atualizacao":"2021-12-08Z","tx_data_referencia":"1º quadrimestre 2021","dc_complemento_endereco":null}},{"type":"Feature","id":"ponto_revitalizado.1328","geometry":{"type":"Point","coordinates":[332062.588,7393777.6578]},"geometry_name":"ge_ponto","properties":{"cd_identificador_ponto_revitalizado":1328,"nm_endereco":"Rua Rui Barbosa & Rua Conseheiro Carrão","sg_subprefeitura":"SE","nm_subprefeitura":"Sé","cd_lote_servico":"2","tx_status_ponto_revitalizado":"Revitalizado","dt_atualizacao":"2021-12-08Z","tx_data_referencia":"1º quadrimestre 2021","dc_complemento_endereco":null}},{"type":"Feature","id":"ponto_revitalizado.1329","geometry":{"type":"Point","coordinates":[352175.2265,7396078.143]},"geometry_name":"ge_ponto","properties":{"cd_identificador_ponto_revitalizado":1329,"nm_endereco":"Rua Sábbado D’Angelo, 657","sg_subprefeitura":"IQ","nm_subprefeitura":"Itaquera","cd_lote_servico":"1","tx_status_ponto_revitalizado":"Revitalizado","dt_atualizacao":"2021-12-08Z","tx_data_referencia":"1º quadrimestre 2021","dc_complemento_endereco":null}},{"type":"Feature","id":"ponto_revitalizado.1330","geometry":{"type":"Point","coordinates":[355404.6591,7391364.892]},"geometry_name":"ge_ponto","properties":{"cd_identificador_ponto_revitalizado":1330,"nm_endereco":"Rua Sabiá da Praia, 156","sg_subprefeitura":"IQ","nm_subprefeitura":"Itaquera","cd_lote_servico":"1","tx_status_ponto_revitalizado":"Revitalizado","dt_atualizacao":"2021-12-08Z","tx_data_referencia":"1º quadrimestre 2021","dc_complemento_endereco":null}},{"type":"Feature","id":"ponto_revitalizado.1331","geometry":{"type":"Point","coordinates":[336223.0855,7400367.2122]},"geometry_name":"ge_ponto","properties":{"cd_identificador_ponto_revitalizado":1331,"nm_endereco":"Rua Sacalina & Rua Norivaldo Alessio Cuevas","sg_subprefeitura":"MG","nm_subprefeitura":"Vila Maria-Vila Guilherme","cd_lote_servico":"4","tx_status_ponto_revitalizado":"Revitalizado","dt_atualizacao":"2021-12-08Z","tx_data_referencia":"1º quadrimestre 2021","dc_complemento_endereco":null}},{"type":"Feature","id":"ponto_revitalizado.1332","geometry":{"type":"Point","coordinates":[334964.0395,7397069.3272]},"geometry_name":"ge_ponto","properties":{"cd_identificador_ponto_revitalizado":1332,"nm_endereco":"Rua Sacramento, 1","sg_subprefeitura":"MO","nm_subprefeitura":"Mooca","cd_lote_servico":"2","tx_status_ponto_revitalizado":"Revitalizado","dt_atualizacao":"2021-12-08Z","tx_data_referencia":"1º quadrimestre 2021","dc_complemento_endereco":null}},{"type":"Feature","id":"ponto_revitalizado.1333","geometry":{"type":"Point","coordinates":[336836.3226,7395837.7132]},"geometry_name":"ge_ponto","properties":{"cd_identificador_ponto_revitalizado":1333,"nm_endereco":"Rua Saldanha Marinho, 179","sg_subprefeitura":"MO","nm_subprefeitura":"Mooca","cd_lote_servico":"2","tx_status_ponto_revitalizado":"Revitalizado","dt_atualizacao":"2021-12-08Z","tx_data_referencia":"1º quadrimestre 2021","dc_complemento_endereco":null}},{"type":"Feature","id":"ponto_revitalizado.1334","geometry":{"type":"Point","coordinates":[342270.9151,7390311.1342]},"geometry_name":"ge_ponto","properties":{"cd_identificador_ponto_revitalizado":1334,"nm_endereco":"Rua Sales Gomes Junior, 206","sg_subprefeitura":"VP","nm_subprefeitura":"Vila Prudente","cd_lote_servico":"3","tx_status_ponto_revitalizado":"Revitalizado","dt_atualizacao":"2021-12-08Z","tx_data_referencia":"1º quadrimestre 2021","dc_complemento_endereco":null}},{"type":"Feature","id":"ponto_revitalizado.1335","geometry":{"type":"Point","coordinates":[323279.3814,7382711.5755]},"geometry_name":"ge_ponto","properties":{"cd_identificador_ponto_revitalizado":1335,"nm_endereco":"Rua Salgueiro do Campo, 19","sg_subprefeitura":"MB","nm_subprefeitura":"M'Boi Mirim","cd_lote_servico":"6","tx_status_ponto_revitalizado":"Revitalizado","dt_atualizacao":"2021-12-08Z","tx_data_referencia":"1º quadrimestre 2021","dc_complemento_endereco":null}},{"type":"Feature","id":"ponto_revitalizado.1336","geometry":{"type":"Point","coordinates":[345196.6934,7394270.8471]},"geometry_name":"ge_ponto","properties":{"cd_identificador_ponto_revitalizado":1336,"nm_endereco":"Rua Salmorão, 19 (Muro da Creche)","sg_subprefeitura":"PE","nm_subprefeitura":"Penha","cd_lote_servico":"4","tx_status_ponto_revitalizado":"Revitalizado","dt_atualizacao":"2021-12-08Z","tx_data_referencia":"1º quadrimestre 2021","dc_complemento_endereco":null}},{"type":"Feature","id":"ponto_revitalizado.1337","geometry":{"type":"Point","coordinates":[343490.3205,7393761.8599]},"geometry_name":"ge_ponto","properties":{"cd_identificador_ponto_revitalizado":1337,"nm_endereco":"Rua Salomé Queiroga & Rua Tuparaquara","sg_subprefeitura":"AF","nm_subprefeitura":"Aricanduva","cd_lote_servico":"3","tx_status_ponto_revitalizado":"Revitalizado","dt_atualizacao":"2021-12-08Z","tx_data_referencia":"1º quadrimestre 2021","dc_complemento_endereco":null}},{"type":"Feature","id":"ponto_revitalizado.1338","geometry":{"type":"Point","coordinates":[343469.6613,7393698.5127]},"geometry_name":"ge_ponto","properties":{"cd_identificador_ponto_revitalizado":1338,"nm_endereco":"Rua Salomé Queiroga, 297","sg_subprefeitura":"AF","nm_subprefeitura":"Aricanduva","cd_lote_servico":"3","tx_status_ponto_revitalizado":"Revitalizado","dt_atualizacao":"2021-12-08Z","tx_data_referencia":"1º quadrimestre 2021","dc_complemento_endereco":null}},{"type":"Feature","id":"ponto_revitalizado.1339","geometry":{"type":"Point","coordinates":[353882.8428,7395418.0963]},"geometry_name":"ge_ponto","properties":{"cd_identificador_ponto_revitalizado":1339,"nm_endereco":"Rua Salvador de Oliveira, 252","sg_subprefeitura":"IQ","nm_subprefeitura":"Itaquera","cd_lote_servico":"1","tx_status_ponto_revitalizado":"Revitalizado","dt_atualizacao":"2021-12-08Z","tx_data_referencia":"1º quadrimestre 2021","dc_complemento_endereco":null}},{"type":"Feature","id":"ponto_revitalizado.1340","geometry":{"type":"Point","coordinates":[343145.8325,7388203.0505]},"geometry_name":"ge_ponto","properties":{"cd_identificador_ponto_revitalizado":1340,"nm_endereco":"Rua Salvador Mota, 471","sg_subprefeitura":"VP","nm_subprefeitura":"Vila Prudente","cd_lote_servico":"3","tx_status_ponto_revitalizado":"Eliminado","dt_atualizacao":"2021-12-08Z","tx_data_referencia":"1º quadrimestre 2021","dc_complemento_endereco":null}},{"type":"Feature","id":"ponto_revitalizado.1341","geometry":{"type":"Point","coordinates":[335387.1622,7388333.5554]},"geometry_name":"ge_ponto","properties":{"cd_identificador_ponto_revitalizado":1341,"nm_endereco":"Rua Salvador Simões & Rua Dona Maria Quitéria","sg_subprefeitura":"IP","nm_subprefeitura":"Ipiranga","cd_lote_servico":"3","tx_status_ponto_revitalizado":"Revitalizado","dt_atualizacao":"2021-12-08Z","tx_data_referencia":"1º quadrimestre 2021","dc_complemento_endereco":null}},{"type":"Feature","id":"ponto_revitalizado.1342","geometry":{"type":"Point","coordinates":[328830.5535,7399001.3837]},"geometry_name":"ge_ponto","properties":{"cd_identificador_ponto_revitalizado":1342,"nm_endereco":"Praça José Gomes Vieira","sg_subprefeitura":"CV","nm_subprefeitura":"Casa Verde","cd_lote_servico":"4","tx_status_ponto_revitalizado":"Revitalizado","dt_atualizacao":"2021-12-08Z","tx_data_referencia":"1º quadrimestre 2021","dc_complemento_endereco":null}},{"type":"Feature","id":"ponto_revitalizado.1343","geometry":{"type":"Point","coordinates":[329966.1021,7380086.5374]},"geometry_name":"ge_ponto","properties":{"cd_identificador_ponto_revitalizado":1343,"nm_endereco":"Rua Samuel Arnold, 414","sg_subprefeitura":"AD","nm_subprefeitura":"Cidade Ademar","cd_lote_servico":"3","tx_status_ponto_revitalizado":"Revitalizado","dt_atualizacao":"2021-12-08Z","tx_data_referencia":"1º quadrimestre 2021","dc_complemento_endereco":null}},{"type":"Feature","id":"ponto_revitalizado.1344","geometry":{"type":"Point","coordinates":[331531.6732,7383626.779]},"geometry_name":"ge_ponto","properties":{"cd_identificador_ponto_revitalizado":1344,"nm_endereco":"Rua Samuel Gache","sg_subprefeitura":"JA","nm_subprefeitura":"Jabaquara","cd_lote_servico":"3","tx_status_ponto_revitalizado":"Revitalizado","dt_atualizacao":"2021-12-08Z","tx_data_referencia":"1º quadrimestre 2021","dc_complemento_endereco":null}},{"type":"Feature","id":"ponto_revitalizado.1345","geometry":{"type":"Point","coordinates":[327792.5166,7404602.2774]},"geometry_name":"ge_ponto","properties":{"cd_identificador_ponto_revitalizado":1345,"nm_endereco":"Rua Santa Cruz da Conceição & Avenida Deputado Cantídio Sampaio","sg_subprefeitura":"FB","nm_subprefeitura":"Freguesia Do Ó","cd_lote_servico":"4","tx_status_ponto_revitalizado":"Eliminado","dt_atualizacao":"2021-12-08Z","tx_data_referencia":"1º quadrimestre 2021","dc_complemento_endereco":null}},{"type":"Feature","id":"ponto_revitalizado.1346","geometry":{"type":"Point","coordinates":[354470.3696,7395679.2095]},"geometry_name":"ge_ponto","properties":{"cd_identificador_ponto_revitalizado":1346,"nm_endereco":"Rua Santa Edith & Rua Pilar do Sul","sg_subprefeitura":"IQ","nm_subprefeitura":"Itaquera","cd_lote_servico":"1","tx_status_ponto_revitalizado":"Revitalizado","dt_atualizacao":"2021-12-08Z","tx_data_referencia":"1º quadrimestre 2021","dc_complemento_endereco":null}},{"type":"Feature","id":"ponto_revitalizado.1347","geometry":{"type":"Point","coordinates":[356834.4647,7390413.5282]},"geometry_name":"ge_ponto","properties":{"cd_identificador_ponto_revitalizado":1347,"nm_endereco":"Rua Santa Flávia Domitila, 134","sg_subprefeitura":"CT","nm_subprefeitura":"Cidade Tiradentes","cd_lote_servico":"1","tx_status_ponto_revitalizado":"Eliminado","dt_atualizacao":"2021-12-08Z","tx_data_referencia":"1º quadrimestre 2021","dc_complemento_endereco":null}},{"type":"Feature","id":"ponto_revitalizado.1348","geometry":{"type":"Point","coordinates":[351185.8479,7397143.1052]},"geometry_name":"ge_ponto","properties":{"cd_identificador_ponto_revitalizado":1348,"nm_endereco":"Rua Santa Izildinha, 89","sg_subprefeitura":"IQ","nm_subprefeitura":"Itaquera","cd_lote_servico":"1","tx_status_ponto_revitalizado":"Eliminado","dt_atualizacao":"2021-12-08Z","tx_data_referencia":"1º quadrimestre 2021","dc_complemento_endereco":null}},{"type":"Feature","id":"ponto_revitalizado.1349","geometry":{"type":"Point","coordinates":[338835.4654,7395295.0336]},"geometry_name":"ge_ponto","properties":{"cd_identificador_ponto_revitalizado":1349,"nm_endereco":"Rua Santa Lúcia & Rua Mamanguape","sg_subprefeitura":"MO","nm_subprefeitura":"Mooca","cd_lote_servico":"2","tx_status_ponto_revitalizado":"Revitalizado","dt_atualizacao":"2021-12-08Z","tx_data_referencia":"1º quadrimestre 2021","dc_complemento_endereco":null}},{"type":"Feature","id":"ponto_revitalizado.1350","geometry":{"type":"Point","coordinates":[334759.1185,7385548.3313]},"geometry_name":"ge_ponto","properties":{"cd_identificador_ponto_revitalizado":1350,"nm_endereco":"Rua Santa Mercedes & Rua Giovanni di Paolo","sg_subprefeitura":"IP","nm_subprefeitura":"Ipiranga","cd_lote_servico":"3","tx_status_ponto_revitalizado":"Revitalizado","dt_atualizacao":"2021-12-08Z","tx_data_referencia":"1º quadrimestre 2021","dc_complemento_endereco":null}},{"type":"Feature","id":"ponto_revitalizado.1351","geometry":{"type":"Point","coordinates":[338055.9439,7397460.4503]},"geometry_name":"ge_ponto","properties":{"cd_identificador_ponto_revitalizado":1351,"nm_endereco":"Rua Santa Olívia & Rua Carlos José Michelon","sg_subprefeitura":"MG","nm_subprefeitura":"Vila Maria-Vila Guilherme","cd_lote_servico":"4","tx_status_ponto_revitalizado":"Revitalizado","dt_atualizacao":"2021-12-08Z","tx_data_referencia":"1º quadrimestre 2021","dc_complemento_endereco":null}},{"type":"Feature","id":"ponto_revitalizado.1352","geometry":{"type":"Point","coordinates":[339193.7709,7403124.4935]},"geometry_name":"ge_ponto","properties":{"cd_identificador_ponto_revitalizado":1352,"nm_endereco":"Rua Santa Rita do Passa Quatro & Avenida Sanatório","sg_subprefeitura":"MG","nm_subprefeitura":"Vila Maria-Vila Guilherme","cd_lote_servico":"4","tx_status_ponto_revitalizado":"Eliminado","dt_atualizacao":"2021-12-08Z","tx_data_referencia":"1º quadrimestre 2021","dc_complemento_endereco":null}},{"type":"Feature","id":"ponto_revitalizado.1353","geometry":{"type":"Point","coordinates":[328319.977,7381104.9928]},"geometry_name":"ge_ponto","properties":{"cd_identificador_ponto_revitalizado":1353,"nm_endereco":"Rua Sant'Ana, 431","sg_subprefeitura":"SA","nm_subprefeitura":"Santo Amaro","cd_lote_servico":"6","tx_status_ponto_revitalizado":"Revitalizado","dt_atualizacao":"2021-12-08Z","tx_data_referencia":"1º quadrimestre 2021","dc_complemento_endereco":null}},{"type":"Feature","id":"ponto_revitalizado.1354","geometry":{"type":"Point","coordinates":[348193.7768,7401778.9471]},"geometry_name":"ge_ponto","properties":{"cd_identificador_ponto_revitalizado":1354,"nm_endereco":"Rua Santana do Munhuaçu, 143","sg_subprefeitura":"EM","nm_subprefeitura":"Ermelino Matarazzo","cd_lote_servico":"1","tx_status_ponto_revitalizado":"Revitalizado","dt_atualizacao":"2021-12-08Z","tx_data_referencia":"1º quadrimestre 2021","dc_complemento_endereco":null}},{"type":"Feature","id":"ponto_revitalizado.1355","geometry":{"type":"Point","coordinates":[356413.9069,7390399.4331]},"geometry_name":"ge_ponto","properties":{"cd_identificador_ponto_revitalizado":1355,"nm_endereco":"Rua Santo Rizzo, 67","sg_subprefeitura":"CT","nm_subprefeitura":"Cidade Tiradentes","cd_lote_servico":"1","tx_status_ponto_revitalizado":"Revitalizado","dt_atualizacao":"2021-12-08Z","tx_data_referencia":"1º quadrimestre 2021","dc_complemento_endereco":null}},{"type":"Feature","id":"ponto_revitalizado.1356","geometry":{"type":"Point","coordinates":[344733.8842,7391436.4693]},"geometry_name":"ge_ponto","properties":{"cd_identificador_ponto_revitalizado":1356,"nm_endereco":"Rua São Benedito do Rio Preto, 555","sg_subprefeitura":"AF","nm_subprefeitura":"Aricanduva","cd_lote_servico":"3","tx_status_ponto_revitalizado":"Revitalizado","dt_atualizacao":"2021-12-08Z","tx_data_referencia":"1º quadrimestre 2021","dc_complemento_endereco":null}},{"type":"Feature","id":"ponto_revitalizado.1357","geometry":{"type":"Point","coordinates":[328015.6958,7372002.6273]},"geometry_name":"ge_ponto","properties":{"cd_identificador_ponto_revitalizado":1357,"nm_endereco":"Rua São Caetano do Sul & Avenida Dona Belmira Marin","sg_subprefeitura":"CS","nm_subprefeitura":"Capela Do Socorro","cd_lote_servico":"6","tx_status_ponto_revitalizado":"Revitalizado","dt_atualizacao":"2021-12-08Z","tx_data_referencia":"1º quadrimestre 2021","dc_complemento_endereco":null}},{"type":"Feature","id":"ponto_revitalizado.1358","geometry":{"type":"Point","coordinates":[341630.5639,7393530.7558]},"geometry_name":"ge_ponto","properties":{"cd_identificador_ponto_revitalizado":1358,"nm_endereco":"Rua São Constâncio","sg_subprefeitura":"AF","nm_subprefeitura":"Aricanduva","cd_lote_servico":"3","tx_status_ponto_revitalizado":"Revitalizado","dt_atualizacao":"2021-12-08Z","tx_data_referencia":"1º quadrimestre 2021","dc_complemento_endereco":null}},{"type":"Feature","id":"ponto_revitalizado.1359","geometry":{"type":"Point","coordinates":[328888.494,7404300.206]},"geometry_name":"ge_ponto","properties":{"cd_identificador_ponto_revitalizado":1359,"nm_endereco":"Rua São Francisco do Humaitá & Rua Silvio Bueno Peruche","sg_subprefeitura":"FB","nm_subprefeitura":"Freguesia Do Ó","cd_lote_servico":"4","tx_status_ponto_revitalizado":"Eliminado","dt_atualizacao":"2021-12-08Z","tx_data_referencia":"1º quadrimestre 2021","dc_complemento_endereco":null}},{"type":"Feature","id":"ponto_revitalizado.1360","geometry":{"type":"Point","coordinates":[346145.6439,7399803.5222]},"geometry_name":"ge_ponto","properties":{"cd_identificador_ponto_revitalizado":1360,"nm_endereco":"Rua São José do Campestre & Avenida Cangaíba","sg_subprefeitura":"PE","nm_subprefeitura":"Penha","cd_lote_servico":"4","tx_status_ponto_revitalizado":"Revitalizado","dt_atualizacao":"2021-12-08Z","tx_data_referencia":"1º quadrimestre 2021","dc_complemento_endereco":null}},{"type":"Feature","id":"ponto_revitalizado.1361","geometry":{"type":"Point","coordinates":[324457.5185,7368063.3942]},"geometry_name":"ge_ponto","properties":{"cd_identificador_ponto_revitalizado":1361,"nm_endereco":"Rua São Judas Tadeu & Rua Ana Rosa de Almeida","sg_subprefeitura":"PA","nm_subprefeitura":"Parelheiros","cd_lote_servico":"6","tx_status_ponto_revitalizado":"Revitalizado","dt_atualizacao":"2021-12-08Z","tx_data_referencia":"1º quadrimestre 2021","dc_complemento_endereco":null}},{"type":"Feature","id":"ponto_revitalizado.1362","geometry":{"type":"Point","coordinates":[324456.887,7368115.4443]},"geometry_name":"ge_ponto","properties":{"cd_identificador_ponto_revitalizado":1362,"nm_endereco":"Rua São Judas Tadeu, 7","sg_subprefeitura":"PA","nm_subprefeitura":"Parelheiros","cd_lote_servico":"6","tx_status_ponto_revitalizado":"Revitalizado","dt_atualizacao":"2021-12-08Z","tx_data_referencia":"1º quadrimestre 2021","dc_complemento_endereco":null}},{"type":"Feature","id":"ponto_revitalizado.1363","geometry":{"type":"Point","coordinates":[354586.0302,7396061.3104]},"geometry_name":"ge_ponto","properties":{"cd_identificador_ponto_revitalizado":1363,"nm_endereco":"Rua São Marçal & Rua Manuel Calhamares","sg_subprefeitura":"IQ","nm_subprefeitura":"Itaquera","cd_lote_servico":"1","tx_status_ponto_revitalizado":"Revitalizado","dt_atualizacao":"2021-12-08Z","tx_data_referencia":"1º quadrimestre 2021","dc_complemento_endereco":null}},{"type":"Feature","id":"ponto_revitalizado.1364","geometry":{"type":"Point","coordinates":[340872.4198,7388031.693]},"geometry_name":"ge_ponto","properties":{"cd_identificador_ponto_revitalizado":1364,"nm_endereco":"Rua São Raimundo","sg_subprefeitura":"VP","nm_subprefeitura":"Vila Prudente","cd_lote_servico":"3","tx_status_ponto_revitalizado":"Revitalizado","dt_atualizacao":"2021-12-08Z","tx_data_referencia":"1º quadrimestre 2021","dc_complemento_endereco":null}},{"type":"Feature","id":"ponto_revitalizado.1365","geometry":{"type":"Point","coordinates":[330179.1182,7405327.7931]},"geometry_name":"ge_ponto","properties":{"cd_identificador_ponto_revitalizado":1365,"nm_endereco":"Rua São Roque de Minas, 185","sg_subprefeitura":"CV","nm_subprefeitura":"Casa Verde","cd_lote_servico":"4","tx_status_ponto_revitalizado":"Revitalizado","dt_atualizacao":"2021-12-08Z","tx_data_referencia":"1º quadrimestre 2021","dc_complemento_endereco":null}},{"type":"Feature","id":"ponto_revitalizado.1366","geometry":{"type":"Point","coordinates":[330110.2854,7405271.6213]},"geometry_name":"ge_ponto","properties":{"cd_identificador_ponto_revitalizado":1366,"nm_endereco":"Rua São Roque de Minas & Rua São Miguel do Tapuio","sg_subprefeitura":"CV","nm_subprefeitura":"Casa Verde","cd_lote_servico":"4","tx_status_ponto_revitalizado":"Eliminado","dt_atualizacao":"2021-12-08Z","tx_data_referencia":"1º quadrimestre 2021","dc_complemento_endereco":null}},{"type":"Feature","id":"ponto_revitalizado.1367","geometry":{"type":"Point","coordinates":[333300.648,7389801.719]},"geometry_name":"ge_ponto","properties":{"cd_identificador_ponto_revitalizado":1367,"nm_endereco":"Rua São Samuel, 19","sg_subprefeitura":"VM","nm_subprefeitura":"Vila Mariana","cd_lote_servico":"3","tx_status_ponto_revitalizado":"Revitalizado","dt_atualizacao":"2021-12-08Z","tx_data_referencia":"1º quadrimestre 2021","dc_complemento_endereco":null}},{"type":"Feature","id":"ponto_revitalizado.1368","geometry":{"type":"Point","coordinates":[346362.7252,7395737.5634]},"geometry_name":"ge_ponto","properties":{"cd_identificador_ponto_revitalizado":1368,"nm_endereco":"Rua São Turíbio & Praça Geraldo Porfírio dos Santos","sg_subprefeitura":"PE","nm_subprefeitura":"Penha","cd_lote_servico":"4","tx_status_ponto_revitalizado":"Revitalizado","dt_atualizacao":"2021-12-08Z","tx_data_referencia":"1º quadrimestre 2021","dc_complemento_endereco":null}},{"type":"Feature","id":"ponto_revitalizado.1369","geometry":{"type":"Point","coordinates":[336578.1247,7398388.1881]},"geometry_name":"ge_ponto","properties":{"cd_identificador_ponto_revitalizado":1369,"nm_endereco":"Rua Sarah Velardo Velloso","sg_subprefeitura":"MG","nm_subprefeitura":"Vila Maria-Vila Guilherme","cd_lote_servico":"4","tx_status_ponto_revitalizado":"Revitalizado","dt_atualizacao":"2021-12-08Z","tx_data_referencia":"1º quadrimestre 2021","dc_complemento_endereco":null}},{"type":"Feature","id":"ponto_revitalizado.1370","geometry":{"type":"Point","coordinates":[336550.7268,7392885.2293]},"geometry_name":"ge_ponto","properties":{"cd_identificador_ponto_revitalizado":1370,"nm_endereco":"Rua Sarapuí, 240","sg_subprefeitura":"MO","nm_subprefeitura":"Mooca","cd_lote_servico":"2","tx_status_ponto_revitalizado":"Revitalizado","dt_atualizacao":"2021-12-08Z","tx_data_referencia":"1º quadrimestre 2021","dc_complemento_endereco":null}},{"type":"Feature","id":"ponto_revitalizado.1371","geometry":{"type":"Point","coordinates":[338225.5957,7399789.6148]},"geometry_name":"ge_ponto","properties":{"cd_identificador_ponto_revitalizado":1371,"nm_endereco":"Rua Sargento Agostinho Ferreira, 1107","sg_subprefeitura":"MG","nm_subprefeitura":"Vila Maria-Vila Guilherme","cd_lote_servico":"4","tx_status_ponto_revitalizado":"Revitalizado","dt_atualizacao":"2021-12-08Z","tx_data_referencia":"1º quadrimestre 2021","dc_complemento_endereco":null}},{"type":"Feature","id":"ponto_revitalizado.1372","geometry":{"type":"Point","coordinates":[338000.0163,7399749.0268]},"geometry_name":"ge_ponto","properties":{"cd_identificador_ponto_revitalizado":1372,"nm_endereco":"Rua Sargento Agostinho Ferreira, 800","sg_subprefeitura":"MG","nm_subprefeitura":"Vila Maria-Vila Guilherme","cd_lote_servico":"4","tx_status_ponto_revitalizado":"Revitalizado","dt_atualizacao":"2021-12-08Z","tx_data_referencia":"1º quadrimestre 2021","dc_complemento_endereco":null}},{"type":"Feature","id":"ponto_revitalizado.1373","geometry":{"type":"Point","coordinates":[325243.1863,7369553.2216]},"geometry_name":"ge_ponto","properties":{"cd_identificador_ponto_revitalizado":1373,"nm_endereco":"Rua Satélite Dionéia, 549","sg_subprefeitura":"PA","nm_subprefeitura":"Parelheiros","cd_lote_servico":"6","tx_status_ponto_revitalizado":"Revitalizado","dt_atualizacao":"2021-12-08Z","tx_data_referencia":"1º quadrimestre 2021","dc_complemento_endereco":null}},{"type":"Feature","id":"ponto_revitalizado.1374","geometry":{"type":"Point","coordinates":[343469.154,7392124.7843]},"geometry_name":"ge_ponto","properties":{"cd_identificador_ponto_revitalizado":1374,"nm_endereco":"Rua Sebastião Cordeiro Vaz, 260","sg_subprefeitura":"AF","nm_subprefeitura":"Aricanduva","cd_lote_servico":"3","tx_status_ponto_revitalizado":"Revitalizado","dt_atualizacao":"2021-12-08Z","tx_data_referencia":"1º quadrimestre 2021","dc_complemento_endereco":null}},{"type":"Feature","id":"ponto_revitalizado.1375","geometry":{"type":"Point","coordinates":[326681.2333,7372595.9055]},"geometry_name":"ge_ponto","properties":{"cd_identificador_ponto_revitalizado":1375,"nm_endereco":"Rua Sebastiano Del Piombo, 223","sg_subprefeitura":"CS","nm_subprefeitura":"Capela Do Socorro","cd_lote_servico":"6","tx_status_ponto_revitalizado":"Revitalizado","dt_atualizacao":"2021-12-08Z","tx_data_referencia":"1º quadrimestre 2021","dc_complemento_endereco":null}},{"type":"Feature","id":"ponto_revitalizado.1376","geometry":{"type":"Point","coordinates":[330183.2558,7380445.7102]},"geometry_name":"ge_ponto","properties":{"cd_identificador_ponto_revitalizado":1376,"nm_endereco":"Rua Selma Kurts, 230","sg_subprefeitura":"AD","nm_subprefeitura":"Cidade Ademar","cd_lote_servico":"3","tx_status_ponto_revitalizado":"Revitalizado","dt_atualizacao":"2021-12-08Z","tx_data_referencia":"1º quadrimestre 2021","dc_complemento_endereco":null}},{"type":"Feature","id":"ponto_revitalizado.1377","geometry":{"type":"Point","coordinates":[355998.9105,7389986.9316]},"geometry_name":"ge_ponto","properties":{"cd_identificador_ponto_revitalizado":1377,"nm_endereco":"Rua Senador Nelson Carneiro, 525","sg_subprefeitura":"CT","nm_subprefeitura":"Cidade Tiradentes","cd_lote_servico":"1","tx_status_ponto_revitalizado":"Revitalizado","dt_atualizacao":"2021-12-08Z","tx_data_referencia":"1º quadrimestre 2021","dc_complemento_endereco":null}},{"type":"Feature","id":"ponto_revitalizado.1378","geometry":{"type":"Point","coordinates":[331508.2269,7382655.1846]},"geometry_name":"ge_ponto","properties":{"cd_identificador_ponto_revitalizado":1378,"nm_endereco":"Rua Senegal, 108","sg_subprefeitura":"JA","nm_subprefeitura":"Jabaquara","cd_lote_servico":"3","tx_status_ponto_revitalizado":"Revitalizado","dt_atualizacao":"2021-12-08Z","tx_data_referencia":"1º quadrimestre 2021","dc_complemento_endereco":null}},{"type":"Feature","id":"ponto_revitalizado.1379","geometry":{"type":"Point","coordinates":[326575.3166,7395727.5131]},"geometry_name":"ge_ponto","properties":{"cd_identificador_ponto_revitalizado":1379,"nm_endereco":"Rua Sepetiba, 1200","sg_subprefeitura":"LA","nm_subprefeitura":"Lapa","cd_lote_servico":"5","tx_status_ponto_revitalizado":"Revitalizado","dt_atualizacao":"2021-12-08Z","tx_data_referencia":"1º quadrimestre 2021","dc_complemento_endereco":null}},{"type":"Feature","id":"ponto_revitalizado.1380","geometry":{"type":"Point","coordinates":[336543.3616,7398355.1291]},"geometry_name":"ge_ponto","properties":{"cd_identificador_ponto_revitalizado":1380,"nm_endereco":"Rua Seraphim de Carvalho","sg_subprefeitura":"MG","nm_subprefeitura":"Vila Maria-Vila Guilherme","cd_lote_servico":"4","tx_status_ponto_revitalizado":"Revitalizado","dt_atualizacao":"2021-12-08Z","tx_data_referencia":"1º quadrimestre 2021","dc_complemento_endereco":null}},{"type":"Feature","id":"ponto_revitalizado.1381","geometry":{"type":"Point","coordinates":[356960.1782,7388749.43]},"geometry_name":"ge_ponto","properties":{"cd_identificador_ponto_revitalizado":1381,"nm_endereco":"Rua Serafim Pereira & Rua dos Pedreiros","sg_subprefeitura":"CT","nm_subprefeitura":"Cidade Tiradentes","cd_lote_servico":"1","tx_status_ponto_revitalizado":"Revitalizado","dt_atualizacao":"2021-12-08Z","tx_data_referencia":"1º quadrimestre 2021","dc_complemento_endereco":null}},{"type":"Feature","id":"ponto_revitalizado.1382","geometry":{"type":"Point","coordinates":[338908.9223,7397992.5906]},"geometry_name":"ge_ponto","properties":{"cd_identificador_ponto_revitalizado":1382,"nm_endereco":"Rua Serafim Poli & Rua Oscar Fernandes da Silva","sg_subprefeitura":"MG","nm_subprefeitura":"Vila Maria-Vila Guilherme","cd_lote_servico":"4","tx_status_ponto_revitalizado":"Revitalizado","dt_atualizacao":"2021-12-08Z","tx_data_referencia":"1º quadrimestre 2021","dc_complemento_endereco":null}},{"type":"Feature","id":"ponto_revitalizado.1383","geometry":{"type":"Point","coordinates":[351150.4653,7393564.0715]},"geometry_name":"ge_ponto","properties":{"cd_identificador_ponto_revitalizado":1383,"nm_endereco":"Rua Serra do Ouro Branco, 15","sg_subprefeitura":"IQ","nm_subprefeitura":"Itaquera","cd_lote_servico":"1","tx_status_ponto_revitalizado":"Revitalizado","dt_atualizacao":"2021-12-08Z","tx_data_referencia":"1º quadrimestre 2021","dc_complemento_endereco":null}},{"type":"Feature","id":"ponto_revitalizado.1384","geometry":{"type":"Point","coordinates":[351202.1522,7393571.0206]},"geometry_name":"ge_ponto","properties":{"cd_identificador_ponto_revitalizado":1384,"nm_endereco":"Rua Serra do Ouro Branco, 294","sg_subprefeitura":"IQ","nm_subprefeitura":"Itaquera","cd_lote_servico":"1","tx_status_ponto_revitalizado":"Revitalizado","dt_atualizacao":"2021-12-08Z","tx_data_referencia":"1º quadrimestre 2021","dc_complemento_endereco":null}},{"type":"Feature","id":"ponto_revitalizado.1385","geometry":{"type":"Point","coordinates":[346314.9956,7401186.2896]},"geometry_name":"ge_ponto","properties":{"cd_identificador_ponto_revitalizado":1385,"nm_endereco":"Rua Serra Verde, 07","sg_subprefeitura":"PE","nm_subprefeitura":"Penha","cd_lote_servico":"4","tx_status_ponto_revitalizado":"Revitalizado","dt_atualizacao":"2021-12-08Z","tx_data_referencia":"1º quadrimestre 2021","dc_complemento_endereco":null}},{"type":"Feature","id":"ponto_revitalizado.1386","geometry":{"type":"Point","coordinates":[342170.3596,7390530.1054]},"geometry_name":"ge_ponto","properties":{"cd_identificador_ponto_revitalizado":1386,"nm_endereco":"Rua Sertão do Cariri","sg_subprefeitura":"VP","nm_subprefeitura":"Vila Prudente","cd_lote_servico":"3","tx_status_ponto_revitalizado":"Eliminado","dt_atualizacao":"2021-12-08Z","tx_data_referencia":"1º quadrimestre 2021","dc_complemento_endereco":null}},{"type":"Feature","id":"ponto_revitalizado.1387","geometry":{"type":"Point","coordinates":[356695.3396,7388896.9977]},"geometry_name":"ge_ponto","properties":{"cd_identificador_ponto_revitalizado":1387,"nm_endereco":"Rua Severino Souto Maior, 172","sg_subprefeitura":"CT","nm_subprefeitura":"Cidade Tiradentes","cd_lote_servico":"1","tx_status_ponto_revitalizado":"Revitalizado","dt_atualizacao":"2021-12-08Z","tx_data_referencia":"1º quadrimestre 2021","dc_complemento_endereco":null}},{"type":"Feature","id":"ponto_revitalizado.1388","geometry":{"type":"Point","coordinates":[351477.0326,7393343.468]},"geometry_name":"ge_ponto","properties":{"cd_identificador_ponto_revitalizado":1388,"nm_endereco":"Rua Shinzaburo Mizutani, 988","sg_subprefeitura":"IQ","nm_subprefeitura":"Itaquera","cd_lote_servico":"1","tx_status_ponto_revitalizado":"Revitalizado","dt_atualizacao":"2021-12-08Z","tx_data_referencia":"1º quadrimestre 2021","dc_complemento_endereco":null}},{"type":"Feature","id":"ponto_revitalizado.1389","geometry":{"type":"Point","coordinates":[331367.1561,7383736.7378]},"geometry_name":"ge_ponto","properties":{"cd_identificador_ponto_revitalizado":1389,"nm_endereco":"Rua Silvio Morsoletto, 76","sg_subprefeitura":"JA","nm_subprefeitura":"Jabaquara","cd_lote_servico":"3","tx_status_ponto_revitalizado":"Revitalizado","dt_atualizacao":"2021-12-08Z","tx_data_referencia":"1º quadrimestre 2021","dc_complemento_endereco":null}},{"type":"Feature","id":"ponto_revitalizado.1390","geometry":{"type":"Point","coordinates":[337178.2009,7399530.6081]},"geometry_name":"ge_ponto","properties":{"cd_identificador_ponto_revitalizado":1390,"nm_endereco":"Rua Simão Borges, 175","sg_subprefeitura":"MG","nm_subprefeitura":"Vila Maria-Vila Guilherme","cd_lote_servico":"4","tx_status_ponto_revitalizado":"Revitalizado","dt_atualizacao":"2021-12-08Z","tx_data_referencia":"1º quadrimestre 2021","dc_complemento_endereco":null}},{"type":"Feature","id":"ponto_revitalizado.1391","geometry":{"type":"Point","coordinates":[318485.8416,7378892.1985]},"geometry_name":"ge_ponto","properties":{"cd_identificador_ponto_revitalizado":1391,"nm_endereco":"Rua Simão Caetano Nunes, 88","sg_subprefeitura":"MB","nm_subprefeitura":"M'Boi Mirim","cd_lote_servico":"6","tx_status_ponto_revitalizado":"Revitalizado","dt_atualizacao":"2021-12-08Z","tx_data_referencia":"1º quadrimestre 2021","dc_complemento_endereco":null}},{"type":"Feature","id":"ponto_revitalizado.1392","geometry":{"type":"Point","coordinates":[335575.5641,7385509.1652]},"geometry_name":"ge_ponto","properties":{"cd_identificador_ponto_revitalizado":1392,"nm_endereco":"Rua Simão Lopes & Rua Verdi","sg_subprefeitura":"IP","nm_subprefeitura":"Ipiranga","cd_lote_servico":"3","tx_status_ponto_revitalizado":"Revitalizado","dt_atualizacao":"2021-12-08Z","tx_data_referencia":"1º quadrimestre 2021","dc_complemento_endereco":null}},{"type":"Feature","id":"ponto_revitalizado.1393","geometry":{"type":"Point","coordinates":[348501.474,7390269.6674]},"geometry_name":"ge_ponto","properties":{"cd_identificador_ponto_revitalizado":1393,"nm_endereco":"Rua Siqueira de Mendonça","sg_subprefeitura":"SM","nm_subprefeitura":"São Mateus","cd_lote_servico":"1","tx_status_ponto_revitalizado":"Revitalizado","dt_atualizacao":"2021-12-08Z","tx_data_referencia":"1º quadrimestre 2021","dc_complemento_endereco":null}},{"type":"Feature","id":"ponto_revitalizado.1394","geometry":{"type":"Point","coordinates":[358875.1606,7399571.6412]},"geometry_name":"ge_ponto","properties":{"cd_identificador_ponto_revitalizado":1394,"nm_endereco":"Rua Soares de Bulhões, 335","sg_subprefeitura":"IT","nm_subprefeitura":"Itaim Paulista","cd_lote_servico":"1","tx_status_ponto_revitalizado":"Revitalizado, Reativado","dt_atualizacao":"2021-12-08Z","tx_data_referencia":"1º quadrimestre 2021","dc_complemento_endereco":null}},{"type":"Feature","id":"ponto_revitalizado.1395","geometry":{"type":"Point","coordinates":[327674.7422,7380976.6386]},"geometry_name":"ge_ponto","properties":{"cd_identificador_ponto_revitalizado":1395,"nm_endereco":"Rua Sobrália, 317","sg_subprefeitura":"SA","nm_subprefeitura":"Santo Amaro","cd_lote_servico":"6","tx_status_ponto_revitalizado":"Revitalizado","dt_atualizacao":"2021-12-08Z","tx_data_referencia":"1º quadrimestre 2021","dc_complemento_endereco":null}},{"type":"Feature","id":"ponto_revitalizado.1396","geometry":{"type":"Point","coordinates":[339834.4382,7400491.2563]},"geometry_name":"ge_ponto","properties":{"cd_identificador_ponto_revitalizado":1396,"nm_endereco":"Rua Soldado Almandio Goering & Rua Soldado Alcebíades Bobadilha da Cunha","sg_subprefeitura":"MG","nm_subprefeitura":"Vila Maria-Vila Guilherme","cd_lote_servico":"4","tx_status_ponto_revitalizado":"Revitalizado","dt_atualizacao":"2021-12-08Z","tx_data_referencia":"1º quadrimestre 2021","dc_complemento_endereco":null}},{"type":"Feature","id":"ponto_revitalizado.1397","geometry":{"type":"Point","coordinates":[340329.2384,7398584.138]},"geometry_name":"ge_ponto","properties":{"cd_identificador_ponto_revitalizado":1397,"nm_endereco":"Rua Soldado Cristovão Moraes Garcia","sg_subprefeitura":"MG","nm_subprefeitura":"Vila Maria-Vila Guilherme","cd_lote_servico":"4","tx_status_ponto_revitalizado":"Revitalizado","dt_atualizacao":"2021-12-08Z","tx_data_referencia":"1º quadrimestre 2021","dc_complemento_endereco":null}},{"type":"Feature","id":"ponto_revitalizado.1398","geometry":{"type":"Point","coordinates":[339532.7919,7399868.0998]},"geometry_name":"ge_ponto","properties":{"cd_identificador_ponto_revitalizado":1398,"nm_endereco":"Rua Soldado José Vivanco Solano","sg_subprefeitura":"MG","nm_subprefeitura":"Vila Maria-Vila Guilherme","cd_lote_servico":"4","tx_status_ponto_revitalizado":"Revitalizado","dt_atualizacao":"2021-12-08Z","tx_data_referencia":"1º quadrimestre 2021","dc_complemento_endereco":null}},{"type":"Feature","id":"ponto_revitalizado.1399","geometry":{"type":"Point","coordinates":[337406.2958,7387195.5168]},"geometry_name":"ge_ponto","properties":{"cd_identificador_ponto_revitalizado":1399,"nm_endereco":"Rua Solemar, 350","sg_subprefeitura":"IP","nm_subprefeitura":"Ipiranga","cd_lote_servico":"3","tx_status_ponto_revitalizado":"Revitalizado","dt_atualizacao":"2021-12-08Z","tx_data_referencia":"1º quadrimestre 2021","dc_complemento_endereco":null}},{"type":"Feature","id":"ponto_revitalizado.1400","geometry":{"type":"Point","coordinates":[339919.1977,7395911.6159]},"geometry_name":"ge_ponto","properties":{"cd_identificador_ponto_revitalizado":1400,"nm_endereco":"Rua Sousa de Menezes, 44","sg_subprefeitura":"MO","nm_subprefeitura":"Mooca","cd_lote_servico":"2","tx_status_ponto_revitalizado":"Eliminado","dt_atualizacao":"2021-12-08Z","tx_data_referencia":"1º quadrimestre 2021","dc_complemento_endereco":null}},{"type":"Feature","id":"ponto_revitalizado.1401","geometry":{"type":"Point","coordinates":[341458.2345,7399284.0261]},"geometry_name":"ge_ponto","properties":{"cd_identificador_ponto_revitalizado":1401,"nm_endereco":"Rua Sousa Melo & Avenida Condessa Elisabeth de Robiano","sg_subprefeitura":"PE","nm_subprefeitura":"Penha","cd_lote_servico":"4","tx_status_ponto_revitalizado":"Revitalizado","dt_atualizacao":"2021-12-08Z","tx_data_referencia":"1º quadrimestre 2021","dc_complemento_endereco":null}},{"type":"Feature","id":"ponto_revitalizado.1402","geometry":{"type":"Point","coordinates":[321512.0784,7382553.4476]},"geometry_name":"ge_ponto","properties":{"cd_identificador_ponto_revitalizado":1402,"nm_endereco":"Rua Stela Costa, 119","sg_subprefeitura":"MB","nm_subprefeitura":"M'Boi Mirim","cd_lote_servico":"6","tx_status_ponto_revitalizado":"Revitalizado","dt_atualizacao":"2021-12-08Z","tx_data_referencia":"1º quadrimestre 2021","dc_complemento_endereco":null}},{"type":"Feature","id":"ponto_revitalizado.1403","geometry":{"type":"Point","coordinates":[326260.7094,7372627.2006]},"geometry_name":"ge_ponto","properties":{"cd_identificador_ponto_revitalizado":1403,"nm_endereco":"Rua Stravinsky, 105","sg_subprefeitura":"CS","nm_subprefeitura":"Capela Do Socorro","cd_lote_servico":"6","tx_status_ponto_revitalizado":"Revitalizado","dt_atualizacao":"2021-12-08Z","tx_data_referencia":"1º quadrimestre 2021","dc_complemento_endereco":null}},{"type":"Feature","id":"ponto_revitalizado.1404","geometry":{"type":"Point","coordinates":[350212.7926,7397676.1633]},"geometry_name":"ge_ponto","properties":{"cd_identificador_ponto_revitalizado":1404,"nm_endereco":"Rua Subragi, 10","sg_subprefeitura":"IQ","nm_subprefeitura":"Itaquera","cd_lote_servico":"1","tx_status_ponto_revitalizado":"Revitalizado","dt_atualizacao":"2021-12-08Z","tx_data_referencia":"1º quadrimestre 2021","dc_complemento_endereco":null}},{"type":"Feature","id":"ponto_revitalizado.1405","geometry":{"type":"Point","coordinates":[347730.9197,7395049.5129]},"geometry_name":"ge_ponto","properties":{"cd_identificador_ponto_revitalizado":1405,"nm_endereco":"Rua Susana Dacre & Rua Doutor França Alencar","sg_subprefeitura":"PE","nm_subprefeitura":"Penha","cd_lote_servico":"4","tx_status_ponto_revitalizado":"Revitalizado","dt_atualizacao":"2021-12-08Z","tx_data_referencia":"1º quadrimestre 2021","dc_complemento_endereco":null}},{"type":"Feature","id":"ponto_revitalizado.1406","geometry":{"type":"Point","coordinates":[328079.8095,7379071.4178]},"geometry_name":"ge_ponto","properties":{"cd_identificador_ponto_revitalizado":1406,"nm_endereco":"Rua Tabaré","sg_subprefeitura":"SA","nm_subprefeitura":"Santo Amaro","cd_lote_servico":"6","tx_status_ponto_revitalizado":"Revitalizado","dt_atualizacao":"2021-12-08Z","tx_data_referencia":"1º quadrimestre 2021","dc_complemento_endereco":null}},{"type":"Feature","id":"ponto_revitalizado.1407","geometry":{"type":"Point","coordinates":[327212.367,7403984.877]},"geometry_name":"ge_ponto","properties":{"cd_identificador_ponto_revitalizado":1407,"nm_endereco":"Rua Tabatinga & Rua Camaratiba","sg_subprefeitura":"FB","nm_subprefeitura":"Freguesia Do Ó","cd_lote_servico":"4","tx_status_ponto_revitalizado":"Eliminado","dt_atualizacao":"2021-12-08Z","tx_data_referencia":"1º quadrimestre 2021","dc_complemento_endereco":null}},{"type":"Feature","id":"ponto_revitalizado.1408","geometry":{"type":"Point","coordinates":[338037.7837,7390947.8053]},"geometry_name":"ge_ponto","properties":{"cd_identificador_ponto_revitalizado":1408,"nm_endereco":"Rua Taiacupeba, 224","sg_subprefeitura":"VP","nm_subprefeitura":"Vila Prudente","cd_lote_servico":"3","tx_status_ponto_revitalizado":"Revitalizado","dt_atualizacao":"2021-12-08Z","tx_data_referencia":"1º quadrimestre 2021","dc_complemento_endereco":null}},{"type":"Feature","id":"ponto_revitalizado.1409","geometry":{"type":"Point","coordinates":[340402.4183,7389062.6234]},"geometry_name":"ge_ponto","properties":{"cd_identificador_ponto_revitalizado":1409,"nm_endereco":"Rua Taicurê, 99","sg_subprefeitura":"VP","nm_subprefeitura":"Vila Prudente","cd_lote_servico":"3","tx_status_ponto_revitalizado":"Eliminado","dt_atualizacao":"2021-12-08Z","tx_data_referencia":"1º quadrimestre 2021","dc_complemento_endereco":null}},{"type":"Feature","id":"ponto_revitalizado.1410","geometry":{"type":"Point","coordinates":[321692.1232,7378944.0683]},"geometry_name":"ge_ponto","properties":{"cd_identificador_ponto_revitalizado":1410,"nm_endereco":"Rua Talamanca, 260","sg_subprefeitura":"MB","nm_subprefeitura":"M'Boi Mirim","cd_lote_servico":"6","tx_status_ponto_revitalizado":"Revitalizado","dt_atualizacao":"2021-12-08Z","tx_data_referencia":"1º quadrimestre 2021","dc_complemento_endereco":null}},{"type":"Feature","id":"ponto_revitalizado.1411","geometry":{"type":"Point","coordinates":[332725.0753,7397291.6843]},"geometry_name":"ge_ponto","properties":{"cd_identificador_ponto_revitalizado":1411,"nm_endereco":"Rua Talmud Thorá & Rua Júlio Conceição","sg_subprefeitura":"SE","nm_subprefeitura":"Sé","cd_lote_servico":"2","tx_status_ponto_revitalizado":"Eliminado","dt_atualizacao":"2021-12-08Z","tx_data_referencia":"1º quadrimestre 2021","dc_complemento_endereco":null}},{"type":"Feature","id":"ponto_revitalizado.1412","geometry":{"type":"Point","coordinates":[343981.5125,7395099.395]},"geometry_name":"ge_ponto","properties":{"cd_identificador_ponto_revitalizado":1412,"nm_endereco":"Rua Tamaindé, 1500","sg_subprefeitura":"AF","nm_subprefeitura":"Aricanduva","cd_lote_servico":"3","tx_status_ponto_revitalizado":"Revitalizado","dt_atualizacao":"2021-12-08Z","tx_data_referencia":"1º quadrimestre 2021","dc_complemento_endereco":null}},{"type":"Feature","id":"ponto_revitalizado.1413","geometry":{"type":"Point","coordinates":[337482.1427,7386707.9481]},"geometry_name":"ge_ponto","properties":{"cd_identificador_ponto_revitalizado":1413,"nm_endereco":"Rua Tamuatá & Rua Boiçununga","sg_subprefeitura":"IP","nm_subprefeitura":"Ipiranga","cd_lote_servico":"3","tx_status_ponto_revitalizado":"Revitalizado","dt_atualizacao":"2021-12-08Z","tx_data_referencia":"1º quadrimestre 2021","dc_complemento_endereco":null}},{"type":"Feature","id":"ponto_revitalizado.1414","geometry":{"type":"Point","coordinates":[350091.4808,7398035.3931]},"geometry_name":"ge_ponto","properties":{"cd_identificador_ponto_revitalizado":1414,"nm_endereco":"Rua Tantas Palavras, 93","sg_subprefeitura":"IQ","nm_subprefeitura":"Itaquera","cd_lote_servico":"1","tx_status_ponto_revitalizado":"Eliminado","dt_atualizacao":"2021-12-08Z","tx_data_referencia":"1º quadrimestre 2021","dc_complemento_endereco":null}},{"type":"Feature","id":"ponto_revitalizado.1415","geometry":{"type":"Point","coordinates":[344864.2135,7397080.397]},"geometry_name":"ge_ponto","properties":{"cd_identificador_ponto_revitalizado":1415,"nm_endereco":"Rua Tapari & Rua Nova Esperança","sg_subprefeitura":"PE","nm_subprefeitura":"Penha","cd_lote_servico":"4","tx_status_ponto_revitalizado":"Revitalizado","dt_atualizacao":"2021-12-08Z","tx_data_referencia":"1º quadrimestre 2021","dc_complemento_endereco":null}},{"type":"Feature","id":"ponto_revitalizado.1416","geometry":{"type":"Point","coordinates":[329855.8074,7405187.8284]},"geometry_name":"ge_ponto","properties":{"cd_identificador_ponto_revitalizado":1416,"nm_endereco":"Rua Taquaraçu de Minas, 154","sg_subprefeitura":"CV","nm_subprefeitura":"Casa Verde","cd_lote_servico":"4","tx_status_ponto_revitalizado":"Revitalizado","dt_atualizacao":"2021-12-08Z","tx_data_referencia":"1º quadrimestre 2021","dc_complemento_endereco":null}},{"type":"Feature","id":"ponto_revitalizado.1417","geometry":{"type":"Point","coordinates":[321259.5461,7383020.3083]},"geometry_name":"ge_ponto","properties":{"cd_identificador_ponto_revitalizado":1417,"nm_endereco":"Rua Tarcília Monteiro, 05","sg_subprefeitura":"MB","nm_subprefeitura":"M'Boi Mirim","cd_lote_servico":"6","tx_status_ponto_revitalizado":"Revitalizado","dt_atualizacao":"2021-12-08Z","tx_data_referencia":"1º quadrimestre 2021","dc_complemento_endereco":null}},{"type":"Feature","id":"ponto_revitalizado.1418","geometry":{"type":"Point","coordinates":[322290.1212,7410029.2159]},"geometry_name":"ge_ponto","properties":{"cd_identificador_ponto_revitalizado":1418,"nm_endereco":"Rua Tarcon, 176","sg_subprefeitura":"PR","nm_subprefeitura":"Perus-Anhanguera","cd_lote_servico":"5","tx_status_ponto_revitalizado":"Revitalizado","dt_atualizacao":"2021-12-08Z","tx_data_referencia":"1º quadrimestre 2021","dc_complemento_endereco":null}},{"type":"Feature","id":"ponto_revitalizado.1419","geometry":{"type":"Point","coordinates":[343275.6922,7393536.1839]},"geometry_name":"ge_ponto","properties":{"cd_identificador_ponto_revitalizado":1419,"nm_endereco":"Rua Taubaté, 1250","sg_subprefeitura":"AF","nm_subprefeitura":"Aricanduva","cd_lote_servico":"3","tx_status_ponto_revitalizado":"Revitalizado","dt_atualizacao":"2021-12-08Z","tx_data_referencia":"1º quadrimestre 2021","dc_complemento_endereco":null}},{"type":"Feature","id":"ponto_revitalizado.1420","geometry":{"type":"Point","coordinates":[343261.4663,7393434.6974]},"geometry_name":"ge_ponto","properties":{"cd_identificador_ponto_revitalizado":1420,"nm_endereco":"Rua Taubaté, 1500","sg_subprefeitura":"AF","nm_subprefeitura":"Aricanduva","cd_lote_servico":"3","tx_status_ponto_revitalizado":"Revitalizado","dt_atualizacao":"2021-12-08Z","tx_data_referencia":"1º quadrimestre 2021","dc_complemento_endereco":null}},{"type":"Feature","id":"ponto_revitalizado.1421","geometry":{"type":"Point","coordinates":[352034.3356,7399818.7145]},"geometry_name":"ge_ponto","properties":{"cd_identificador_ponto_revitalizado":1421,"nm_endereco":"Rua Tejuguacu, 16 A","sg_subprefeitura":"MP","nm_subprefeitura":"São Miguel Paulista","cd_lote_servico":"1","tx_status_ponto_revitalizado":"Revitalizado","dt_atualizacao":"2021-12-08Z","tx_data_referencia":"1º quadrimestre 2021","dc_complemento_endereco":null}},{"type":"Feature","id":"ponto_revitalizado.1422","geometry":{"type":"Point","coordinates":[330544.1724,7383878.9211]},"geometry_name":"ge_ponto","properties":{"cd_identificador_ponto_revitalizado":1422,"nm_endereco":"Rua Tenente Américo Moretti & Travessa Anidrita","sg_subprefeitura":"JA","nm_subprefeitura":"Jabaquara","cd_lote_servico":"3","tx_status_ponto_revitalizado":"Revitalizado","dt_atualizacao":"2021-12-08Z","tx_data_referencia":"1º quadrimestre 2021","dc_complemento_endereco":null}},{"type":"Feature","id":"ponto_revitalizado.1423","geometry":{"type":"Point","coordinates":[325789.7133,7383606.8534]},"geometry_name":"ge_ponto","properties":{"cd_identificador_ponto_revitalizado":1423,"nm_endereco":"Rua Tenente Coronel Carlos da Silva Araújo, 185","sg_subprefeitura":"SA","nm_subprefeitura":"Santo Amaro","cd_lote_servico":"6","tx_status_ponto_revitalizado":"Revitalizado","dt_atualizacao":"2021-12-08Z","tx_data_referencia":"1º quadrimestre 2021","dc_complemento_endereco":null}},{"type":"Feature","id":"ponto_revitalizado.1424","geometry":{"type":"Point","coordinates":[322232.6054,7383713.3969]},"geometry_name":"ge_ponto","properties":{"cd_identificador_ponto_revitalizado":1424,"nm_endereco":"Rua Tenente Isaías Branco de Araújo, 27","sg_subprefeitura":"MB","nm_subprefeitura":"M'Boi Mirim","cd_lote_servico":"6","tx_status_ponto_revitalizado":"Revitalizado","dt_atualizacao":"2021-12-08Z","tx_data_referencia":"1º quadrimestre 2021","dc_complemento_endereco":null}},{"type":"Feature","id":"ponto_revitalizado.1425","geometry":{"type":"Point","coordinates":[338945.1144,7402975.5807]},"geometry_name":"ge_ponto","properties":{"cd_identificador_ponto_revitalizado":1425,"nm_endereco":"Rua Tenente Sotomano & Avenida Sanatório","sg_subprefeitura":"MG","nm_subprefeitura":"Vila Maria-Vila Guilherme","cd_lote_servico":"4","tx_status_ponto_revitalizado":"Revitalizado","dt_atualizacao":"2021-12-08Z","tx_data_referencia":"1º quadrimestre 2021","dc_complemento_endereco":null}},{"type":"Feature","id":"ponto_revitalizado.1426","geometry":{"type":"Point","coordinates":[332665.1705,7403027.1926]},"geometry_name":"ge_ponto","properties":{"cd_identificador_ponto_revitalizado":1426,"nm_endereco":"Rua Teodoro Alba, 01","sg_subprefeitura":"ST","nm_subprefeitura":"Santana-Tucuruvi","cd_lote_servico":"4","tx_status_ponto_revitalizado":"Revitalizado","dt_atualizacao":"2021-12-08Z","tx_data_referencia":"1º quadrimestre 2021","dc_complemento_endereco":null}},{"type":"Feature","id":"ponto_revitalizado.1427","geometry":{"type":"Point","coordinates":[356127.6716,7397837.3202]},"geometry_name":"ge_ponto","properties":{"cd_identificador_ponto_revitalizado":1427,"nm_endereco":"Avenida Teodoro Bernardo do Nascimento & Rua Tabaúna","sg_subprefeitura":"IT","nm_subprefeitura":"Itaim Paulista","cd_lote_servico":"1","tx_status_ponto_revitalizado":"Revitalizado","dt_atualizacao":"2021-12-08Z","tx_data_referencia":"1º quadrimestre 2021","dc_complemento_endereco":null}},{"type":"Feature","id":"ponto_revitalizado.1428","geometry":{"type":"Point","coordinates":[345717.2766,7394899.6258]},"geometry_name":"ge_ponto","properties":{"cd_identificador_ponto_revitalizado":1428,"nm_endereco":"Rua Teodoro Lorencini, 218","sg_subprefeitura":"PE","nm_subprefeitura":"Penha","cd_lote_servico":"4","tx_status_ponto_revitalizado":"Revitalizado","dt_atualizacao":"2021-12-08Z","tx_data_referencia":"1º quadrimestre 2021","dc_complemento_endereco":null}},{"type":"Feature","id":"ponto_revitalizado.1429","geometry":{"type":"Point","coordinates":[325858.6337,7401095.0047]},"geometry_name":"ge_ponto","properties":{"cd_identificador_ponto_revitalizado":1429,"nm_endereco":"Rua Teresa Victória & Rua João Cordeiro","sg_subprefeitura":"FB","nm_subprefeitura":"Freguesia Do Ó","cd_lote_servico":"4","tx_status_ponto_revitalizado":"Revitalizado","dt_atualizacao":"2021-12-08Z","tx_data_referencia":"1º quadrimestre 2021","dc_complemento_endereco":null}},{"type":"Feature","id":"ponto_revitalizado.1430","geometry":{"type":"Point","coordinates":[350186.548,7397716.2057]},"geometry_name":"ge_ponto","properties":{"cd_identificador_ponto_revitalizado":1430,"nm_endereco":"Rua Terra Brasileira & Rua Lua do Alforje","sg_subprefeitura":"IQ","nm_subprefeitura":"Itaquera","cd_lote_servico":"1","tx_status_ponto_revitalizado":"Revitalizado","dt_atualizacao":"2021-12-08Z","tx_data_referencia":"1º quadrimestre 2021","dc_complemento_endereco":null}},{"type":"Feature","id":"ponto_revitalizado.1431","geometry":{"type":"Point","coordinates":[332367.3198,7391794.569]},"geometry_name":"ge_ponto","properties":{"cd_identificador_ponto_revitalizado":1431,"nm_endereco":"Rua Tomás Carvalhal, 113 (Bifurcação de Pista)","sg_subprefeitura":"VM","nm_subprefeitura":"Vila Mariana","cd_lote_servico":"3","tx_status_ponto_revitalizado":"Revitalizado","dt_atualizacao":"2021-12-08Z","tx_data_referencia":"1º quadrimestre 2021","dc_complemento_endereco":null}},{"type":"Feature","id":"ponto_revitalizado.1432","geometry":{"type":"Point","coordinates":[322280.6425,7410221.8183]},"geometry_name":"ge_ponto","properties":{"cd_identificador_ponto_revitalizado":1432,"nm_endereco":"Rua Tiburno, 991","sg_subprefeitura":"PR","nm_subprefeitura":"Perus-Anhanguera","cd_lote_servico":"5","tx_status_ponto_revitalizado":"Revitalizado","dt_atualizacao":"2021-12-08Z","tx_data_referencia":"1º quadrimestre 2021","dc_complemento_endereco":null}},{"type":"Feature","id":"ponto_revitalizado.1433","geometry":{"type":"Point","coordinates":[357884.425,7390648.5863]},"geometry_name":"ge_ponto","properties":{"cd_identificador_ponto_revitalizado":1433,"nm_endereco":"Rua Tomás Cerqueira, 70","sg_subprefeitura":"CT","nm_subprefeitura":"Cidade Tiradentes","cd_lote_servico":"1","tx_status_ponto_revitalizado":"Revitalizado","dt_atualizacao":"2021-12-08Z","tx_data_referencia":"1º quadrimestre 2021","dc_complemento_endereco":null}},{"type":"Feature","id":"ponto_revitalizado.1434","geometry":{"type":"Point","coordinates":[326024.5624,7375323.7987]},"geometry_name":"ge_ponto","properties":{"cd_identificador_ponto_revitalizado":1434,"nm_endereco":"Rua Tomás Justino Rodrigues, 24","sg_subprefeitura":"CS","nm_subprefeitura":"Capela Do Socorro","cd_lote_servico":"6","tx_status_ponto_revitalizado":"Revitalizado","dt_atualizacao":"2021-12-08Z","tx_data_referencia":"1º quadrimestre 2021","dc_complemento_endereco":null}},{"type":"Feature","id":"ponto_revitalizado.1435","geometry":{"type":"Point","coordinates":[317455.1952,7378495.2731]},"geometry_name":"ge_ponto","properties":{"cd_identificador_ponto_revitalizado":1435,"nm_endereco":"Rua Tomas Pompeu, 16","sg_subprefeitura":"MB","nm_subprefeitura":"M'Boi Mirim","cd_lote_servico":"6","tx_status_ponto_revitalizado":"Revitalizado","dt_atualizacao":"2021-12-08Z","tx_data_referencia":"1º quadrimestre 2021","dc_complemento_endereco":null}},{"type":"Feature","id":"ponto_revitalizado.1436","geometry":{"type":"Point","coordinates":[325680.2275,7395886.1189]},"geometry_name":"ge_ponto","properties":{"cd_identificador_ponto_revitalizado":1436,"nm_endereco":"Rua Tonelero, 1324","sg_subprefeitura":"LA","nm_subprefeitura":"Lapa","cd_lote_servico":"5","tx_status_ponto_revitalizado":"Revitalizado","dt_atualizacao":"2021-12-08Z","tx_data_referencia":"1º quadrimestre 2021","dc_complemento_endereco":null}},{"type":"Feature","id":"ponto_revitalizado.1437","geometry":{"type":"Point","coordinates":[357433.3286,7393367.3096]},"geometry_name":"ge_ponto","properties":{"cd_identificador_ponto_revitalizado":1437,"nm_endereco":"Rua Trinta e Quatro (Rua Dona Faustina Leonardo Januário)","sg_subprefeitura":"G","nm_subprefeitura":"Guaianases","cd_lote_servico":"1","tx_status_ponto_revitalizado":"Revitalizado","dt_atualizacao":"2021-12-08Z","tx_data_referencia":"1º quadrimestre 2021","dc_complemento_endereco":null}},{"type":"Feature","id":"ponto_revitalizado.1438","geometry":{"type":"Point","coordinates":[326017.1166,7397088.9538]},"geometry_name":"ge_ponto","properties":{"cd_identificador_ponto_revitalizado":1438,"nm_endereco":"Rua Ulpiano, 150","sg_subprefeitura":"LA","nm_subprefeitura":"Lapa","cd_lote_servico":"5","tx_status_ponto_revitalizado":"Revitalizado","dt_atualizacao":"2021-12-08Z","tx_data_referencia":"1º quadrimestre 2021","dc_complemento_endereco":null}},{"type":"Feature","id":"ponto_revitalizado.1439","geometry":{"type":"Point","coordinates":[347323.6744,7389778.9797]},"geometry_name":"ge_ponto","properties":{"cd_identificador_ponto_revitalizado":1439,"nm_endereco":"Rua Urucânia & Avenida do Tanque (escada)","sg_subprefeitura":"SM","nm_subprefeitura":"São Mateus","cd_lote_servico":"1","tx_status_ponto_revitalizado":"Revitalizado","dt_atualizacao":"2021-12-08Z","tx_data_referencia":"1º quadrimestre 2021","dc_complemento_endereco":null}},{"type":"Feature","id":"ponto_revitalizado.1440","geometry":{"type":"Point","coordinates":[347179.8998,7389863.8577]},"geometry_name":"ge_ponto","properties":{"cd_identificador_ponto_revitalizado":1440,"nm_endereco":"Rua Urucânia, 76","sg_subprefeitura":"SM","nm_subprefeitura":"São Mateus","cd_lote_servico":"1","tx_status_ponto_revitalizado":"Revitalizado","dt_atualizacao":"2021-12-08Z","tx_data_referencia":"1º quadrimestre 2021","dc_complemento_endereco":null}},{"type":"Feature","id":"ponto_revitalizado.1441","geometry":{"type":"Point","coordinates":[335333.9905,7395319.189]},"geometry_name":"ge_ponto","properties":{"cd_identificador_ponto_revitalizado":1441,"nm_endereco":"Rua Uruguaiana & Rua Gomes Cardim","sg_subprefeitura":"MO","nm_subprefeitura":"Mooca","cd_lote_servico":"2","tx_status_ponto_revitalizado":"Revitalizado","dt_atualizacao":"2021-12-08Z","tx_data_referencia":"1º quadrimestre 2021","dc_complemento_endereco":null}},{"type":"Feature","id":"ponto_revitalizado.1442","geometry":{"type":"Point","coordinates":[334194.1778,7399116.8498]},"geometry_name":"ge_ponto","properties":{"cd_identificador_ponto_revitalizado":1442,"nm_endereco":"Rua Urupiara, 464","sg_subprefeitura":"ST","nm_subprefeitura":"Santana-Tucuruvi","cd_lote_servico":"4","tx_status_ponto_revitalizado":"Revitalizado","dt_atualizacao":"2021-12-08Z","tx_data_referencia":"1º quadrimestre 2021","dc_complemento_endereco":null}},{"type":"Feature","id":"ponto_revitalizado.1443","geometry":{"type":"Point","coordinates":[350443.3067,7401727.8432]},"geometry_name":"ge_ponto","properties":{"cd_identificador_ponto_revitalizado":1443,"nm_endereco":"Rua Urutu & Rua Cacimba","sg_subprefeitura":"MP","nm_subprefeitura":"São Miguel Paulista","cd_lote_servico":"1","tx_status_ponto_revitalizado":"Eliminado","dt_atualizacao":"2021-12-08Z","tx_data_referencia":"1º quadrimestre 2021","dc_complemento_endereco":null}},{"type":"Feature","id":"ponto_revitalizado.1444","geometry":{"type":"Point","coordinates":[343567.1932,7393647.5049]},"geometry_name":"ge_ponto","properties":{"cd_identificador_ponto_revitalizado":1444,"nm_endereco":"Rua Vacanga & Rua João Cordeiro","sg_subprefeitura":"AF","nm_subprefeitura":"Aricanduva","cd_lote_servico":"3","tx_status_ponto_revitalizado":"Revitalizado","dt_atualizacao":"2021-12-08Z","tx_data_referencia":"1º quadrimestre 2021","dc_complemento_endereco":null}},{"type":"Feature","id":"ponto_revitalizado.1445","geometry":{"type":"Point","coordinates":[355330.2127,7393008.5611]},"geometry_name":"ge_ponto","properties":{"cd_identificador_ponto_revitalizado":1445,"nm_endereco":"Rua Vamos à Luta, 07","sg_subprefeitura":"CT","nm_subprefeitura":"Cidade Tiradentes","cd_lote_servico":"1","tx_status_ponto_revitalizado":"Revitalizado","dt_atualizacao":"2021-12-08Z","tx_data_referencia":"1º quadrimestre 2021","dc_complemento_endereco":null}},{"type":"Feature","id":"ponto_revitalizado.1446","geometry":{"type":"Point","coordinates":[333346.3011,7380643.9988]},"geometry_name":"ge_ponto","properties":{"cd_identificador_ponto_revitalizado":1446,"nm_endereco":"Rua Ventura Garcia Calderon, 120","sg_subprefeitura":"AD","nm_subprefeitura":"Cidade Ademar","cd_lote_servico":"3","tx_status_ponto_revitalizado":"Revitalizado","dt_atualizacao":"2021-12-08Z","tx_data_referencia":"1º quadrimestre 2021","dc_complemento_endereco":null}},{"type":"Feature","id":"ponto_revitalizado.1447","geometry":{"type":"Point","coordinates":[341440.8984,7397355.9395]},"geometry_name":"ge_ponto","properties":{"cd_identificador_ponto_revitalizado":1447,"nm_endereco":"Rua Vereador Cid Galvão da Silva & Rua Ataléia","sg_subprefeitura":"PE","nm_subprefeitura":"Penha","cd_lote_servico":"4","tx_status_ponto_revitalizado":"Revitalizado","dt_atualizacao":"2021-12-08Z","tx_data_referencia":"1º quadrimestre 2021","dc_complemento_endereco":null}},{"type":"Feature","id":"ponto_revitalizado.1448","geometry":{"type":"Point","coordinates":[334444.6361,7385413.4094]},"geometry_name":"ge_ponto","properties":{"cd_identificador_ponto_revitalizado":1448,"nm_endereco":"Rua Vicente Fernandes Pinto, 435","sg_subprefeitura":"IP","nm_subprefeitura":"Ipiranga","cd_lote_servico":"3","tx_status_ponto_revitalizado":"Revitalizado","dt_atualizacao":"2021-12-08Z","tx_data_referencia":"1º quadrimestre 2021","dc_complemento_endereco":null}},{"type":"Feature","id":"ponto_revitalizado.1449","geometry":{"type":"Point","coordinates":[328567.6255,7402010.8333]},"geometry_name":"ge_ponto","properties":{"cd_identificador_ponto_revitalizado":1449,"nm_endereco":"Rua Vicente Jorge & Avenida Inajar de Souza","sg_subprefeitura":"FB","nm_subprefeitura":"Freguesia Do Ó","cd_lote_servico":"4","tx_status_ponto_revitalizado":"Revitalizado","dt_atualizacao":"2021-12-08Z","tx_data_referencia":"1º quadrimestre 2021","dc_complemento_endereco":null}},{"type":"Feature","id":"ponto_revitalizado.1450","geometry":{"type":"Point","coordinates":[330460.7257,7399435.6519]},"geometry_name":"ge_ponto","properties":{"cd_identificador_ponto_revitalizado":1450,"nm_endereco":"Rua Vichy, 254","sg_subprefeitura":"CV","nm_subprefeitura":"Casa Verde","cd_lote_servico":"4","tx_status_ponto_revitalizado":"Revitalizado","dt_atualizacao":"2021-12-08Z","tx_data_referencia":"1º quadrimestre 2021","dc_complemento_endereco":null}},{"type":"Feature","id":"ponto_revitalizado.1451","geometry":{"type":"Point","coordinates":[343347.2258,7387980.3949]},"geometry_name":"ge_ponto","properties":{"cd_identificador_ponto_revitalizado":1451,"nm_endereco":"Rua Vitor Hess & Rua Fernando Leger","sg_subprefeitura":"VP","nm_subprefeitura":"Vila Prudente","cd_lote_servico":"3","tx_status_ponto_revitalizado":"Revitalizado","dt_atualizacao":"2021-12-08Z","tx_data_referencia":"1º quadrimestre 2021","dc_complemento_endereco":null}},{"type":"Feature","id":"ponto_revitalizado.1452","geometry":{"type":"Point","coordinates":[351940.491,7393575.745]},"geometry_name":"ge_ponto","properties":{"cd_identificador_ponto_revitalizado":1452,"nm_endereco":"Rua Victório Santim, 3090","sg_subprefeitura":"IQ","nm_subprefeitura":"Itaquera","cd_lote_servico":"1","tx_status_ponto_revitalizado":"Revitalizado","dt_atualizacao":"2021-12-08Z","tx_data_referencia":"1º quadrimestre 2021","dc_complemento_endereco":null}},{"type":"Feature","id":"ponto_revitalizado.1453","geometry":{"type":"Point","coordinates":[336313.422,7389008.4854]},"geometry_name":"ge_ponto","properties":{"cd_identificador_ponto_revitalizado":1453,"nm_endereco":"Rua Júlia Cortines, 40 (viela)","sg_subprefeitura":"IP","nm_subprefeitura":"Ipiranga","cd_lote_servico":"3","tx_status_ponto_revitalizado":"Revitalizado","dt_atualizacao":"2021-12-08Z","tx_data_referencia":"1º quadrimestre 2021","dc_complemento_endereco":null}},{"type":"Feature","id":"ponto_revitalizado.1454","geometry":{"type":"Point","coordinates":[348745.6337,7390444.9606]},"geometry_name":"ge_ponto","properties":{"cd_identificador_ponto_revitalizado":1454,"nm_endereco":"Rua Vila Boa de Goiás, 207","sg_subprefeitura":"SM","nm_subprefeitura":"São Mateus","cd_lote_servico":"1","tx_status_ponto_revitalizado":"Revitalizado","dt_atualizacao":"2021-12-08Z","tx_data_referencia":"1º quadrimestre 2021","dc_complemento_endereco":null}},{"type":"Feature","id":"ponto_revitalizado.1455","geometry":{"type":"Point","coordinates":[338468.6046,7389778.952]},"geometry_name":"ge_ponto","properties":{"cd_identificador_ponto_revitalizado":1455,"nm_endereco":"Rua Vila Prudente & Avenida Doutor Francisco Mesquita","sg_subprefeitura":"VP","nm_subprefeitura":"Vila Prudente","cd_lote_servico":"3","tx_status_ponto_revitalizado":"Revitalizado","dt_atualizacao":"2021-12-08Z","tx_data_referencia":"1º quadrimestre 2021","dc_complemento_endereco":null}},{"type":"Feature","id":"ponto_revitalizado.1456","geometry":{"type":"Point","coordinates":[359221.8691,7400093.122]},"geometry_name":"ge_ponto","properties":{"cd_identificador_ponto_revitalizado":1456,"nm_endereco":"Rua Vinte & Rua Águia do Universo","sg_subprefeitura":"IT","nm_subprefeitura":"Itaim Paulista","cd_lote_servico":"1","tx_status_ponto_revitalizado":"Revitalizado, Reativado","dt_atualizacao":"2021-12-08Z","tx_data_referencia":"1º quadrimestre 2021","dc_complemento_endereco":null}},{"type":"Feature","id":"ponto_revitalizado.1457","geometry":{"type":"Point","coordinates":[322402.5816,7367296.6498]},"geometry_name":"ge_ponto","properties":{"cd_identificador_ponto_revitalizado":1457,"nm_endereco":"Rua Virginia Modesto, 1337","sg_subprefeitura":"PA","nm_subprefeitura":"Parelheiros","cd_lote_servico":"6","tx_status_ponto_revitalizado":"Revitalizado","dt_atualizacao":"2021-12-08Z","tx_data_referencia":"1º quadrimestre 2021","dc_complemento_endereco":null}},{"type":"Feature","id":"ponto_revitalizado.1458","geometry":{"type":"Point","coordinates":[325985.0002,7373266.521]},"geometry_name":"ge_ponto","properties":{"cd_identificador_ponto_revitalizado":1458,"nm_endereco":"Rua Viriato Leão de Moura & Rua Elvira Garrelli Wafae","sg_subprefeitura":"CS","nm_subprefeitura":"Capela Do Socorro","cd_lote_servico":"6","tx_status_ponto_revitalizado":"Revitalizado","dt_atualizacao":"2021-12-08Z","tx_data_referencia":"1º quadrimestre 2021","dc_complemento_endereco":null}},{"type":"Feature","id":"ponto_revitalizado.1459","geometry":{"type":"Point","coordinates":[335755.9117,7395011.1013]},"geometry_name":"ge_ponto","properties":{"cd_identificador_ponto_revitalizado":1459,"nm_endereco":"Rua Visconde de Parnaíba","sg_subprefeitura":"MO","nm_subprefeitura":"Mooca","cd_lote_servico":"2","tx_status_ponto_revitalizado":"Revitalizado","dt_atualizacao":"2021-12-08Z","tx_data_referencia":"1º quadrimestre 2021","dc_complemento_endereco":null}},{"type":"Feature","id":"ponto_revitalizado.1460","geometry":{"type":"Point","coordinates":[330853.6009,7382089.7172]},"geometry_name":"ge_ponto","properties":{"cd_identificador_ponto_revitalizado":1460,"nm_endereco":"Rua Visconde de Santa Isabel, 84","sg_subprefeitura":"AD","nm_subprefeitura":"Cidade Ademar","cd_lote_servico":"3","tx_status_ponto_revitalizado":"Revitalizado","dt_atualizacao":"2021-12-08Z","tx_data_referencia":"1º quadrimestre 2021","dc_complemento_endereco":null}},{"type":"Feature","id":"ponto_revitalizado.1461","geometry":{"type":"Point","coordinates":[345623.2419,7389371.5331]},"geometry_name":"ge_ponto","properties":{"cd_identificador_ponto_revitalizado":1461,"nm_endereco":"Rua Visconde de Sousa Franco, 27","sg_subprefeitura":"SB","nm_subprefeitura":"Sapopemba","cd_lote_servico":"1","tx_status_ponto_revitalizado":"Revitalizado","dt_atualizacao":"2021-12-08Z","tx_data_referencia":"1º quadrimestre 2021","dc_complemento_endereco":null}},{"type":"Feature","id":"ponto_revitalizado.1462","geometry":{"type":"Point","coordinates":[323002.4372,7383840.1779]},"geometry_name":"ge_ponto","properties":{"cd_identificador_ponto_revitalizado":1462,"nm_endereco":"Rua Vitalina Grassman, 290","sg_subprefeitura":"MB","nm_subprefeitura":"M'Boi Mirim","cd_lote_servico":"6","tx_status_ponto_revitalizado":"Revitalizado","dt_atualizacao":"2021-12-08Z","tx_data_referencia":"1º quadrimestre 2021","dc_complemento_endereco":null}},{"type":"Feature","id":"ponto_revitalizado.1463","geometry":{"type":"Point","coordinates":[343381.9668,7387976.3379]},"geometry_name":"ge_ponto","properties":{"cd_identificador_ponto_revitalizado":1463,"nm_endereco":"Rua Vitor Hess","sg_subprefeitura":"VP","nm_subprefeitura":"Vila Prudente","cd_lote_servico":"3","tx_status_ponto_revitalizado":"Revitalizado","dt_atualizacao":"2021-12-08Z","tx_data_referencia":"1º quadrimestre 2021","dc_complemento_endereco":null}},{"type":"Feature","id":"ponto_revitalizado.1464","geometry":{"type":"Point","coordinates":[331211.4241,7384215.3901]},"geometry_name":"ge_ponto","properties":{"cd_identificador_ponto_revitalizado":1464,"nm_endereco":"Rua Vitoriana","sg_subprefeitura":"JA","nm_subprefeitura":"Jabaquara","cd_lote_servico":"3","tx_status_ponto_revitalizado":"Revitalizado","dt_atualizacao":"2021-12-08Z","tx_data_referencia":"1º quadrimestre 2021","dc_complemento_endereco":null}},{"type":"Feature","id":"ponto_revitalizado.1465","geometry":{"type":"Point","coordinates":[331466.3455,7396454.6924]},"geometry_name":"ge_ponto","properties":{"cd_identificador_ponto_revitalizado":1465,"nm_endereco":"Rua Vitorino Carmilo & Alameda Ribeiro da Silva","sg_subprefeitura":"SE","nm_subprefeitura":"Sé","cd_lote_servico":"2","tx_status_ponto_revitalizado":"Revitalizado","dt_atualizacao":"2021-12-08Z","tx_data_referencia":"1º quadrimestre 2021","dc_complemento_endereco":null}},{"type":"Feature","id":"ponto_revitalizado.1466","geometry":{"type":"Point","coordinates":[325984.3605,7383284.6588]},"geometry_name":"ge_ponto","properties":{"cd_identificador_ponto_revitalizado":1466,"nm_endereco":"Rua Voluntário Delmiro Sampaio, 81","sg_subprefeitura":"SA","nm_subprefeitura":"Santo Amaro","cd_lote_servico":"6","tx_status_ponto_revitalizado":"Revitalizado","dt_atualizacao":"2021-12-08Z","tx_data_referencia":"1º quadrimestre 2021","dc_complemento_endereco":null}},{"type":"Feature","id":"ponto_revitalizado.1467","geometry":{"type":"Point","coordinates":[320444.6788,7391781.4363]},"geometry_name":"ge_ponto","properties":{"cd_identificador_ponto_revitalizado":1467,"nm_endereco":"Avenida Waldemar Roberto & Rua Ladislau Baena","sg_subprefeitura":"BT","nm_subprefeitura":"Butantã","cd_lote_servico":"5","tx_status_ponto_revitalizado":"Revitalizado","dt_atualizacao":"2021-12-08Z","tx_data_referencia":"1º quadrimestre 2021","dc_complemento_endereco":null}},{"type":"Feature","id":"ponto_revitalizado.1468","geometry":{"type":"Point","coordinates":[338298.0557,7397526.584]},"geometry_name":"ge_ponto","properties":{"cd_identificador_ponto_revitalizado":1468,"nm_endereco":"Rua Walter Ribeiro Novaes","sg_subprefeitura":"MG","nm_subprefeitura":"Vila Maria-Vila Guilherme","cd_lote_servico":"4","tx_status_ponto_revitalizado":"Revitalizado","dt_atualizacao":"2021-12-08Z","tx_data_referencia":"1º quadrimestre 2021","dc_complemento_endereco":null}},{"type":"Feature","id":"ponto_revitalizado.1469","geometry":{"type":"Point","coordinates":[357250.8753,7391614.6049]},"geometry_name":"ge_ponto","properties":{"cd_identificador_ponto_revitalizado":1469,"nm_endereco":"Rua Wilma Flôr & Rua Cavaleiro de Jorge","sg_subprefeitura":"CT","nm_subprefeitura":"Cidade Tiradentes","cd_lote_servico":"1","tx_status_ponto_revitalizado":"Revitalizado","dt_atualizacao":"2021-12-08Z","tx_data_referencia":"1º quadrimestre 2021","dc_complemento_endereco":null}},{"type":"Feature","id":"ponto_revitalizado.1470","geometry":{"type":"Point","coordinates":[357703.9646,7391467.4196]},"geometry_name":"ge_ponto","properties":{"cd_identificador_ponto_revitalizado":1470,"nm_endereco":"Rua Wilson Fernando São Carvalho, 11","sg_subprefeitura":"CT","nm_subprefeitura":"Cidade Tiradentes","cd_lote_servico":"1","tx_status_ponto_revitalizado":"Revitalizado","dt_atualizacao":"2021-12-08Z","tx_data_referencia":"1º quadrimestre 2021","dc_complemento_endereco":null}},{"type":"Feature","id":"ponto_revitalizado.1471","geometry":{"type":"Point","coordinates":[357781.2512,7391737.9367]},"geometry_name":"ge_ponto","properties":{"cd_identificador_ponto_revitalizado":1471,"nm_endereco":"Rua Wilson Fernando São Carvalho, 129","sg_subprefeitura":"CT","nm_subprefeitura":"Cidade Tiradentes","cd_lote_servico":"1","tx_status_ponto_revitalizado":"Revitalizado","dt_atualizacao":"2021-12-08Z","tx_data_referencia":"1º quadrimestre 2021","dc_complemento_endereco":null}},{"type":"Feature","id":"ponto_revitalizado.1472","geometry":{"type":"Point","coordinates":[357700.6024,7391487.7632]},"geometry_name":"ge_ponto","properties":{"cd_identificador_ponto_revitalizado":1472,"nm_endereco":"Rua Wilson Fernando São Carvalho, 20","sg_subprefeitura":"CT","nm_subprefeitura":"Cidade Tiradentes","cd_lote_servico":"1","tx_status_ponto_revitalizado":"Eliminado","dt_atualizacao":"2021-12-08Z","tx_data_referencia":"1º quadrimestre 2021","dc_complemento_endereco":null}},{"type":"Feature","id":"ponto_revitalizado.1473","geometry":{"type":"Point","coordinates":[357936.1573,7391783.6289]},"geometry_name":"ge_ponto","properties":{"cd_identificador_ponto_revitalizado":1473,"nm_endereco":"Rua Wilson Fernando São Carvalho, 51","sg_subprefeitura":"CT","nm_subprefeitura":"Cidade Tiradentes","cd_lote_servico":"1","tx_status_ponto_revitalizado":"Revitalizado","dt_atualizacao":"2021-12-08Z","tx_data_referencia":"1º quadrimestre 2021","dc_complemento_endereco":null}},{"type":"Feature","id":"ponto_revitalizado.1474","geometry":{"type":"Point","coordinates":[357754.4423,7391713.3128]},"geometry_name":"ge_ponto","properties":{"cd_identificador_ponto_revitalizado":1474,"nm_endereco":"Rua Wilson Fernando São Carvalho, 84","sg_subprefeitura":"CT","nm_subprefeitura":"Cidade Tiradentes","cd_lote_servico":"1","tx_status_ponto_revitalizado":"Eliminado","dt_atualizacao":"2021-12-08Z","tx_data_referencia":"1º quadrimestre 2021","dc_complemento_endereco":null}},{"type":"Feature","id":"ponto_revitalizado.1475","geometry":{"type":"Point","coordinates":[332600.9189,7394931.5626]},"geometry_name":"ge_ponto","properties":{"cd_identificador_ponto_revitalizado":1475,"nm_endereco":"Rua Coronel Xavier de Toledo & Rua 7 de Abril","sg_subprefeitura":"SE","nm_subprefeitura":"Sé","cd_lote_servico":"2","tx_status_ponto_revitalizado":"Revitalizado","dt_atualizacao":"2021-12-08Z","tx_data_referencia":"1º quadrimestre 2021","dc_complemento_endereco":null}},{"type":"Feature","id":"ponto_revitalizado.1476","geometry":{"type":"Point","coordinates":[329478.4377,7385834.7299]},"geometry_name":"ge_ponto","properties":{"cd_identificador_ponto_revitalizado":1476,"nm_endereco":"Rua Xavier Gouveia","sg_subprefeitura":"SA","nm_subprefeitura":"Santo Amaro","cd_lote_servico":"6","tx_status_ponto_revitalizado":"Revitalizado","dt_atualizacao":"2021-12-08Z","tx_data_referencia":"1º quadrimestre 2021","dc_complemento_endereco":null}},{"type":"Feature","id":"ponto_revitalizado.1477","geometry":{"type":"Point","coordinates":[350431.5744,7396151.2444]},"geometry_name":"ge_ponto","properties":{"cd_identificador_ponto_revitalizado":1477,"nm_endereco":"Rua Ximboré, 70","sg_subprefeitura":"IQ","nm_subprefeitura":"Itaquera","cd_lote_servico":"1","tx_status_ponto_revitalizado":"Revitalizado","dt_atualizacao":"2021-12-08Z","tx_data_referencia":"1º quadrimestre 2021","dc_complemento_endereco":null}},{"type":"Feature","id":"ponto_revitalizado.1478","geometry":{"type":"Point","coordinates":[321307.1385,7382966.6196]},"geometry_name":"ge_ponto","properties":{"cd_identificador_ponto_revitalizado":1478,"nm_endereco":"Rua Yoshimara Minamoto, 1314","sg_subprefeitura":"MB","nm_subprefeitura":"M'Boi Mirim","cd_lote_servico":"6","tx_status_ponto_revitalizado":"Revitalizado","dt_atualizacao":"2021-12-08Z","tx_data_referencia":"1º quadrimestre 2021","dc_complemento_endereco":null}},{"type":"Feature","id":"ponto_revitalizado.1479","geometry":{"type":"Point","coordinates":[321452.0353,7382798.9329]},"geometry_name":"ge_ponto","properties":{"cd_identificador_ponto_revitalizado":1479,"nm_endereco":"Rua Yoshimara Minamoto, 1550","sg_subprefeitura":"MB","nm_subprefeitura":"M'Boi Mirim","cd_lote_servico":"6","tx_status_ponto_revitalizado":"Revitalizado","dt_atualizacao":"2021-12-08Z","tx_data_referencia":"1º quadrimestre 2021","dc_complemento_endereco":null}},{"type":"Feature","id":"ponto_revitalizado.1480","geometry":{"type":"Point","coordinates":[333740.6558,7385227.0826]},"geometry_name":"ge_ponto","properties":{"cd_identificador_ponto_revitalizado":1480,"nm_endereco":"Rua Yoshio Takata","sg_subprefeitura":"IP","nm_subprefeitura":"Ipiranga","cd_lote_servico":"3","tx_status_ponto_revitalizado":"Revitalizado","dt_atualizacao":"2021-12-08Z","tx_data_referencia":"1º quadrimestre 2021","dc_complemento_endereco":null}},{"type":"Feature","id":"ponto_revitalizado.1481","geometry":{"type":"Point","coordinates":[342507.9666,7395595.267]},"geometry_name":"ge_ponto","properties":{"cd_identificador_ponto_revitalizado":1481,"nm_endereco":"Rua Zélia Ramos da Costa, 41","sg_subprefeitura":"AF","nm_subprefeitura":"Aricanduva","cd_lote_servico":"3","tx_status_ponto_revitalizado":"Revitalizado","dt_atualizacao":"2021-12-08Z","tx_data_referencia":"1º quadrimestre 2021","dc_complemento_endereco":null}},{"type":"Feature","id":"ponto_revitalizado.1482","geometry":{"type":"Point","coordinates":[342470.228,7395591.5385]},"geometry_name":"ge_ponto","properties":{"cd_identificador_ponto_revitalizado":1482,"nm_endereco":"Rua Coronel Marques, 659","sg_subprefeitura":"AF","nm_subprefeitura":"Aricanduva","cd_lote_servico":"3","tx_status_ponto_revitalizado":"Revitalizado","dt_atualizacao":"2021-12-08Z","tx_data_referencia":"1º quadrimestre 2021","dc_complemento_endereco":null}},{"type":"Feature","id":"ponto_revitalizado.1483","geometry":{"type":"Point","coordinates":[330408.0702,7400456.1906]},"geometry_name":"ge_ponto","properties":{"cd_identificador_ponto_revitalizado":1483,"nm_endereco":"Rua Zilda","sg_subprefeitura":"CV","nm_subprefeitura":"Casa Verde","cd_lote_servico":"4","tx_status_ponto_revitalizado":"Revitalizado","dt_atualizacao":"2021-12-08Z","tx_data_referencia":"1º quadrimestre 2021","dc_complemento_endereco":null}},{"type":"Feature","id":"ponto_revitalizado.1484","geometry":{"type":"Point","coordinates":[330388.1951,7380453.6394]},"geometry_name":"ge_ponto","properties":{"cd_identificador_ponto_revitalizado":1484,"nm_endereco":"Travessa Afonso Leroy & Rua Fanfula","sg_subprefeitura":"AD","nm_subprefeitura":"Cidade Ademar","cd_lote_servico":"3","tx_status_ponto_revitalizado":"Revitalizado","dt_atualizacao":"2021-12-08Z","tx_data_referencia":"1º quadrimestre 2021","dc_complemento_endereco":null}},{"type":"Feature","id":"ponto_revitalizado.1485","geometry":{"type":"Point","coordinates":[337762.5336,7386820.7139]},"geometry_name":"ge_ponto","properties":{"cd_identificador_ponto_revitalizado":1485,"nm_endereco":"Travessa Antônio Dellepiane, 92","sg_subprefeitura":"IP","nm_subprefeitura":"Ipiranga","cd_lote_servico":"3","tx_status_ponto_revitalizado":"Revitalizado","dt_atualizacao":"2021-12-08Z","tx_data_referencia":"1º quadrimestre 2021","dc_complemento_endereco":null}},{"type":"Feature","id":"ponto_revitalizado.1486","geometry":{"type":"Point","coordinates":[357930.6224,7391208.6091]},"geometry_name":"ge_ponto","properties":{"cd_identificador_ponto_revitalizado":1486,"nm_endereco":"Travessa Césare Zoilo, 35","sg_subprefeitura":"CT","nm_subprefeitura":"Cidade Tiradentes","cd_lote_servico":"1","tx_status_ponto_revitalizado":"Revitalizado","dt_atualizacao":"2021-12-08Z","tx_data_referencia":"1º quadrimestre 2021","dc_complemento_endereco":null}},{"type":"Feature","id":"ponto_revitalizado.1487","geometry":{"type":"Point","coordinates":[331283.6679,7403664.1623]},"geometry_name":"ge_ponto","properties":{"cd_identificador_ponto_revitalizado":1487,"nm_endereco":"Travessa do Quartzo, 15","sg_subprefeitura":"CV","nm_subprefeitura":"Casa Verde","cd_lote_servico":"4","tx_status_ponto_revitalizado":"Revitalizado","dt_atualizacao":"2021-12-08Z","tx_data_referencia":"1º quadrimestre 2021","dc_complemento_endereco":null}},{"type":"Feature","id":"ponto_revitalizado.1488","geometry":{"type":"Point","coordinates":[334596.7038,7388650.2309]},"geometry_name":"ge_ponto","properties":{"cd_identificador_ponto_revitalizado":1488,"nm_endereco":"Travessa Ilha de Santa Fé","sg_subprefeitura":"IP","nm_subprefeitura":"Ipiranga","cd_lote_servico":"3","tx_status_ponto_revitalizado":"Revitalizado","dt_atualizacao":"2021-12-08Z","tx_data_referencia":"1º quadrimestre 2021","dc_complemento_endereco":null}},{"type":"Feature","id":"ponto_revitalizado.1489","geometry":{"type":"Point","coordinates":[351899.9026,7398568.1814]},"geometry_name":"ge_ponto","properties":{"cd_identificador_ponto_revitalizado":1489,"nm_endereco":"Travessa Maria Pinto Labiapari, 299","sg_subprefeitura":"IQ","nm_subprefeitura":"Itaquera","cd_lote_servico":"1","tx_status_ponto_revitalizado":"Revitalizado","dt_atualizacao":"2021-12-08Z","tx_data_referencia":"1º quadrimestre 2021","dc_complemento_endereco":null}},{"type":"Feature","id":"ponto_revitalizado.1490","geometry":{"type":"Point","coordinates":[343143.7641,7388680.3535]},"geometry_name":"ge_ponto","properties":{"cd_identificador_ponto_revitalizado":1490,"nm_endereco":"Travessa Matico & Rua Formio","sg_subprefeitura":"VP","nm_subprefeitura":"Vila Prudente","cd_lote_servico":"3","tx_status_ponto_revitalizado":"Revitalizado","dt_atualizacao":"2021-12-08Z","tx_data_referencia":"1º quadrimestre 2021","dc_complemento_endereco":null}},{"type":"Feature","id":"ponto_revitalizado.1491","geometry":{"type":"Point","coordinates":[332789.4429,7394517.2868]},"geometry_name":"ge_ponto","properties":{"cd_identificador_ponto_revitalizado":1491,"nm_endereco":"Travessa Nochese & Rua Asdrúbal do Nascimento","sg_subprefeitura":"SE","nm_subprefeitura":"Sé","cd_lote_servico":"2","tx_status_ponto_revitalizado":"Revitalizado","dt_atualizacao":"2021-12-08Z","tx_data_referencia":"1º quadrimestre 2021","dc_complemento_endereco":null}},{"type":"Feature","id":"ponto_revitalizado.1492","geometry":{"type":"Point","coordinates":[331215.3179,7403628.6008]},"geometry_name":"ge_ponto","properties":{"cd_identificador_ponto_revitalizado":1492,"nm_endereco":"Travessa do Quartzo, 31","sg_subprefeitura":"CV","nm_subprefeitura":"Casa Verde","cd_lote_servico":"4","tx_status_ponto_revitalizado":"Revitalizado","dt_atualizacao":"2021-12-08Z","tx_data_referencia":"1º quadrimestre 2021","dc_complemento_endereco":null}},{"type":"Feature","id":"ponto_revitalizado.1493","geometry":{"type":"Point","coordinates":[319631.8662,7410245.0059]},"geometry_name":"ge_ponto","properties":{"cd_identificador_ponto_revitalizado":1493,"nm_endereco":"Travessa Tabuleiros de Valença & Rua João Pinto Ferreira","sg_subprefeitura":"PR","nm_subprefeitura":"Perus-Anhanguera","cd_lote_servico":"5","tx_status_ponto_revitalizado":"Revitalizado","dt_atualizacao":"2021-12-08Z","tx_data_referencia":"1º quadrimestre 2021","dc_complemento_endereco":null}},{"type":"Feature","id":"ponto_revitalizado.1494","geometry":{"type":"Point","coordinates":[352223.1301,7388009.8652]},"geometry_name":"ge_ponto","properties":{"cd_identificador_ponto_revitalizado":1494,"nm_endereco":"Travessa Tardes de Lindóia, 12","sg_subprefeitura":"SM","nm_subprefeitura":"São Mateus","cd_lote_servico":"1","tx_status_ponto_revitalizado":"Revitalizado","dt_atualizacao":"2021-12-08Z","tx_data_referencia":"1º quadrimestre 2021","dc_complemento_endereco":null}},{"type":"Feature","id":"ponto_revitalizado.1495","geometry":{"type":"Point","coordinates":[327810.8452,7404494.2851]},"geometry_name":"ge_ponto","properties":{"cd_identificador_ponto_revitalizado":1495,"nm_endereco":"Travessa Vancouver & Rua José da Cunha Ponte","sg_subprefeitura":"FB","nm_subprefeitura":"Freguesia Do Ó","cd_lote_servico":"4","tx_status_ponto_revitalizado":"Eliminado","dt_atualizacao":"2021-12-08Z","tx_data_referencia":"1º quadrimestre 2021","dc_complemento_endereco":null}},{"type":"Feature","id":"ponto_revitalizado.1496","geometry":{"type":"Point","coordinates":[328684.8373,7386616.5579]},"geometry_name":"ge_ponto","properties":{"cd_identificador_ponto_revitalizado":1496,"nm_endereco":"Viaduto Austregésilo de Athayde (baixos)","sg_subprefeitura":"SA","nm_subprefeitura":"Santo Amaro","cd_lote_servico":"6","tx_status_ponto_revitalizado":"Revitalizado","dt_atualizacao":"2021-12-08Z","tx_data_referencia":"1º quadrimestre 2021","dc_complemento_endereco":null}},{"type":"Feature","id":"ponto_revitalizado.1497","geometry":{"type":"Point","coordinates":[337656.1829,7390602.7895]},"geometry_name":"ge_ponto","properties":{"cd_identificador_ponto_revitalizado":1497,"nm_endereco":"Viaduto Grande São Paulo","sg_subprefeitura":"VP","nm_subprefeitura":"Vila Prudente","cd_lote_servico":"3","tx_status_ponto_revitalizado":"Revitalizado","dt_atualizacao":"2021-12-08Z","tx_data_referencia":"1º quadrimestre 2021","dc_complemento_endereco":null}},{"type":"Feature","id":"ponto_revitalizado.1498","geometry":{"type":"Point","coordinates":[328959.5948,7388058.061]},"geometry_name":"ge_ponto","properties":{"cd_identificador_ponto_revitalizado":1498,"nm_endereco":"Viaduto Santo Amaro & Avenida dos Bandeirantes","sg_subprefeitura":"SA","nm_subprefeitura":"Santo Amaro","cd_lote_servico":"6","tx_status_ponto_revitalizado":"Revitalizado","dt_atualizacao":"2021-12-08Z","tx_data_referencia":"1º quadrimestre 2021","dc_complemento_endereco":null}},{"type":"Feature","id":"ponto_revitalizado.1499","geometry":{"type":"Point","coordinates":[329495.1267,7387558.175]},"geometry_name":"ge_ponto","properties":{"cd_identificador_ponto_revitalizado":1499,"nm_endereco":"Avenida Vereador José Diniz, 4006","sg_subprefeitura":"SA","nm_subprefeitura":"Santo Amaro","cd_lote_servico":"6","tx_status_ponto_revitalizado":"Revitalizado","dt_atualizacao":"2021-12-08Z","tx_data_referencia":"1º quadrimestre 2021","dc_complemento_endereco":null}}],"totalFeatures":1499,"numberMatched":1499,"numberReturned":1499,"timeStamp":"2026-09-15T13:19:31.609Z","crs":{"type":"name","properties":{"name":"urn:ogc:def:crs:EPSG::31983"}}}